{
 "type": "FeatureCollection",
 "metadata": {
  "source": "OpenStreetMap (Overpass)",
  "fetched_at": "2026-06-13T09:32:17.764048+00:00",
  "bbox_south_west_north_east": [
   52.0,
   9.0,
   66.0,
   30.0
  ],
  "feature_count": 323
 },
 "features": [
  {
   "type": "Feature",
   "geometry": {
    "type": "Point",
    "coordinates": [
     14.5794398,
     52.2654238
    ]
   },
   "properties": {
    "operator": "E.DIS Netz GmbH",
    "operator:wikidata": "Q1273411",
    "power": "substation",
    "substation": "converter",
    "osm_id": "node/933477157"
   }
  },
  {
   "type": "Feature",
   "geometry": {
    "type": "Point",
    "coordinates": [
     21.0166277,
     64.8858363
    ]
   },
   "properties": {
    "power": "substation",
    "substation": "converter",
    "osm_id": "node/3603794583"
   }
  },
  {
   "type": "Feature",
   "geometry": {
    "type": "Point",
    "coordinates": [
     29.1829145,
     59.5883374
    ]
   },
   "properties": {
    "location": "outdoor",
    "power": "substation",
    "substation": "converter",
    "osm_id": "node/5929178245"
   }
  },
  {
   "type": "Feature",
   "geometry": {
    "type": "Point",
    "coordinates": [
     14.5041229,
     52.3429769
    ]
   },
   "properties": {
    "power": "converter",
    "osm_id": "node/6845178607"
   }
  },
  {
   "type": "Feature",
   "geometry": {
    "type": "Point",
    "coordinates": [
     9.9541751,
     52.3815054
    ]
   },
   "properties": {
    "converter": "motor_generator",
    "location": "indoor",
    "power": "converter",
    "osm_id": "node/7814198791"
   }
  },
  {
   "type": "Feature",
   "geometry": {
    "type": "Point",
    "coordinates": [
     9.4042642,
     53.430771
    ]
   },
   "properties": {
    "building": "house",
    "name": "UW Wohlerst",
    "power": "substation",
    "substation": "converter",
    "osm_id": "node/8976447407"
   }
  },
  {
   "type": "Feature",
   "geometry": {
    "type": "Point",
    "coordinates": [
     26.0777718,
     52.1328204
    ]
   },
   "properties": {
    "converter": "back-to-back",
    "frequency": "50",
    "man_made": "street_cabinet",
    "poles": "monopole",
    "power": "converter",
    "ref": "\u0418\u041f\u0417\u041a-\u041c-\u0420\u0410-0.6-\u0415-\u04225-\u04231",
    "utility": "power",
    "voltage": "600",
    "osm_id": "node/10839514704"
   }
  },
  {
   "type": "Feature",
   "geometry": {
    "type": "Point",
    "coordinates": [
     26.1148195,
     52.1199336
    ]
   },
   "properties": {
    "power": "converter",
    "osm_id": "node/10980086369"
   }
  },
  {
   "type": "Feature",
   "geometry": {
    "type": "Point",
    "coordinates": [
     26.0961033,
     52.1284102
    ]
   },
   "properties": {
    "colour": "silver",
    "frequency": "50",
    "man_made": "street_cabinet",
    "manufacturer": "\u041e\u041e\u041e \"\u0417\u0430\u0432\u043e\u0434 \u043d\u0435\u0444\u0442\u0435\u0433\u0430\u0437\u043e\u0432\u043e\u0439 \u043f\u0430\u0430\u043f\u0440\u0430\u0442\u0443\u0440\u044b \u0410\u041d\u041e\u0414\u042a\"",
    "name": "\u0406\u043c\u043f\u0443\u043b\u044c\u0441\u043d\u044b \u043f\u0435\u0440\u0430\u045e\u0442\u0432\u0430\u0440\u0430\u043b\u044c\u043d\u0456\u043a \u043a\u0430\u0442\u043e\u0434\u043d\u0430\u0439 \u0430\u0431\u0430\u0440\u043e\u043d\u044b \u043c\u0430\u0434\u044b\u0444\u0456\u043a\u0430\u0432\u0430\u043d\u044b",
    "name:be": "\u0406\u043c\u043f\u0443\u043b\u044c\u0441\u043d\u044b \u043f\u0435\u0440\u0430\u045e\u0442\u0432\u0430\u0440\u0430\u043b\u044c\u043d\u0456\u043a \u043a\u0430\u0442\u043e\u0434\u043d\u0430\u0439 \u0430\u0431\u0430\u0440\u043e\u043d\u044b \u043c\u0430\u0434\u044b\u0444\u0456\u043a\u0430\u0432\u0430\u043d\u044b",
    "name:ru": "\u0418\u043c\u043f\u0443\u043b\u044c\u0441\u043d\u044b\u0439 \u043f\u0440\u0435\u043e\u0431\u0440\u0430\u0437\u043e\u0432\u0430\u0442\u0435\u043b\u044c \u043a\u0430\u0442\u043e\u0434\u043d\u043e\u0439 \u0437\u0430\u0449\u0438\u0442\u044b \u043c\u043e\u0434\u0438\u0444\u0438\u0446\u0438\u0440\u043e\u0432\u0430\u043d\u043d\u044b\u0439",
    "power": "converter",
    "ref": "\u0418\u041f\u041a\u0417-\u041c-\u0420\u0410-0,6-\u04231",
    "utility": "power",
    "voltage": "220",
    "osm_id": "node/11047883207"
   }
  },
  {
   "type": "Feature",
   "geometry": {
    "type": "Point",
    "coordinates": [
     26.0672682,
     52.1143758
    ]
   },
   "properties": {
    "colour": "silver",
    "frequency": "50",
    "man_made": "street_cabinet",
    "manufacturer": "\u041e\u041e\u041e \"\u0417\u0430\u0432\u043e\u0434 \u043d\u0435\u0444\u0442\u0435\u0433\u0430\u0437\u043e\u0432\u043e\u0439 \u0430\u043f\u043f\u0430\u0440\u0430\u0442\u0443\u0440\u044b \u0410\u041d\u041e\u0414\u042a\"",
    "name": "\u0406\u043c\u043f\u0443\u043b\u044c\u0441\u043d\u044b \u043f\u0435\u0440\u0430\u045e\u0442\u0432\u0430\u0440\u0430\u043b\u044c\u043d\u0456\u043a \u043a\u0430\u0442\u043e\u0434\u043d\u0430\u0439 \u0430\u0431\u0430\u0440\u043e\u043d\u044b \u0406\u041f\u041a\u0410-\u041c-\u0420\u0410-0,6-\u04231",
    "name:be": "\u0406\u043c\u043f\u0443\u043b\u044c\u0441\u043d\u044b \u043f\u0435\u0440\u0430\u045e\u0442\u0432\u0430\u0440\u0430\u043b\u044c\u043d\u0456\u043a \u043a\u0430\u0442\u043e\u0434\u043d\u0430\u0439 \u0430\u0431\u0430\u0440\u043e\u043d\u044b \u0406\u041f\u041a\u0410-\u041c-\u0420\u0410-0,6-\u04231",
    "name:ru": "\u0418\u043c\u043f\u0443\u043b\u044c\u0441\u043d\u044b\u0439 \u043f\u0440\u0435\u043e\u0431\u0440\u0430\u0437\u043e\u0432\u0430\u0442\u0435\u043b\u044c \u043a\u0430\u0442\u043e\u0434\u043d\u043e\u0439 \u0437\u0430\u0449\u0438\u0442\u044b \u0418\u041f\u041a\u0417-\u041c-\u0420\u0410-0,6-\u04231",
    "operator": "\u041f\u0423 \"\u041f\u0438\u043d\u0441\u043a\u0433\u0430\u0437\"",
    "power": "converter",
    "ref": "20DF05537",
    "start_date": "06.2020",
    "utility": "power",
    "voltage": "220",
    "osm_id": "node/11123544126"
   }
  },
  {
   "type": "Feature",
   "geometry": {
    "type": "Point",
    "coordinates": [
     26.0892235,
     52.1655484
    ]
   },
   "properties": {
    "converter": "back-to-back",
    "frequency": "50",
    "man_made": "street_cabinet",
    "poles": "monopole",
    "power": "converter",
    "ref": "\u0418\u041f\u0417\u041a-\u041c-\u0420\u0410-0.6-\u0415-\u04225-\u04231",
    "utility": "power",
    "voltage": "600",
    "osm_id": "node/11197370488"
   }
  },
  {
   "type": "Feature",
   "geometry": {
    "type": "Point",
    "coordinates": [
     26.1144057,
     52.1336198
    ]
   },
   "properties": {
    "converter": "vsc",
    "frequency": "50",
    "man_made": "street_cabinet",
    "manufacturer": "\u041e\u041e\u041e \"\u0417\u0430\u0432\u043e\u0434 \u043d\u0435\u0444\u0442\u0435\u0433\u0430\u0437\u043e\u0432\u043e\u0439 \u0430\u043f\u043f\u0430\u0440\u0430\u0442\u0443\u0440\u044b \"\u0410\u041d\u041e\u0414\u042a\"",
    "name": "\u0418\u043c\u043f\u0443\u043b\u044c\u0441\u043d\u044b\u0439 \u043f\u0440\u0435\u043e\u0431\u0440\u0430\u0437\u043e\u0432\u0430\u0442\u0435\u043b\u044c \u043a\u0430\u0442\u043e\u0434\u043d\u043e\u0439 \u0437\u0430\u0449\u0438\u0442\u044b \u0418\u041f\u041a\u0417-\u041c-\u0420\u0410-0.6-\u0415-\u04225-\u04231",
    "name:ru": "\u0418\u043c\u043f\u0443\u043b\u044c\u0441\u043d\u044b\u0439 \u043f\u0440\u0435\u043e\u0431\u0440\u0430\u0437\u043e\u0432\u0430\u0442\u0435\u043b\u044c \u043a\u0430\u0442\u043e\u0434\u043d\u043e\u0439 \u0437\u0430\u0449\u0438\u0442\u044b \u0418\u041f\u041a\u0417-\u041c-\u0420\u0410-0.6-\u0415-\u04225-\u04231",
    "operator": "\u041f\u0423 \"\u041f\u0438\u043d\u0441\u043a\u0433\u0430\u0437\"",
    "power": "converter",
    "ref": "22GF07453",
    "start_date": "2022-08",
    "utility": "power",
    "voltage": "220",
    "osm_id": "node/11212033279"
   }
  },
  {
   "type": "Feature",
   "geometry": {
    "type": "Point",
    "coordinates": [
     26.0689111,
     52.1304944
    ]
   },
   "properties": {
    "colour": "gray",
    "description": "P\u0432\u044b\u0445=600W; IP 64; \u041c\u0430\u0441\u0441\u0430 \u043d\u0435 \u0431\u043e\u043b\u0435\u0435 36 \u043a\u0433. \u0417\u0430\u0432. \u211621DF06358; \u0422\u0423 3415-011-73892839-2011",
    "frequency": "50",
    "man_made": "street_cabinet",
    "manufacturer": "\u041e\u041e\u041e \"\u0417\u0430\u0432\u043e\u0434 \u043d\u0435\u0444\u0442\u0435\u0433\u0430\u0437\u043e\u0432\u043e\u0439 \u0430\u043f\u043f\u0430\u0440\u0430\u0442\u0443\u0440\u044b \u0410\u041d\u041e\u0414\u042a\"",
    "name": "\u041f\u0440\u0435\u043e\u0431\u0440\u0430\u0437\u043e\u0432\u0430\u0442\u0435\u043b\u044c \u0418\u041f\u041a\u0417-\u041c-\u0420\u0410-0.6-\u04231",
    "name:ru": "\u041f\u0440\u0435\u043e\u0431\u0440\u0430\u0437\u043e\u0432\u0430\u0442\u0435\u043b\u044c \u0418\u041f\u041a\u0417-\u041c-\u0420\u0410-0.6-\u04231",
    "operator": "\u041f\u0423 \"\u041f\u0438\u043d\u0441\u043a\u0433\u0430\u0437\"",
    "power": "converter",
    "start_date": "2021-04",
    "utility": "power",
    "voltage": "400",
    "osm_id": "node/11289141734"
   }
  },
  {
   "type": "Feature",
   "geometry": {
    "type": "Point",
    "coordinates": [
     26.0715866,
     52.1302173
    ]
   },
   "properties": {
    "colour": "gray",
    "description": "P\u0432\u044b\u0445=600W; IP 64; \u041c\u0430\u0441\u0441\u0430 \u043d\u0435 \u0431\u043e\u043b\u0435\u0435 36 \u043a\u0433. \u0417\u0430\u0432. \u211621DF06358; \u0422\u0423 3415-011-73892839-2011",
    "frequency": "50",
    "man_made": "street_cabinet",
    "manufacturer": "\u041e\u041e\u041e \"\u0417\u0430\u0432\u043e\u0434 \u043d\u0435\u0444\u0442\u0435\u0433\u0430\u0437\u043e\u0432\u043e\u0439 \u0430\u043f\u043f\u0430\u0440\u0430\u0442\u0443\u0440\u044b \u0410\u041d\u041e\u0414\u042a\"",
    "name": "\u041f\u0440\u0435\u043e\u0431\u0440\u0430\u0437\u043e\u0432\u0430\u0442\u0435\u043b\u044c \u0418\u041f\u041a\u0417-\u041c-\u0420\u0410-0.6-\u04231",
    "name:ru": "\u041f\u0440\u0435\u043e\u0431\u0440\u0430\u0437\u043e\u0432\u0430\u0442\u0435\u043b\u044c \u0418\u041f\u041a\u0417-\u041c-\u0420\u0410-0.6-\u04231",
    "operator": "\u041f\u0423 \"\u041f\u0438\u043d\u0441\u043a\u0433\u0430\u0437\"",
    "power": "converter",
    "start_date": "2021-04",
    "utility": "power",
    "voltage": "400",
    "osm_id": "node/11289141753"
   }
  },
  {
   "type": "Feature",
   "geometry": {
    "type": "Point",
    "coordinates": [
     26.0708376,
     52.1330731
    ]
   },
   "properties": {
    "colour": "gray",
    "description": "P\u0432\u044b\u0445=600W; IP 64; \u041c\u0430\u0441\u0441\u0430 \u043d\u0435 \u0431\u043e\u043b\u0435\u0435 36 \u043a\u0433. \u0417\u0430\u0432. \u211621DF06358; \u0422\u0423 3415-011-73892839-2011",
    "frequency": "50",
    "man_made": "street_cabinet",
    "manufacturer": "\u041e\u041e\u041e \"\u0417\u0430\u0432\u043e\u0434 \u043d\u0435\u0444\u0442\u0435\u0433\u0430\u0437\u043e\u0432\u043e\u0439 \u0430\u043f\u043f\u0430\u0440\u0430\u0442\u0443\u0440\u044b \u0410\u041d\u041e\u0414\u042a\"",
    "name": "\u041f\u0440\u0435\u043e\u0431\u0440\u0430\u0437\u043e\u0432\u0430\u0442\u0435\u043b\u044c \u0418\u041f\u041a\u0417-\u041c-\u0420\u0410-0.6-\u04231",
    "name:ru": "\u041f\u0440\u0435\u043e\u0431\u0440\u0430\u0437\u043e\u0432\u0430\u0442\u0435\u043b\u044c \u0418\u041f\u041a\u0417-\u041c-\u0420\u0410-0.6-\u04231",
    "operator": "\u041f\u0423 \"\u041f\u0438\u043d\u0441\u043a\u0433\u0430\u0437\"",
    "power": "converter",
    "start_date": "2021-04",
    "utility": "power",
    "voltage": "400",
    "osm_id": "node/11289159523"
   }
  },
  {
   "type": "Feature",
   "geometry": {
    "type": "Point",
    "coordinates": [
     26.1001344,
     52.1112478
    ]
   },
   "properties": {
    "colour": "gray",
    "description": "P\u0432\u044b\u0445=600W; IP 64; \u041c\u0430\u0441\u0441\u0430 \u043d\u0435 \u0431\u043e\u043b\u0435\u0435 36 \u043a\u0433. \u0417\u0430\u0432. \u211621DF06358; \u0422\u0423 3415-011-73892839-2011",
    "frequency": "50",
    "man_made": "street_cabinet",
    "manufacturer": "\u041e\u041e\u041e \"\u0417\u0430\u0432\u043e\u0434 \u043d\u0435\u0444\u0442\u0435\u0433\u0430\u0437\u043e\u0432\u043e\u0439 \u0430\u043f\u043f\u0430\u0440\u0430\u0442\u0443\u0440\u044b \u0410\u041d\u041e\u0414\u042a\"",
    "name": "\u041f\u0440\u0435\u043e\u0431\u0440\u0430\u0437\u043e\u0432\u0430\u0442\u0435\u043b\u044c \u0418\u041f\u041a\u0417-\u041c-\u0420\u0410-0.6-\u04231",
    "name:ru": "\u041f\u0440\u0435\u043e\u0431\u0440\u0430\u0437\u043e\u0432\u0430\u0442\u0435\u043b\u044c \u0418\u041f\u041a\u0417-\u041c-\u0420\u0410-0.6-\u04231",
    "operator": "\u041f\u0423 \"\u041f\u0438\u043d\u0441\u043a\u0433\u0430\u0437\"",
    "power": "converter",
    "start_date": "2021-04",
    "utility": "power",
    "voltage": "400",
    "osm_id": "node/11330710521"
   }
  },
  {
   "type": "Feature",
   "geometry": {
    "type": "Point",
    "coordinates": [
     26.1021852,
     52.1405259
    ]
   },
   "properties": {
    "colour": "gray",
    "description": "P\u0432\u044b\u0445=600W; IP 64; \u041c\u0430\u0441\u0441\u0430 \u043d\u0435 \u0431\u043e\u043b\u0435\u0435 36 \u043a\u0433. \u0417\u0430\u0432. \u211621DF06358; \u0422\u0423 3415-011-73892839-2011",
    "frequency": "50",
    "man_made": "street_cabinet",
    "manufacturer": "\u041e\u041e\u041e \"\u0417\u0430\u0432\u043e\u0434 \u043d\u0435\u0444\u0442\u0435\u0433\u0430\u0437\u043e\u0432\u043e\u0439 \u0430\u043f\u043f\u0430\u0440\u0430\u0442\u0443\u0440\u044b \u0410\u041d\u041e\u0414\u042a\"",
    "name": "\u041f\u0440\u0435\u043e\u0431\u0440\u0430\u0437\u043e\u0432\u0430\u0442\u0435\u043b\u044c \u0418\u041f\u041a\u0417-\u041c-\u0420\u0410-0.6-\u04231",
    "name:ru": "\u041f\u0440\u0435\u043e\u0431\u0440\u0430\u0437\u043e\u0432\u0430\u0442\u0435\u043b\u044c \u0418\u041f\u041a\u0417-\u041c-\u0420\u0410-0.6-\u04231",
    "operator": "\u041f\u0423 \"\u041f\u0438\u043d\u0441\u043a\u0433\u0430\u0437\"",
    "power": "converter",
    "start_date": "2021-04",
    "utility": "power",
    "voltage": "400",
    "osm_id": "node/11442988969"
   }
  },
  {
   "type": "Feature",
   "geometry": {
    "type": "Point",
    "coordinates": [
     25.9747186,
     52.1270814
    ]
   },
   "properties": {
    "colour": "gray",
    "description": "P\u0432\u044b\u0445=600W; IP 64; \u041c\u0430\u0441\u0441\u0430 \u043d\u0435 \u0431\u043e\u043b\u0435\u0435 36 \u043a\u0433. \u0417\u0430\u0432. \u211621DF06358; \u0422\u0423 3415-011-73892839-2011",
    "frequency": "50",
    "man_made": "street_cabinet",
    "manufacturer": "\u041e\u041e\u041e \"\u0417\u0430\u0432\u043e\u0434 \u043d\u0435\u0444\u0442\u0435\u0433\u0430\u0437\u043e\u0432\u043e\u0439 \u0430\u043f\u043f\u0430\u0440\u0430\u0442\u0443\u0440\u044b \u0410\u041d\u041e\u0414\u042a\"",
    "name": "\u041f\u0440\u0435\u043e\u0431\u0440\u0430\u0437\u043e\u0432\u0430\u0442\u0435\u043b\u044c \u0418\u041f\u041a\u0417-\u041c-\u0420\u0410-0.6-\u04231",
    "name:ru": "\u041f\u0440\u0435\u043e\u0431\u0440\u0430\u0437\u043e\u0432\u0430\u0442\u0435\u043b\u044c \u0418\u041f\u041a\u0417-\u041c-\u0420\u0410-0.6-\u04231",
    "operator": "\u041f\u0423 \"\u041f\u0438\u043d\u0441\u043a\u0433\u0430\u0437\"",
    "power": "converter",
    "start_date": "2021-04",
    "utility": "power",
    "voltage": "400",
    "osm_id": "node/11634799145"
   }
  },
  {
   "type": "Feature",
   "geometry": {
    "type": "Point",
    "coordinates": [
     25.9760597,
     52.1267109
    ]
   },
   "properties": {
    "colour": "gray",
    "description": "P\u0432\u044b\u0445=600W; IP 64; \u041c\u0430\u0441\u0441\u0430 \u043d\u0435 \u0431\u043e\u043b\u0435\u0435 36 \u043a\u0433. \u0417\u0430\u0432. \u211621DF06358; \u0422\u0423 3415-011-73892839-2011",
    "frequency": "50",
    "man_made": "street_cabinet",
    "manufacturer": "\u041e\u041e\u041e \"\u0417\u0430\u0432\u043e\u0434 \u043d\u0435\u0444\u0442\u0435\u0433\u0430\u0437\u043e\u0432\u043e\u0439 \u0430\u043f\u043f\u0430\u0440\u0430\u0442\u0443\u0440\u044b \u0410\u041d\u041e\u0414\u042a\"",
    "name": "\u041f\u0440\u0435\u043e\u0431\u0440\u0430\u0437\u043e\u0432\u0430\u0442\u0435\u043b\u044c \u0418\u041f\u041a\u0417-\u041c-\u0420\u0410-0.6-\u04231",
    "name:ru": "\u041f\u0440\u0435\u043e\u0431\u0440\u0430\u0437\u043e\u0432\u0430\u0442\u0435\u043b\u044c \u0418\u041f\u041a\u0417-\u041c-\u0420\u0410-0.6-\u04231",
    "operator": "\u041f\u0423 \"\u041f\u0438\u043d\u0441\u043a\u0433\u0430\u0437\"",
    "power": "converter",
    "start_date": "2021-04",
    "utility": "power",
    "voltage": "400",
    "osm_id": "node/11634799146"
   }
  },
  {
   "type": "Feature",
   "geometry": {
    "type": "Point",
    "coordinates": [
     25.9763588,
     52.1265594
    ]
   },
   "properties": {
    "colour": "gray",
    "description": "P\u0432\u044b\u0445=600W; IP 64; \u041c\u0430\u0441\u0441\u0430 \u043d\u0435 \u0431\u043e\u043b\u0435\u0435 36 \u043a\u0433. \u0417\u0430\u0432. \u211621DF06358; \u0422\u0423 3415-011-73892839-2011",
    "frequency": "50",
    "man_made": "street_cabinet",
    "manufacturer": "\u041e\u041e\u041e \"\u0417\u0430\u0432\u043e\u0434 \u043d\u0435\u0444\u0442\u0435\u0433\u0430\u0437\u043e\u0432\u043e\u0439 \u0430\u043f\u043f\u0430\u0440\u0430\u0442\u0443\u0440\u044b \u0410\u041d\u041e\u0414\u042a\"",
    "name": "\u041f\u0440\u0435\u043e\u0431\u0440\u0430\u0437\u043e\u0432\u0430\u0442\u0435\u043b\u044c \u0418\u041f\u041a\u0417-\u041c-\u0420\u0410-0.6-\u04231",
    "name:ru": "\u041f\u0440\u0435\u043e\u0431\u0440\u0430\u0437\u043e\u0432\u0430\u0442\u0435\u043b\u044c \u0418\u041f\u041a\u0417-\u041c-\u0420\u0410-0.6-\u04231",
    "operator": "\u041f\u0423 \"\u041f\u0438\u043d\u0441\u043a\u0433\u0430\u0437\"",
    "power": "converter",
    "start_date": "2021-04",
    "street_cabinet": "gas",
    "utility": "power",
    "voltage": "400",
    "osm_id": "node/11634799202"
   }
  },
  {
   "type": "Feature",
   "geometry": {
    "type": "Point",
    "coordinates": [
     26.1122539,
     52.1234671
    ]
   },
   "properties": {
    "power": "converter",
    "osm_id": "node/13108452409"
   }
  },
  {
   "type": "Feature",
   "geometry": {
    "type": "Point",
    "coordinates": [
     15.8547666,
     56.7677599
    ]
   },
   "properties": {
    "converter": "vsc",
    "name": "Nordbalt",
    "power": "converter",
    "website": "https://www.svk.se/natutveckling/utbyggnadsprojekt/nordbalt/",
    "osm_id": "node/13141709665"
   }
  },
  {
   "type": "Feature",
   "geometry": {
    "type": "LineString",
    "coordinates": [
     [
      25.3722744,
      60.3776046
     ],
     [
      25.3714149,
      60.3783926
     ],
     [
      25.3707379,
      60.378535
     ],
     [
      25.3693215,
      60.3794012
     ],
     [
      25.3688893,
      60.3797785
     ],
     [
      25.3681017,
      60.3795885
     ],
     [
      25.3678954,
      60.3795388
     ],
     [
      25.3678234,
      60.3794771
     ],
     [
      25.3675003,
      60.3793902
     ],
     [
      25.3668438,
      60.3792137
     ],
     [
      25.3668102,
      60.3791781
     ],
     [
      25.3664683,
      60.3790927
     ],
     [
      25.3641886,
      60.3785231
     ],
     [
      25.3630218,
      60.3770706
     ],
     [
      25.3642798,
      60.3758127
     ],
     [
      25.3654544,
      60.3759281
     ],
     [
      25.3656819,
      60.3759504
     ],
     [
      25.3658211,
      60.3758626
     ],
     [
      25.3697632,
      60.376323
     ],
     [
      25.3693695,
      60.3767384
     ],
     [
      25.369504,
      60.3768244
     ],
     [
      25.3696143,
      60.376895
     ],
     [
      25.3722744,
      60.3776046
     ]
    ]
   },
   "properties": {
    "barrier": "fence",
    "name": "Anttilan s\u00e4hk\u00f6asema",
    "name:en": "Anttila power station",
    "name:fi": "Anttilan s\u00e4hk\u00f6asema",
    "power": "substation",
    "substation": "converter",
    "voltage": "400000;110000",
    "osm_id": "way/26619335"
   }
  },
  {
   "type": "Feature",
   "geometry": {
    "type": "LineString",
    "coordinates": [
     [
      13.146047,
      55.5016468
     ],
     [
      13.1459903,
      55.501684
     ],
     [
      13.1456106,
      55.5019334
     ],
     [
      13.1451022,
      55.5016761
     ],
     [
      13.1449336,
      55.5015908
     ],
     [
      13.1453206,
      55.5013335
     ],
     [
      13.1445544,
      55.5009459
     ],
     [
      13.1432099,
      55.5018106
     ],
     [
      13.1448836,
      55.5026224
     ],
     [
      13.1447634,
      55.502696
     ],
     [
      13.1458618,
      55.5032335
     ],
     [
      13.1473368,
      55.5022974
     ],
     [
      13.146047,
      55.5016468
     ]
    ]
   },
   "properties": {
    "barrier": "fence",
    "name:en": "Kruseberg Substation",
    "power": "substation",
    "substation": "converter",
    "voltage": "400000;130000",
    "osm_id": "way/28390455"
   }
  },
  {
   "type": "Feature",
   "geometry": {
    "type": "LineString",
    "coordinates": [
     [
      17.0628618,
      60.4242706
     ],
     [
      17.0622396,
      60.42579
     ],
     [
      17.0615268,
      60.4257201
     ],
     [
      17.0588998,
      60.4254641
     ],
     [
      17.058469,
      60.4249308
     ],
     [
      17.0587973,
      60.4239019
     ],
     [
      17.0592528,
      60.423935
     ],
     [
      17.05941,
      60.424074
     ],
     [
      17.0608423,
      60.4241453
     ],
     [
      17.0612355,
      60.4241132
     ],
     [
      17.0628618,
      60.4242706
     ]
    ]
   },
   "properties": {
    "frequency": "50",
    "name": "Finnb\u00f6le",
    "power": "substation",
    "substation": "converter",
    "voltage": "400000",
    "osm_id": "way/41906390"
   }
  },
  {
   "type": "Feature",
   "geometry": {
    "type": "Polygon",
    "coordinates": [
     [
      [
       24.5508925,
       60.2037598
      ],
      [
       24.5508456,
       60.2039267
      ],
      [
       24.5509568,
       60.2039357
      ],
      [
       24.5509139,
       60.204069
      ],
      [
       24.5514611,
       60.2041117
      ],
      [
       24.5514826,
       60.204021
      ],
      [
       24.5520619,
       60.2040637
      ],
      [
       24.5520726,
       60.2040317
      ],
      [
       24.5523945,
       60.204053
      ],
      [
       24.5524481,
       60.2038931
      ],
      [
       24.5521163,
       60.2038646
      ],
      [
       24.5521266,
       60.2038165
      ],
      [
       24.5516076,
       60.2037758
      ],
      [
       24.5515914,
       60.2038196
      ],
      [
       24.5512682,
       60.2037919
      ],
      [
       24.5508925,
       60.2037598
      ]
     ]
    ]
   },
   "properties": {
    "building": "yes",
    "name": "Espoon tasavirta-asema",
    "name:en": "HVDC Estlink",
    "operator": "Fingrid",
    "operator:wikidata": "Q1417185",
    "operator:wikipedia": "fi:Fingrid",
    "power": "converter",
    "osm_id": "way/55604112"
   }
  },
  {
   "type": "Feature",
   "geometry": {
    "type": "Polygon",
    "coordinates": [
     [
      [
       11.3864066,
       53.5945709
      ],
      [
       11.386301,
       53.594584
      ],
      [
       11.3864103,
       53.5948951
      ],
      [
       11.3866118,
       53.5948702
      ],
      [
       11.3866272,
       53.5949141
      ],
      [
       11.3869094,
       53.5948792
      ],
      [
       11.3868927,
       53.5948317
      ],
      [
       11.3870823,
       53.5948082
      ],
      [
       11.3869686,
       53.5944845
      ],
      [
       11.3868694,
       53.5944967
      ],
      [
       11.386861,
       53.5944728
      ],
      [
       11.3868487,
       53.594438
      ],
      [
       11.3868264,
       53.5944408
      ],
      [
       11.3868082,
       53.594443
      ],
      [
       11.3867237,
       53.5944535
      ],
      [
       11.3867067,
       53.5944556
      ],
      [
       11.3865629,
       53.5944733
      ],
      [
       11.3865406,
       53.5944761
      ],
      [
       11.3864549,
       53.5944867
      ],
      [
       11.3863803,
       53.5944959
      ],
      [
       11.3864066,
       53.5945709
      ]
     ]
    ]
   },
   "properties": {
    "building": "service",
    "building:levels": "1",
    "converter": "motor_generator",
    "description": "Drei rotierende Umformer mit je 8 MW",
    "frequency": "50;16.67",
    "height": "7",
    "operator": "DB Energie GmbH",
    "operator:wikidata": "Q1152043",
    "power": "converter",
    "roof:shape": "flat",
    "voltage": "6300;5100",
    "osm_id": "way/88141117"
   }
  },
  {
   "type": "Feature",
   "geometry": {
    "type": "Polygon",
    "coordinates": [
     [
      [
       13.8728597,
       53.3331754
      ],
      [
       13.8727876,
       53.333132
      ],
      [
       13.8727489,
       53.3331578
      ],
      [
       13.8726811,
       53.3332031
      ],
      [
       13.8725674,
       53.3332764
      ],
      [
       13.8725152,
       53.3333145
      ],
      [
       13.8724774,
       53.333342
      ],
      [
       13.8725489,
       53.3333812
      ],
      [
       13.8726583,
       53.3334412
      ],
      [
       13.8729679,
       53.3332404
      ],
      [
       13.8728597,
       53.3331754
      ]
     ]
    ]
   },
   "properties": {
    "building": "industrial",
    "building:levels": "2",
    "converter": "motor_generator",
    "description": "Drei rotierende Umformer mit je 8 MW",
    "frequency": "50;16.67",
    "operator": "DB Energie GmbH",
    "power": "converter",
    "roof:colour": "grey",
    "roof:shape": "flat",
    "source": "Bing",
    "voltage:primary": "6300",
    "voltage:secondary": "5100",
    "osm_id": "way/88214271"
   }
  },
  {
   "type": "Feature",
   "geometry": {
    "type": "LineString",
    "coordinates": [
     [
      17.3656323,
      62.3738397
     ],
     [
      17.3664545,
      62.3739933
     ],
     [
      17.3667066,
      62.3739572
     ],
     [
      17.3671693,
      62.3741818
     ],
     [
      17.3674643,
      62.3740239
     ],
     [
      17.3679095,
      62.3738074
     ],
     [
      17.3681187,
      62.3735463
     ],
     [
      17.3663324,
      62.3732204
     ],
     [
      17.3662627,
      62.3732726
     ],
     [
      17.3659837,
      62.3732254
     ],
     [
      17.3658657,
      62.3733721
     ],
     [
      17.3656323,
      62.3738397
     ]
    ]
   },
   "properties": {
    "name": "Likriktare",
    "power": "substation",
    "substation": "converter",
    "voltage": "130000",
    "osm_id": "way/89834467"
   }
  },
  {
   "type": "Feature",
   "geometry": {
    "type": "LineString",
    "coordinates": [
     [
      21.258746,
      55.6825835
     ],
     [
      21.258779,
      55.6827456
     ],
     [
      21.2589452,
      55.68356
     ],
     [
      21.2563928,
      55.6837095
     ],
     [
      21.2562582,
      55.6828818
     ],
     [
      21.2557154,
      55.6827919
     ],
     [
      21.255672,
      55.6825785
     ],
     [
      21.2552052,
      55.6825468
     ],
     [
      21.2550437,
      55.6807305
     ],
     [
      21.2551632,
      55.680593
     ],
     [
      21.2574066,
      55.6804663
     ],
     [
      21.257475,
      55.6808862
     ],
     [
      21.2602096,
      55.6807198
     ],
     [
      21.2603974,
      55.6816277
     ],
     [
      21.26055,
      55.6824632
     ],
     [
      21.258746,
      55.6825835
     ]
    ]
   },
   "properties": {
    "barrier": "fence",
    "name": "Klaip\u0117dos TP",
    "power": "substation",
    "substation": "converter",
    "voltage": "330000;110000;10000",
    "osm_id": "way/90098783"
   }
  },
  {
   "type": "Feature",
   "geometry": {
    "type": "Polygon",
    "coordinates": [
     [
      [
       9.5669063,
       56.4795834
      ],
      [
       9.5666137,
       56.4796404
      ],
      [
       9.5664192,
       56.4796783
      ],
      [
       9.5661286,
       56.4797368
      ],
      [
       9.5662168,
       56.4798733
      ],
      [
       9.5669945,
       56.4797199
      ],
      [
       9.5669063,
       56.4795834
      ]
     ]
    ]
   },
   "properties": {
    "building": "yes",
    "frequency": "0",
    "name": "Cross-Skagerrak Pole 1+2",
    "poles": "bipole",
    "power": "converter",
    "rating": "540 MW",
    "voltage": "250000",
    "osm_id": "way/97758977"
   }
  },
  {
   "type": "Feature",
   "geometry": {
    "type": "Polygon",
    "coordinates": [
     [
      [
       9.5661674,
       56.4783795
      ],
      [
       9.5658887,
       56.4784318
      ],
      [
       9.5659342,
       56.4785058
      ],
      [
       9.565906,
       56.4785111
      ],
      [
       9.5659485,
       56.47858
      ],
      [
       9.5663639,
       56.478502
      ],
      [
       9.5666635,
       56.4784458
      ],
      [
       9.5665755,
       56.4783029
      ],
      [
       9.5661674,
       56.4783795
      ]
     ]
    ]
   },
   "properties": {
    "building": "yes",
    "frequency": "0",
    "name": "Cross-Skagerrak Pole 3",
    "poles": "monopole",
    "power": "converter",
    "rating": "500 MW",
    "voltage": "350000",
    "osm_id": "way/97758981"
   }
  },
  {
   "type": "Feature",
   "geometry": {
    "type": "LineString",
    "coordinates": [
     [
      10.0870862,
      57.061928
     ],
     [
      10.0867754,
      57.0625364
     ],
     [
      10.0868744,
      57.0626718
     ],
     [
      10.0877503,
      57.0638695
     ],
     [
      10.0862389,
      57.0642534
     ],
     [
      10.0865849,
      57.0647636
     ],
     [
      10.087737,
      57.0644025
     ],
     [
      10.0873812,
      57.06406
     ],
     [
      10.0878032,
      57.0639425
     ],
     [
      10.0883096,
      57.0646405
     ],
     [
      10.0924822,
      57.0633545
     ],
     [
      10.0924472,
      57.0633084
     ],
     [
      10.0925586,
      57.0632713
     ],
     [
      10.0929039,
      57.0631653
     ],
     [
      10.0919721,
      57.0615377
     ],
     [
      10.0886846,
      57.0612769
     ],
     [
      10.0886133,
      57.0612712
     ],
     [
      10.0884906,
      57.0615027
     ],
     [
      10.0870862,
      57.061928
     ]
    ]
   },
   "properties": {
    "frequency": "50;0",
    "name": "J\u00e6vnstr\u00f8msstation Vester Hassing",
    "operator": "Energinet",
    "power": "substation",
    "ref": "Vester Hassing",
    "substation": "converter",
    "voltage": "400000;150000",
    "osm_id": "way/98216482"
   }
  },
  {
   "type": "Feature",
   "geometry": {
    "type": "Polygon",
    "coordinates": [
     [
      [
       20.4841902,
       54.96327
      ],
      [
       20.4842137,
       54.9631877
      ],
      [
       20.4841049,
       54.9631774
      ],
      [
       20.4840814,
       54.9632598
      ],
      [
       20.4841902,
       54.96327
      ]
     ]
    ]
   },
   "properties": {
    "building": "yes",
    "power": "substation",
    "substation": "converter",
    "osm_id": "way/115708116"
   }
  },
  {
   "type": "Feature",
   "geometry": {
    "type": "Polygon",
    "coordinates": [
     [
      [
       9.4094856,
       54.5574788
      ],
      [
       9.4097394,
       54.5573499
      ],
      [
       9.4096255,
       54.5572745
      ],
      [
       9.4095796,
       54.5572978
      ],
      [
       9.4095253,
       54.5572618
      ],
      [
       9.4094315,
       54.5571997
      ],
      [
       9.4092933,
       54.5572699
      ],
      [
       9.4094291,
       54.5573598
      ],
      [
       9.4093594,
       54.5573952
      ],
      [
       9.4094856,
       54.5574788
      ]
     ]
    ]
   },
   "properties": {
    "building": "yes",
    "converter": "back-to-back",
    "description": "Ein statischer Umrichter mit 12 MW",
    "disused": "yes",
    "end_date": "2011",
    "frequency": "50;16.7",
    "manufacturer": "Adtranz",
    "note": "Der Umrichter kann sowohl ins Bahnstromnetz (zentral, 110 kV, 16.7 Hz) als als auch direkt in die Oberleitung (dezentral, 16 kV, 16.67 Hz) einspeisen. Da zentraler Betrieb der Regelfall ist, ist nur er getagged.",
    "operator": "DB Energie GmbH",
    "operator:wikidata": "Q1152043",
    "power": "converter",
    "start_date": "1996-03",
    "voltage": "110000;15000",
    "osm_id": "way/119495715"
   }
  },
  {
   "type": "Feature",
   "geometry": {
    "type": "LineString",
    "coordinates": [
     [
      16.6488361,
      57.7292518
     ],
     [
      16.6498645,
      57.7287312
     ],
     [
      16.6492739,
      57.7281266
     ],
     [
      16.6492122,
      57.7274632
     ],
     [
      16.6482621,
      57.7273815
     ],
     [
      16.6455853,
      57.7285673
     ],
     [
      16.6457301,
      57.7286904
     ],
     [
      16.6463041,
      57.7288279
     ],
     [
      16.6471249,
      57.7288909
     ],
     [
      16.6479778,
      57.7288709
     ],
     [
      16.6483694,
      57.729206
     ],
     [
      16.6486058,
      57.7291349
     ],
     [
      16.6488361,
      57.7292518
     ]
    ]
   },
   "properties": {
    "frequency": "0",
    "name": "HVDC Gotland - V\u00e4stervik Static Inverter Plant",
    "power": "substation",
    "substation": "converter",
    "voltage": "150000",
    "wikidata": "Q1563629",
    "wikipedia": "en:HVDC Gotland",
    "osm_id": "way/140248140"
   }
  },
  {
   "type": "Feature",
   "geometry": {
    "type": "Polygon",
    "coordinates": [
     [
      [
       16.6486618,
       57.7284957
      ],
      [
       16.6484767,
       57.7285802
      ],
      [
       16.6483399,
       57.7285057
      ],
      [
       16.6480798,
       57.7286604
      ],
      [
       16.6484579,
       57.728872
      ],
      [
       16.648694,
       57.7287492
      ],
      [
       16.6489434,
       57.7288666
      ],
      [
       16.6491446,
       57.728752
      ],
      [
       16.6486618,
       57.7284957
      ]
     ]
    ]
   },
   "properties": {
    "building": "yes",
    "name": "HVDC Gotland - V\u00e4stervik Static Inverter Hall",
    "power": "converter",
    "osm_id": "way/140248141"
   }
  },
  {
   "type": "Feature",
   "geometry": {
    "type": "Polygon",
    "coordinates": [
     [
      [
       18.1945717,
       57.5875193
      ],
      [
       18.1953764,
       57.5870764
      ],
      [
       18.1955159,
       57.5871455
      ],
      [
       18.1953442,
       57.5872432
      ],
      [
       18.1956071,
       57.5873812
      ],
      [
       18.195489,
       57.5874416
      ],
      [
       18.1956714,
       57.5875308
      ],
      [
       18.1951672,
       57.587801
      ],
      [
       18.1949687,
       57.5876947
      ],
      [
       18.1952316,
       57.5875509
      ],
      [
       18.19499,
       57.5874359
      ],
      [
       18.1947058,
       57.5875854
      ],
      [
       18.1945717,
       57.5875193
      ]
     ]
    ]
   },
   "properties": {
    "building": "industrial",
    "name": "HVDC Gotland - Ygne HVDC Static Inverter Hall",
    "power": "converter",
    "osm_id": "way/140248142"
   }
  },
  {
   "type": "Feature",
   "geometry": {
    "type": "Polygon",
    "coordinates": [
     [
      [
       18.1356076,
       60.4043924
      ],
      [
       18.1356375,
       60.4043726
      ],
      [
       18.1358941,
       60.4044673
      ],
      [
       18.1354568,
       60.4047561
      ],
      [
       18.1351851,
       60.4046557
      ],
      [
       18.135375,
       60.4045303
      ],
      [
       18.1349961,
       60.4043904
      ],
      [
       18.1352135,
       60.4042468
      ],
      [
       18.1352661,
       60.4042662
      ],
      [
       18.1353676,
       60.4043037
      ],
      [
       18.1354704,
       60.4043417
      ],
      [
       18.135559,
       60.4043744
      ],
      [
       18.1356076,
       60.4043924
      ]
     ]
    ]
   },
   "properties": {
    "building": "industrial",
    "name": "Fenno-Skan - Dannebo HVDC Static Inverter Hall",
    "power": "converter",
    "osm_id": "way/140248146"
   }
  },
  {
   "type": "Feature",
   "geometry": {
    "type": "LineString",
    "coordinates": [
     [
      18.1339806,
      60.4043982
     ],
     [
      18.1342697,
      60.4042087
     ],
     [
      18.13618,
      60.4029569
     ],
     [
      18.137236,
      60.4030629
     ],
     [
      18.1377865,
      60.4032623
     ],
     [
      18.1380844,
      60.4033702
     ],
     [
      18.1384063,
      60.4038339
     ],
     [
      18.1370652,
      60.404685
     ],
     [
      18.1361854,
      60.4052433
     ],
     [
      18.1359522,
      60.4051539
     ],
     [
      18.1339806,
      60.4043982
     ]
    ]
   },
   "properties": {
    "designation": "Fenno-Skan - Dannebo HVDC Static Inverter Plant",
    "frequency": "0",
    "name": "Fenno-Skan - Dannebo HVDC Static Inverter Plant",
    "power": "substation",
    "substation": "converter",
    "voltage": "400000",
    "osm_id": "way/140248147"
   }
  },
  {
   "type": "Feature",
   "geometry": {
    "type": "LineString",
    "coordinates": [
     [
      18.1935149,
      57.5870103
     ],
     [
      18.1955105,
      57.5859033
     ],
     [
      18.1966212,
      57.5864842
     ],
     [
      18.1975007,
      57.5869442
     ],
     [
      18.1953388,
      57.5880397
     ],
     [
      18.194105,
      57.587433
     ],
     [
      18.1940353,
      57.587272
     ],
     [
      18.1935149,
      57.5870103
     ]
    ]
   },
   "properties": {
    "designation": "HVDC Gotland - Ygne Static Inverter Plant",
    "name": "HVDC Gotland - Ygne Static Inverter Plant",
    "power": "substation",
    "substation": "converter",
    "voltage": "150000",
    "osm_id": "way/140248154"
   }
  },
  {
   "type": "Feature",
   "geometry": {
    "type": "Polygon",
    "coordinates": [
     [
      [
       12.2166805,
       54.1009038
      ],
      [
       12.216732,
       54.1008399
      ],
      [
       12.2167508,
       54.1008165
      ],
      [
       12.2167822,
       54.1007775
      ],
      [
       12.2168426,
       54.1007025
      ],
      [
       12.2169707,
       54.100738
      ],
      [
       12.2170002,
       54.1007013
      ],
      [
       12.2173039,
       54.1007854
      ],
      [
       12.2171957,
       54.1009198
      ],
      [
       12.2170876,
       54.101054
      ],
      [
       12.2170401,
       54.1010408
      ],
      [
       12.2170174,
       54.101069
      ],
      [
       12.2170324,
       54.1010731
      ],
      [
       12.2168966,
       54.1012417
      ],
      [
       12.2166083,
       54.1011619
      ],
      [
       12.2167456,
       54.1009914
      ],
      [
       12.2168422,
       54.1010181
      ],
      [
       12.216862,
       54.1009935
      ],
      [
       12.2167965,
       54.1009753
      ],
      [
       12.2168224,
       54.1009431
      ],
      [
       12.2166805,
       54.1009038
      ]
     ]
    ]
   },
   "properties": {
    "building": "service",
    "frequency": "0",
    "name": "HG\u00dc Kontek - Stromrichterhalle Bentwisch",
    "name:en": "HVDC Kontek - Bentwisch power converter hall",
    "power": "converter",
    "utility": "power",
    "voltage": "400000",
    "wikidata": "Q52689989",
    "osm_id": "way/142321183"
   }
  },
  {
   "type": "Feature",
   "geometry": {
    "type": "Polygon",
    "coordinates": [
     [
      [
       12.0071701,
       55.4503524
      ],
      [
       12.0072428,
       55.4503517
      ],
      [
       12.0072455,
       55.4504446
      ],
      [
       12.0076113,
       55.4504412
      ],
      [
       12.0076087,
       55.4503512
      ],
      [
       12.0076762,
       55.4503506
      ],
      [
       12.0076751,
       55.4503146
      ],
      [
       12.0077175,
       55.4503142
      ],
      [
       12.0077188,
       55.450362
      ],
      [
       12.0080566,
       55.4503588
      ],
      [
       12.0080513,
       55.4501767
      ],
      [
       12.0077246,
       55.4501797
      ],
      [
       12.0077247,
       55.4501847
      ],
      [
       12.0076574,
       55.4501854
      ],
      [
       12.0076567,
       55.450163
      ],
      [
       12.0075989,
       55.4501634
      ],
      [
       12.0074008,
       55.4501654
      ],
      [
       12.0071648,
       55.4501676
      ],
      [
       12.0071701,
       55.4503524
      ]
     ]
    ]
   },
   "properties": {
    "building": "yes",
    "name": "HVDC Kontek - Bjaeverskov Static Inverter Hall",
    "operator": "Energinet",
    "operator:wikidata": "Q1341529",
    "poles": "monopole",
    "power": "substation",
    "rating": "600 MW",
    "substation": "converter",
    "voltage": "400000",
    "osm_id": "way/142321228"
   }
  },
  {
   "type": "Feature",
   "geometry": {
    "type": "Polygon",
    "coordinates": [
     [
      [
       13.1454492,
       55.5004324
      ],
      [
       13.1457202,
       55.5002592
      ],
      [
       13.145704,
       55.5002498
      ],
      [
       13.1459087,
       55.50011
      ],
      [
       13.1462541,
       55.5002951
      ],
      [
       13.1460799,
       55.5004019
      ],
      [
       13.1459938,
       55.5003502
      ],
      [
       13.145957,
       55.5003743
      ],
      [
       13.1460721,
       55.5004443
      ],
      [
       13.1459592,
       55.5005137
      ],
      [
       13.1458226,
       55.5005978
      ],
      [
       13.1457114,
       55.5005325
      ],
      [
       13.1456673,
       55.5005597
      ],
      [
       13.1454492,
       55.5004324
      ]
     ]
    ]
   },
   "properties": {
    "building": "yes",
    "frequency": "0",
    "name": "HVDC Baltic-Cable - Kruseberg Static Inverter Hall",
    "power": "converter",
    "voltage": "450000",
    "osm_id": "way/142321363"
   }
  },
  {
   "type": "Feature",
   "geometry": {
    "type": "Polygon",
    "coordinates": [
     [
      [
       10.0908932,
       57.0635961
      ],
      [
       10.090949,
       57.063579
      ],
      [
       10.0907625,
       57.0633948
      ],
      [
       10.0904792,
       57.063479
      ],
      [
       10.090334,
       57.063523
      ],
      [
       10.0905228,
       57.0637096
      ],
      [
       10.0908932,
       57.0635961
      ]
     ]
    ]
   },
   "properties": {
    "building": "industrial",
    "name": "Konti-Skan 2",
    "power": "converter",
    "wikidata": "Q351845",
    "wikipedia": "da:Konti-Skan",
    "osm_id": "way/151066793"
   }
  },
  {
   "type": "Feature",
   "geometry": {
    "type": "Polygon",
    "coordinates": [
     [
      [
       10.0891068,
       57.0638305
      ],
      [
       10.0893598,
       57.0640742
      ],
      [
       10.0894817,
       57.0640369
      ],
      [
       10.0895508,
       57.0641035
      ],
      [
       10.0898386,
       57.0640152
      ],
      [
       10.0896306,
       57.0638148
      ],
      [
       10.0894707,
       57.0638639
      ],
      [
       10.0893565,
       57.0637539
      ],
      [
       10.0892694,
       57.0637806
      ],
      [
       10.0891068,
       57.0638305
      ]
     ]
    ]
   },
   "properties": {
    "building": "industrial",
    "name": "Konti-Skan 1",
    "power": "converter",
    "osm_id": "way/151066807"
   }
  },
  {
   "type": "Feature",
   "geometry": {
    "type": "LineString",
    "coordinates": [
     [
      13.1949861,
      65.8441457
     ],
     [
      13.1950228,
      65.8441529
     ],
     [
      13.1952341,
      65.8439727
     ],
     [
      13.1944373,
      65.8438162
     ],
     [
      13.1944297,
      65.8438227
     ],
     [
      13.1936434,
      65.8436683
     ],
     [
      13.1935195,
      65.8437739
     ],
     [
      13.1934983,
      65.8437921
     ],
     [
      13.1934397,
      65.843842
     ],
     [
      13.1934768,
      65.8438493
     ],
     [
      13.1949861,
      65.8441457
     ]
    ]
   },
   "properties": {
    "building:part": "yes",
    "location": "indoor",
    "name": "Alcoa Mosj\u00f8en likeretter",
    "operator": "Alcoa Norway",
    "power": "substation",
    "substation": "converter",
    "osm_id": "way/151413307"
   }
  },
  {
   "type": "Feature",
   "geometry": {
    "type": "LineString",
    "coordinates": [
     [
      11.311615,
      55.5307382
     ],
     [
      11.3140527,
      55.5335642
     ],
     [
      11.3188243,
      55.5322459
     ],
     [
      11.3172939,
      55.5304717
     ],
     [
      11.3161174,
      55.5307967
     ],
     [
      11.3154189,
      55.529987
     ],
     [
      11.3136411,
      55.5304782
     ],
     [
      11.3134323,
      55.5302361
     ],
     [
      11.311615,
      55.5307382
     ]
    ]
   },
   "properties": {
    "contact:website": "https://www.energinet.dk",
    "frequency": "50",
    "name": "Omformerstation Herslev",
    "name:etymology:wikidata": "Q63110923",
    "operator": "Energinet",
    "power": "substation",
    "substation": "converter",
    "voltage": "400000",
    "wikidata": "Q29810885",
    "osm_id": "way/160792651"
   }
  },
  {
   "type": "Feature",
   "geometry": {
    "type": "Polygon",
    "coordinates": [
     [
      [
       16.8908777,
       54.5020579
      ],
      [
       16.8909707,
       54.5019033
      ],
      [
       16.8911904,
       54.5019479
      ],
      [
       16.8914196,
       54.5019944
      ],
      [
       16.8914275,
       54.5019813
      ],
      [
       16.8916789,
       54.5020322
      ],
      [
       16.8915488,
       54.5022484
      ],
      [
       16.8912954,
       54.502197
      ],
      [
       16.8913246,
       54.5021485
      ],
      [
       16.8911329,
       54.5021097
      ],
      [
       16.8908777,
       54.5020579
      ]
     ]
    ]
   },
   "properties": {
    "building": "yes",
    "designation": "SwePol HVDC Static Inverter Hall",
    "name": "SwePol HVDC Static Inverter Hall",
    "note": "Added power=converter to show that there is HVDC converter.",
    "power": "converter",
    "osm_id": "way/169344857"
   }
  },
  {
   "type": "Feature",
   "geometry": {
    "type": "Polygon",
    "coordinates": [
     [
      [
       27.324897,
       56.5073213
      ],
      [
       27.3249225,
       56.5073789
      ],
      [
       27.3250399,
       56.5073631
      ],
      [
       27.3250144,
       56.5073055
      ],
      [
       27.324897,
       56.5073213
      ]
     ]
    ]
   },
   "properties": {
    "addr:city": "R\u0113zekne",
    "addr:country": "LV",
    "addr:housenumber": "1B",
    "addr:postcode": "LV-4601",
    "addr:street": "B\u0113rzpils iela",
    "building": "yes",
    "power": "converter",
    "ref:LV:addr": "105025272",
    "osm_id": "way/170030825"
   }
  },
  {
   "type": "Feature",
   "geometry": {
    "type": "Polygon",
    "coordinates": [
     [
      [
       27.330976,
       56.5128532
      ],
      [
       27.3310075,
       56.5129131
      ],
      [
       27.3311225,
       56.5128947
      ],
      [
       27.331091,
       56.5128348
      ],
      [
       27.330976,
       56.5128532
      ]
     ]
    ]
   },
   "properties": {
    "addr:city": "R\u0113zekne",
    "addr:country": "LV",
    "addr:housenumber": "11A",
    "addr:postcode": "LV-4601",
    "addr:street": "Kooperat\u012bva \u0161\u0137\u0113rsiela",
    "building": "service",
    "power": "converter",
    "ref:LV:addr": "105899410",
    "osm_id": "way/170035613"
   }
  },
  {
   "type": "Feature",
   "geometry": {
    "type": "Polygon",
    "coordinates": [
     [
      [
       27.3345421,
       56.5140325
      ],
      [
       27.3345653,
       56.5140895
      ],
      [
       27.3346849,
       56.5140747
      ],
      [
       27.3346617,
       56.5140177
      ],
      [
       27.3345421,
       56.5140325
      ]
     ]
    ]
   },
   "properties": {
    "addr:city": "R\u0113zekne",
    "addr:country": "LV",
    "addr:housenumber": "117B",
    "addr:postcode": "LV-4601",
    "addr:street": "Atbr\u012bvo\u0161anas aleja",
    "building": "yes",
    "building:levels": "1",
    "power": "converter",
    "ref:LV:addr": "105906734",
    "osm_id": "way/170038064"
   }
  },
  {
   "type": "Feature",
   "geometry": {
    "type": "Polygon",
    "coordinates": [
     [
      [
       28.9141005,
       60.68159
      ],
      [
       28.9141159,
       60.6818476
      ],
      [
       28.9134745,
       60.6818568
      ],
      [
       28.913459,
       60.6815992
      ],
      [
       28.9141005,
       60.68159
      ]
     ]
    ]
   },
   "properties": {
    "building": "industrial",
    "converter": "back-to-back",
    "frequency": "50",
    "power": "converter",
    "voltage": "330000;400000",
    "osm_id": "way/172973999"
   }
  },
  {
   "type": "Feature",
   "geometry": {
    "type": "Polygon",
    "coordinates": [
     [
      [
       28.9184281,
       60.6815236
      ],
      [
       28.9184442,
       60.6817915
      ],
      [
       28.9191011,
       60.6817821
      ],
      [
       28.919085,
       60.6815141
      ],
      [
       28.9184281,
       60.6815236
      ]
     ]
    ]
   },
   "properties": {
    "building": "industrial",
    "converter": "back-to-back",
    "frequency": "50",
    "power": "converter",
    "voltage": "330000;400000",
    "osm_id": "way/172974002"
   }
  },
  {
   "type": "Feature",
   "geometry": {
    "type": "Polygon",
    "coordinates": [
     [
      [
       10.3755572,
       52.0619153
      ],
      [
       10.3756368,
       52.0619164
      ],
      [
       10.3756385,
       52.0618703
      ],
      [
       10.3755589,
       52.0618692
      ],
      [
       10.3755572,
       52.0619153
      ]
     ]
    ]
   },
   "properties": {
    "building": "yes",
    "power": "converter",
    "osm_id": "way/176409902"
   }
  },
  {
   "type": "Feature",
   "geometry": {
    "type": "Polygon",
    "coordinates": [
     [
      [
       11.3170066,
       55.531301
      ],
      [
       11.3168811,
       55.5311545
      ],
      [
       11.3166397,
       55.5312211
      ],
      [
       11.3166699,
       55.5312564
      ],
      [
       11.3165745,
       55.5312827
      ],
      [
       11.3168229,
       55.5315725
      ],
      [
       11.3169183,
       55.5315461
      ],
      [
       11.3169281,
       55.5315575
      ],
      [
       11.3171695,
       55.531491
      ],
      [
       11.3172302,
       55.5315619
      ],
      [
       11.3173843,
       55.5315193
      ],
      [
       11.3171609,
       55.5312585
      ],
      [
       11.3170066,
       55.531301
      ]
     ]
    ]
   },
   "properties": {
    "building": "yes",
    "name": "HVDC Storeb\u00e6lt 1",
    "operator": "Energinet",
    "poles": "monopole",
    "power": "converter",
    "rating": "600 MW",
    "voltage": "400000",
    "osm_id": "way/177555807"
   }
  },
  {
   "type": "Feature",
   "geometry": {
    "type": "LineString",
    "coordinates": [
     [
      9.9553516,
      52.3820381
     ],
     [
      9.9557371,
      52.3820703
     ],
     [
      9.9557705,
      52.3819211
     ],
     [
      9.955385,
      52.3818889
     ],
     [
      9.9553516,
      52.3820381
     ]
    ]
   },
   "properties": {
    "converter": "ac_converter",
    "description": "Ein statischer Umrichter mit 32 MW",
    "frequency": "50;16.7",
    "manufacturer": "ConverTeam",
    "operator": "DB Energie GmbH",
    "power": "converter",
    "rating": "32 MW",
    "start_date": "2010-08",
    "voltage": "110000",
    "osm_id": "way/177925488"
   }
  },
  {
   "type": "Feature",
   "geometry": {
    "type": "LineString",
    "coordinates": [
     [
      9.9549323,
      52.3819999
     ],
     [
      9.9553178,
      52.3820321
     ],
     [
      9.9553513,
      52.3818829
     ],
     [
      9.9549657,
      52.3818507
     ],
     [
      9.9549323,
      52.3819999
     ]
    ]
   },
   "properties": {
    "converter": "ac_converter",
    "description": "Ein statischer Umrichter mit 32 MW",
    "frequency": "50;16.7",
    "manufacturer": "ConverTeam",
    "operator": "DB Energie GmbH",
    "power": "converter",
    "rating": "32 MW",
    "start_date": "2010-08",
    "voltage": "110000",
    "osm_id": "way/177925489"
   }
  },
  {
   "type": "Feature",
   "geometry": {
    "type": "Polygon",
    "coordinates": [
     [
      [
       10.0017284,
       53.4489321
      ],
      [
       10.0019903,
       53.4487844
      ],
      [
       10.002025,
       53.4488041
      ],
      [
       10.0021777,
       53.4487183
      ],
      [
       10.0017565,
       53.4484591
      ],
      [
       10.0016573,
       53.4483981
      ],
      [
       10.0012602,
       53.4486419
      ],
      [
       10.0013438,
       53.4486937
      ],
      [
       10.0017284,
       53.4489321
      ]
     ]
    ]
   },
   "properties": {
    "addr:housenumber": "44",
    "addr:street": "H\u00f6rstener Stra\u00dfe",
    "building": "service",
    "converter": "motor_generator",
    "description": "Zwei rotierende Umformer mit je 35 MW",
    "frequency": "50;16.7",
    "operator": "DB Energie GmbH",
    "operator:wikidata": "Q1152043",
    "power": "converter",
    "source": "Leistung 35 MW: http://www.eurailpress.de/article/view//neumuenster-abb-baut-neuen-umrichter.html",
    "start_date": "unknown",
    "osm_id": "way/177942724"
   }
  },
  {
   "type": "Feature",
   "geometry": {
    "type": "LineString",
    "coordinates": [
     [
      28.9101221,
      60.6795725
     ],
     [
      28.9102963,
      60.684277
     ],
     [
      28.9109953,
      60.6842893
     ],
     [
      28.9215069,
      60.6843419
     ],
     [
      28.9221652,
      60.6833694
     ],
     [
      28.925552,
      60.6832191
     ],
     [
      28.9254571,
      60.6819242
     ],
     [
      28.9264549,
      60.6819051
     ],
     [
      28.9263739,
      60.6804267
     ],
     [
      28.9248778,
      60.6803666
     ],
     [
      28.9233621,
      60.679556
     ],
     [
      28.9233661,
      60.6792121
     ],
     [
      28.9223916,
      60.6792353
     ],
     [
      28.9221811,
      60.678957
     ],
     [
      28.9199828,
      60.6789984
     ],
     [
      28.9199646,
      60.6794494
     ],
     [
      28.9175185,
      60.6794919
     ],
     [
      28.9175011,
      60.6794226
     ],
     [
      28.9101221,
      60.6795725
     ]
    ]
   },
   "properties": {
    "alt_name:en": "Vyborg HVDC back-to-back station",
    "converter": "back-to-back",
    "description": "\u041f\u0421 400/330/110 \u043a\u0412 \u0412\u044b\u0431\u043e\u0440\u0433\u0441\u043a\u0430\u044f",
    "name": "\u0412\u044b\u0431\u043e\u0440\u0433\u0441\u043a\u0430\u044f",
    "power": "substation",
    "ref": "5",
    "substation": "converter",
    "voltage": "400000;330000;110000;10000",
    "osm_id": "way/185245429"
   }
  },
  {
   "type": "Feature",
   "geometry": {
    "type": "Polygon",
    "coordinates": [
     [
      [
       25.3669434,
       60.3767485
      ],
      [
       25.3671102,
       60.3765898
      ],
      [
       25.3669317,
       60.376544
      ],
      [
       25.3670246,
       60.3764557
      ],
      [
       25.3674845,
       60.3765739
      ],
      [
       25.3673926,
       60.3766613
      ],
      [
       25.3678138,
       60.3767695
      ],
      [
       25.3676461,
       60.376929
      ],
      [
       25.3672455,
       60.3768261
      ],
      [
       25.3669434,
       60.3767485
      ]
     ]
    ]
   },
   "properties": {
    "building": "yes",
    "name": "HVDC Estlink 2 konvertteri",
    "name:en": "HVDC Estlink 2 Static Inverter",
    "name:fi": "HVDC Estlink 2 konvertteri",
    "power": "converter",
    "website": "https://www.fingrid.fi/kantaverkko/suunnittelu-ja-rakentaminen/arkisto/estlink-2/",
    "osm_id": "way/188779258"
   }
  },
  {
   "type": "Feature",
   "geometry": {
    "type": "LineString",
    "coordinates": [
     [
      11.4637232,
      55.7243187
     ],
     [
      11.4637579,
      55.7243613
     ],
     [
      11.4640043,
      55.7242977
     ],
     [
      11.4639697,
      55.7242551
     ],
     [
      11.4637232,
      55.7243187
     ]
    ]
   },
   "properties": {
    "barrier": "fence",
    "power": "substation",
    "substation": "converter",
    "osm_id": "way/198061897"
   }
  },
  {
   "type": "Feature",
   "geometry": {
    "type": "Polygon",
    "coordinates": [
     [
      [
       11.7688319,
       52.9962588
      ],
      [
       11.768695,
       52.9963374
      ],
      [
       11.7690209,
       52.9965559
      ],
      [
       11.7691388,
       52.9964962
      ],
      [
       11.7692244,
       52.9964514
      ],
      [
       11.7688967,
       52.9962248
      ],
      [
       11.7688319,
       52.9962588
      ]
     ]
    ]
   },
   "properties": {
    "building": "yes",
    "converter": "motor_generator",
    "description": "Vier rotierende Umformer mit je 8 MW",
    "frequency": "50;16.67",
    "operator": "DB Energie GmbH",
    "power": "converter",
    "voltage": "6300;5100",
    "osm_id": "way/199366016"
   }
  },
  {
   "type": "Feature",
   "geometry": {
    "type": "LineString",
    "coordinates": [
     [
      12.4568042,
      52.8474594
     ],
     [
      12.4567383,
      52.8475036
     ],
     [
      12.4567648,
      52.847518
     ],
     [
      12.4568225,
      52.8475493
     ],
     [
      12.4569451,
      52.8476159
     ],
     [
      12.4570124,
      52.8476525
     ],
     [
      12.4570817,
      52.8476901
     ],
     [
      12.4571482,
      52.8476455
     ],
     [
      12.4572824,
      52.8475553
     ],
     [
      12.4569391,
      52.8473688
     ],
     [
      12.4568042,
      52.8474594
     ]
    ]
   },
   "properties": {
    "converter": "motor_generator",
    "description": "Drei rotierende Umformer mit je 8 MW",
    "operator": "DB Energie GmbH",
    "power": "converter",
    "razed:building": "industrial",
    "voltage": "6300;5100",
    "osm_id": "way/199366017"
   }
  },
  {
   "type": "Feature",
   "geometry": {
    "type": "Polygon",
    "coordinates": [
     [
      [
       13.0905712,
       54.2862884
      ],
      [
       13.0904966,
       54.2862446
      ],
      [
       13.0904478,
       54.2862729
      ],
      [
       13.0903855,
       54.2863091
      ],
      [
       13.0902512,
       54.286387
      ],
      [
       13.0901858,
       54.2864249
      ],
      [
       13.0901531,
       54.2864439
      ],
      [
       13.0902349,
       54.286492
      ],
      [
       13.0903567,
       54.2865635
      ],
      [
       13.0907002,
       54.2863642
      ],
      [
       13.0905712,
       54.2862884
      ]
     ]
    ]
   },
   "properties": {
    "building": "yes",
    "converter": "motor_generator",
    "description": "Vier rotierende Umformer mit je 8 MW",
    "frequency": "50;16.67",
    "operator": "DB Energie GmbH",
    "operator:wikidata": "Q1152043",
    "operator:wikipedia": "de:DB Energie",
    "power": "converter",
    "voltage": "6300;5100",
    "osm_id": "way/199378836"
   }
  },
  {
   "type": "Feature",
   "geometry": {
    "type": "Polygon",
    "coordinates": [
     [
      [
       10.5064768,
       55.366894
      ],
      [
       10.5065627,
       55.3667466
      ],
      [
       10.5065759,
       55.3667491
      ],
      [
       10.5067512,
       55.3667821
      ],
      [
       10.5069305,
       55.3668159
      ],
      [
       10.5071166,
       55.3668509
      ],
      [
       10.5071749,
       55.3668619
      ],
      [
       10.5070881,
       55.3670108
      ],
      [
       10.5069985,
       55.3669939
      ],
      [
       10.5068097,
       55.3669584
      ],
      [
       10.5064768,
       55.366894
      ]
     ]
    ]
   },
   "properties": {
    "building": "industrial",
    "converter": "lsc",
    "location": "indoor",
    "name": "HVDC Storeb\u00e6lt I",
    "phases": "3",
    "power": "converter",
    "rating": "600 MVA",
    "voltage": "400000",
    "osm_id": "way/207775097"
   }
  },
  {
   "type": "Feature",
   "geometry": {
    "type": "Polygon",
    "coordinates": [
     [
      [
       23.1543294,
       53.1270221
      ],
      [
       23.1542956,
       53.1270056
      ],
      [
       23.1543327,
       53.1269782
      ],
      [
       23.1543663,
       53.1269947
      ],
      [
       23.1543294,
       53.1270221
      ]
     ]
    ]
   },
   "properties": {
    "building": "yes",
    "building:colour": "lemonchiffon",
    "building:levels": "1",
    "frequency": "50",
    "power": "substation",
    "roof:colour": "dimgray",
    "roof:material": "tar_paper",
    "roof:shape": "flat",
    "substation": "converter",
    "osm_id": "way/232052178"
   }
  },
  {
   "type": "Feature",
   "geometry": {
    "type": "LineString",
    "coordinates": [
     [
      13.6041364,
      55.832711
     ],
     [
      13.6043355,
      55.8327004
     ],
     [
      13.6042535,
      55.8324129
     ],
     [
      13.6051136,
      55.8310879
     ],
     [
      13.6006397,
      55.8300906
     ],
     [
      13.6002267,
      55.8307293
     ],
     [
      13.6012137,
      55.8309463
     ],
     [
      13.6006183,
      55.8317748
     ],
     [
      13.601836,
      55.8320218
     ],
     [
      13.6019859,
      55.8322494
     ],
     [
      13.6020398,
      55.8322132
     ],
     [
      13.6034721,
      55.8323789
     ],
     [
      13.6040407,
      55.8324934
     ],
     [
      13.6041105,
      55.8326139
     ],
     [
      13.6041364,
      55.832711
     ]
    ]
   },
   "properties": {
    "barrier": "fence",
    "frequency": "0",
    "name": "Hurva Omriktarstationerna",
    "power": "substation",
    "substation": "converter",
    "voltage": "300000",
    "website": "https://www.svk.se/natutveckling/utbyggnadsprojekt/sydvastlanken/",
    "wikidata": "Q7659648",
    "wikipedia": "sv:Sydv\u00e4stl\u00e4nken",
    "osm_id": "way/235724487"
   }
  },
  {
   "type": "Feature",
   "geometry": {
    "type": "Polygon",
    "coordinates": [
     [
      [
       12.1121066,
       57.6074599
      ],
      [
       12.1121099,
       57.6077791
      ],
      [
       12.1122999,
       57.6077785
      ],
      [
       12.1123,
       57.6077863
      ],
      [
       12.1123306,
       57.6077862
      ],
      [
       12.1124376,
       57.6077859
      ],
      [
       12.1125598,
       57.6077855
      ],
      [
       12.1125595,
       57.6077591
      ],
      [
       12.1127103,
       57.6077586
      ],
      [
       12.1127097,
       57.6077014
      ],
      [
       12.1127085,
       57.607586
      ],
      [
       12.1127079,
       57.6075325
      ],
      [
       12.1125514,
       57.607533
      ],
      [
       12.1125511,
       57.6075114
      ],
      [
       12.1124039,
       57.6075119
      ],
      [
       12.1124034,
       57.607459
      ],
      [
       12.1121066,
       57.6074599
      ]
     ]
    ]
   },
   "properties": {
    "building": "industrial",
    "name": "Konti-Skan 1",
    "poles": "1",
    "power": "converter",
    "osm_id": "way/254056231"
   }
  },
  {
   "type": "Feature",
   "geometry": {
    "type": "Polygon",
    "coordinates": [
     [
      [
       12.1100114,
       57.6072019
      ],
      [
       12.1103551,
       57.6073444
      ],
      [
       12.1104349,
       57.6072892
      ],
      [
       12.1104852,
       57.6072544
      ],
      [
       12.1106175,
       57.6071628
      ],
      [
       12.1103089,
       57.6070349
      ],
      [
       12.1102129,
       57.6071013
      ],
      [
       12.1101664,
       57.6070946
      ],
      [
       12.1100114,
       57.6072019
      ]
     ]
    ]
   },
   "properties": {
    "building": "industrial",
    "name": "Konti-Skan 2",
    "poles": "1",
    "power": "converter",
    "osm_id": "way/254056232"
   }
  },
  {
   "type": "Feature",
   "geometry": {
    "type": "LineString",
    "coordinates": [
     [
      16.8892719,
      54.5012642
     ],
     [
      16.8921911,
      54.5018385
     ],
     [
      16.8921571,
      54.5019012
     ],
     [
      16.8918531,
      54.5024239
     ],
     [
      16.8917202,
      54.5026541
     ],
     [
      16.8916646,
      54.5027606
     ],
     [
      16.8914928,
      54.5030478
     ],
     [
      16.8907878,
      54.5029056
     ],
     [
      16.8885639,
      54.5024528
     ],
     [
      16.8892719,
      54.5012642
     ]
    ]
   },
   "properties": {
    "description": "SwePol HVDC Static Inverter Plant",
    "frequency": "0",
    "name": "SwePol HVDC Static Inverter Plant",
    "power": "substation",
    "substation": "converter",
    "voltage": "450000;400000",
    "osm_id": "way/255314292"
   }
  },
  {
   "type": "Feature",
   "geometry": {
    "type": "LineString",
    "coordinates": [
     [
      23.9682836,
      54.440709
     ],
     [
      23.9662832,
      54.4392474
     ],
     [
      23.9652162,
      54.4397432
     ],
     [
      23.9650824,
      54.4398076
     ],
     [
      23.9647912,
      54.4395932
     ],
     [
      23.964083,
      54.4399137
     ],
     [
      23.963974,
      54.439964
     ],
     [
      23.9628589,
      54.4391272
     ],
     [
      23.9629682,
      54.4390785
     ],
     [
      23.9636642,
      54.4387682
     ],
     [
      23.9618505,
      54.4374638
     ],
     [
      23.9629285,
      54.4369548
     ],
     [
      23.962892,
      54.4369271
     ],
     [
      23.9625772,
      54.4366894
     ],
     [
      23.9635143,
      54.4362469
     ],
     [
      23.9655238,
      54.4376915
     ],
     [
      23.9656688,
      54.4376991
     ],
     [
      23.9663298,
      54.4373941
     ],
     [
      23.9677011,
      54.4384003
     ],
     [
      23.9698472,
      54.4399782
     ],
     [
      23.9682836,
      54.440709
     ]
    ]
   },
   "properties": {
    "converter": "back-to-back",
    "name": "Alytaus LitPol link nuolatin\u0117s srov\u0117s intarpas",
    "name:en": "Alytus LitPol HVDC Back-to-back station",
    "name:lt": "Alytaus LitPol link nuolatin\u0117s srov\u0117s intarpas",
    "power": "substation",
    "rating": "500 MVA",
    "source": "http://www.litpol-link.com/en/project/technical-solution/back-to-back-station-/",
    "substation": "converter",
    "voltage": "400000;330000",
    "osm_id": "way/256339597"
   }
  },
  {
   "type": "Feature",
   "geometry": {
    "type": "Polygon",
    "coordinates": [
     [
      [
       17.0627051,
       60.4261677
      ],
      [
       17.0636772,
       60.4262548
      ],
      [
       17.0637465,
       60.4260665
      ],
      [
       17.0631174,
       60.4260102
      ],
      [
       17.0631453,
       60.4259345
      ],
      [
       17.0628021,
       60.4259038
      ],
      [
       17.0627051,
       60.4261677
      ]
     ]
    ]
   },
   "properties": {
    "building": "industrial",
    "power": "converter",
    "osm_id": "way/261954127"
   }
  },
  {
   "type": "Feature",
   "geometry": {
    "type": "Polygon",
    "coordinates": [
     [
      [
       15.5784742,
       54.1836712
      ],
      [
       15.5784686,
       54.1836845
      ],
      [
       15.5785022,
       54.1836893
      ],
      [
       15.5785078,
       54.183676
      ],
      [
       15.5784742,
       54.1836712
      ]
     ]
    ]
   },
   "properties": {
    "building": "service",
    "building:levels": "1",
    "height": "1.7",
    "power": "converter",
    "ref": "799",
    "source": "survey;Mapillary",
    "osm_id": "way/269508402"
   }
  },
  {
   "type": "Feature",
   "geometry": {
    "type": "LineString",
    "coordinates": [
     [
      10.8021624,
      53.8959074
     ],
     [
      10.8028884,
      53.8960623
     ],
     [
      10.8026981,
      53.8963683
     ],
     [
      10.8019738,
      53.8962123
     ],
     [
      10.8021624,
      53.8959074
     ]
    ]
   },
   "properties": {
    "name": "HVDC Herrenwyk (Baltic Cable)",
    "operator": "Baltic Cable AB",
    "power": "substation",
    "substation": "converter",
    "voltage": "440000;380000",
    "osm_id": "way/275466323"
   }
  },
  {
   "type": "Feature",
   "geometry": {
    "type": "LineString",
    "coordinates": [
     [
      18.4632834,
      59.3118858
     ],
     [
      18.4633437,
      59.3118817
     ],
     [
      18.4633392,
      59.3118645
     ],
     [
      18.4632789,
      59.3118686
     ],
     [
      18.4632834,
      59.3118858
     ]
    ]
   },
   "properties": {
    "power": "converter",
    "osm_id": "way/288723968"
   }
  },
  {
   "type": "Feature",
   "geometry": {
    "type": "Polygon",
    "coordinates": [
     [
      [
       20.4891334,
       54.7436009
      ],
      [
       20.4892609,
       54.743632
      ],
      [
       20.4893115,
       54.7435631
      ],
      [
       20.489184,
       54.7435319
      ],
      [
       20.4891334,
       54.7436009
      ]
     ]
    ]
   },
   "properties": {
    "building": "yes",
    "power": "substation",
    "substation": "converter",
    "osm_id": "way/288838761"
   }
  },
  {
   "type": "Feature",
   "geometry": {
    "type": "Polygon",
    "coordinates": [
     [
      [
       9.2354783,
       53.9181505
      ],
      [
       9.2352727,
       53.9181263
      ],
      [
       9.2350255,
       53.9180971
      ],
      [
       9.2350461,
       53.9180363
      ],
      [
       9.2346814,
       53.9179933
      ],
      [
       9.2347288,
       53.9178539
      ],
      [
       9.2351242,
       53.9179005
      ],
      [
       9.2352127,
       53.9176401
      ],
      [
       9.2353762,
       53.9171592
      ],
      [
       9.2358217,
       53.9172117
      ],
      [
       9.2357397,
       53.9174532
      ],
      [
       9.2359346,
       53.9174761
      ],
      [
       9.2357666,
       53.9179703
      ],
      [
       9.2355483,
       53.9179446
      ],
      [
       9.2354783,
       53.9181505
      ]
     ]
    ]
   },
   "properties": {
    "building": "yes",
    "frequency": "0",
    "poles": "2",
    "power": "converter",
    "voltage": "320000",
    "osm_id": "way/303655900"
   }
  },
  {
   "type": "Feature",
   "geometry": {
    "type": "Polygon",
    "coordinates": [
     [
      [
       9.2372982,
       53.9180159
      ],
      [
       9.2370579,
       53.9179884
      ],
      [
       9.2367598,
       53.9179543
      ],
      [
       9.2367713,
       53.9179193
      ],
      [
       9.236387,
       53.9178754
      ],
      [
       9.2364399,
       53.9177151
      ],
      [
       9.2367953,
       53.9177558
      ],
      [
       9.2368718,
       53.9175236
      ],
      [
       9.2370173,
       53.9170821
      ],
      [
       9.2376056,
       53.9171494
      ],
      [
       9.2375218,
       53.9174036
      ],
      [
       9.2376726,
       53.9174208
      ],
      [
       9.2375495,
       53.9177941
      ],
      [
       9.2373778,
       53.9177745
      ],
      [
       9.2372982,
       53.9180159
      ]
     ]
    ]
   },
   "properties": {
    "building": "yes",
    "frequency": "0",
    "poles": "2",
    "power": "converter",
    "voltage": "250000",
    "osm_id": "way/303655905"
   }
  },
  {
   "type": "Feature",
   "geometry": {
    "type": "Polygon",
    "coordinates": [
     [
      [
       9.5632784,
       56.4789181
      ],
      [
       9.5636304,
       56.4788523
      ],
      [
       9.5635351,
       56.478697
      ],
      [
       9.5640974,
       56.4785917
      ],
      [
       9.5644551,
       56.4785248
      ],
      [
       9.5645484,
       56.4786768
      ],
      [
       9.5651716,
       56.4785602
      ],
      [
       9.5652064,
       56.4786169
      ],
      [
       9.5653309,
       56.4788197
      ],
      [
       9.5635203,
       56.4791586
      ],
      [
       9.5634357,
       56.4791744
      ],
      [
       9.5632784,
       56.4789181
      ]
     ]
    ]
   },
   "properties": {
    "building": "industrial",
    "converter": "vsc",
    "frequency": "0",
    "name": "HVDC Skagerrak pole 4",
    "operator": "Energinet.dk",
    "power": "converter",
    "rating": "700 MW",
    "voltage": "500000",
    "osm_id": "way/319073801"
   }
  },
  {
   "type": "Feature",
   "geometry": {
    "type": "LineString",
    "coordinates": [
     [
      9.5668807,
      56.4794573
     ],
     [
      9.570045,
      56.4788913
     ],
     [
      9.5698986,
      56.4787839
     ],
     [
      9.5693257,
      56.4777551
     ],
     [
      9.569445,
      56.4775324
     ],
     [
      9.5691751,
      56.4769881
     ],
     [
      9.5687953,
      56.4768988
     ],
     [
      9.5685238,
      56.4764499
     ],
     [
      9.5678285,
      56.4763309
     ],
     [
      9.5656224,
      56.4764405
     ],
     [
      9.564701,
      56.476679
     ],
     [
      9.564713,
      56.4769864
     ],
     [
      9.5647397,
      56.4776666
     ],
     [
      9.5652938,
      56.4774722
     ],
     [
      9.5657632,
      56.4782188
     ],
     [
      9.5664498,
      56.4780885
     ],
     [
      9.5665755,
      56.4783029
     ],
     [
      9.5666635,
      56.4784458
     ],
     [
      9.5667073,
      56.4784365
     ],
     [
      9.5668146,
      56.4786158
     ],
     [
      9.5667744,
      56.4786558
     ],
     [
      9.566589,
      56.4786926
     ],
     [
      9.5659449,
      56.4788206
     ],
     [
      9.5651215,
      56.4789705
     ],
     [
      9.565161,
      56.4790283
     ],
     [
      9.5652904,
      56.4790079
     ],
     [
      9.5653367,
      56.4789802
     ],
     [
      9.5660877,
      56.4788469
     ],
     [
      9.5663264,
      56.4792409
     ],
     [
      9.5664525,
      56.4792394
     ],
     [
      9.5665964,
      56.4792105
     ],
     [
      9.5666568,
      56.4793104
     ],
     [
      9.5667778,
      56.4792881
     ],
     [
      9.5668807,
      56.4794573
     ]
    ]
   },
   "properties": {
    "frequency": "50",
    "location": "outdoor",
    "name": "J\u00e6vnstr\u00f8msstation Tjele",
    "operator": "Energinet",
    "power": "substation",
    "ref": "TJE",
    "substation": "converter",
    "voltage": "400000",
    "wikidata": "Q29084840",
    "wikipedia": "da:J\u00e6vnstr\u00f8msstation Tjele",
    "osm_id": "way/330079127"
   }
  },
  {
   "type": "Feature",
   "geometry": {
    "type": "Polygon",
    "coordinates": [
     [
      [
       25.2909981,
       59.0918742
      ],
      [
       25.2909622,
       59.0918722
      ],
      [
       25.2909588,
       59.0918885
      ],
      [
       25.2909947,
       59.0918905
      ],
      [
       25.2909981,
       59.0918742
      ]
     ]
    ]
   },
   "properties": {
    "building": "yes",
    "power": "converter",
    "osm_id": "way/342341304"
   }
  },
  {
   "type": "Feature",
   "geometry": {
    "type": "LineString",
    "coordinates": [
     [
      9.9814363,
      52.3190966
     ],
     [
      9.9813519,
      52.3190648
     ],
     [
      9.981474,
      52.3189441
     ],
     [
      9.9815583,
      52.318976
     ],
     [
      9.9814363,
      52.3190966
     ]
    ]
   },
   "properties": {
    "area": "yes",
    "power": "converter",
    "osm_id": "way/344006708"
   }
  },
  {
   "type": "Feature",
   "geometry": {
    "type": "Polygon",
    "coordinates": [
     [
      [
       21.6258758,
       61.1521984
      ],
      [
       21.6261017,
       61.152259
      ],
      [
       21.6264092,
       61.1523371
      ],
      [
       21.6264904,
       61.1522625
      ],
      [
       21.6265706,
       61.152189
      ],
      [
       21.6260322,
       61.1520524
      ],
      [
       21.6258758,
       61.1521984
      ]
     ]
    ]
   },
   "properties": {
    "building": "industrial",
    "power": "converter",
    "wikipedia": "en:Fenno-Skan",
    "osm_id": "way/346958797"
   }
  },
  {
   "type": "Feature",
   "geometry": {
    "type": "Polygon",
    "coordinates": [
     [
      [
       21.6251001,
       61.15203
      ],
      [
       21.6253434,
       61.1520921
      ],
      [
       21.625548,
       61.1521443
      ],
      [
       21.6255718,
       61.1521226
      ],
      [
       21.6257123,
       61.1519945
      ],
      [
       21.6252645,
       61.1518801
      ],
      [
       21.6251001,
       61.15203
      ]
     ]
    ]
   },
   "properties": {
    "building": "industrial",
    "power": "converter",
    "wikipedia": "en:Fenno-Skan",
    "osm_id": "way/346958799"
   }
  },
  {
   "type": "Feature",
   "geometry": {
    "type": "LineString",
    "coordinates": [
     [
      9.9461718,
      54.109148
     ],
     [
      9.9464962,
      54.1089428
     ],
     [
      9.9469008,
      54.1091626
     ],
     [
      9.9465765,
      54.1093678
     ],
     [
      9.9461718,
      54.109148
     ]
    ]
   },
   "properties": {
    "converter": "ac_converter",
    "description": "Ein statischer Umrichter mit 35 MW.",
    "frequency": "50;16.7",
    "manufacturer": "ABB",
    "operator": "DB Energie GmbH",
    "power": "converter",
    "rating": "35 MW",
    "voltage": "110000;15000",
    "osm_id": "way/362188021"
   }
  },
  {
   "type": "Feature",
   "geometry": {
    "type": "LineString",
    "coordinates": [
     [
      9.9467148,
      54.1088075
     ],
     [
      9.9470236,
      54.1086095
     ],
     [
      9.9474408,
      54.1088331
     ],
     [
      9.947132,
      54.1090311
     ],
     [
      9.9467148,
      54.1088075
     ]
    ]
   },
   "properties": {
    "construction": "yes",
    "converter": "ac_converter",
    "description": "Ein statischer Umrichter mit 35 MW in Bau.",
    "fixme": "Genaue Position",
    "frequency": "50;16.7",
    "manufacturer": "ABB",
    "operator": "DB Energie GmbH",
    "power": "converter",
    "rating": "35 MW",
    "voltage": "110000;15000",
    "osm_id": "way/362188022"
   }
  },
  {
   "type": "Feature",
   "geometry": {
    "type": "LineString",
    "coordinates": [
     [
      14.4796905,
      52.3393613
     ],
     [
      14.479692,
      52.3394252
     ],
     [
      14.4798363,
      52.3394239
     ],
     [
      14.4798348,
      52.33936
     ],
     [
      14.4796905,
      52.3393613
     ]
    ]
   },
   "properties": {
    "converter": "ac_converter",
    "description": "Ein statischer Umrichter mit 15 MW",
    "frequency": "50;16.67",
    "manufacturer": "Siemens",
    "operator": "DB Energie GmbH",
    "power": "converter",
    "rating": "15 MW",
    "start_date": "unknown",
    "voltage": "110000;15000",
    "osm_id": "way/369572148"
   }
  },
  {
   "type": "Feature",
   "geometry": {
    "type": "LineString",
    "coordinates": [
     [
      14.4798317,
      52.3396575
     ],
     [
      14.4798314,
      52.3396041
     ],
     [
      14.4796892,
      52.3396044
     ],
     [
      14.4796895,
      52.3396578
     ],
     [
      14.4798317,
      52.3396575
     ]
    ]
   },
   "properties": {
    "converter": "ac_converter",
    "description": "Ein statischer Umrichter mit 15 MW",
    "frequency": "50;16.67",
    "manufacturer": "Siemens",
    "operator": "DB Energie GmbH",
    "power": "converter",
    "rating": "15 MW",
    "start_date": "unknown",
    "voltage": "110000;15000",
    "osm_id": "way/369572149"
   }
  },
  {
   "type": "Feature",
   "geometry": {
    "type": "Polygon",
    "coordinates": [
     [
      [
       29.9954269,
       55.4968769
      ],
      [
       29.9955655,
       55.4968472
      ],
      [
       29.9955338,
       55.4967997
      ],
      [
       29.9953951,
       55.4968294
      ],
      [
       29.9954269,
       55.4968769
      ]
     ]
    ]
   },
   "properties": {
    "building": "service",
    "building:levels": "1",
    "contact:phone": "+375 2139 41051",
    "location": "indoor",
    "name": "\u0422\u041f \u2116 767",
    "name:be": "\u0422\u041f \u2116 767",
    "name:ru": "\u0422\u041f \u2116 767",
    "operator": "\u0413\u0420\u042d\u0421",
    "power": "substation",
    "substation": "converter",
    "osm_id": "way/371341063"
   }
  },
  {
   "type": "Feature",
   "geometry": {
    "type": "LineString",
    "coordinates": [
     [
      15.6753557,
      62.5232703
     ],
     [
      15.6753328,
      62.5237678
     ],
     [
      15.6749655,
      62.5238459
     ],
     [
      15.6747869,
      62.5240048
     ],
     [
      15.6738424,
      62.5237861
     ],
     [
      15.6736618,
      62.5236589
     ],
     [
      15.6737069,
      62.5235464
     ],
     [
      15.6740141,
      62.5234505
     ],
     [
      15.6745528,
      62.5230816
     ],
     [
      15.6746612,
      62.5229836
     ],
     [
      15.6752259,
      62.523117
     ],
     [
      15.675119,
      62.5232205
     ],
     [
      15.6753557,
      62.5232703
     ]
    ]
   },
   "properties": {
    "frequency": "50;16.7",
    "power": "converter",
    "voltage": "132000",
    "osm_id": "way/375751480"
   }
  },
  {
   "type": "Feature",
   "geometry": {
    "type": "LineString",
    "coordinates": [
     [
      15.6761014,
      62.5242118
     ],
     [
      15.6753647,
      62.5242342
     ],
     [
      15.6750214,
      62.5240591
     ],
     [
      15.6747869,
      62.5240048
     ],
     [
      15.6738424,
      62.5237861
     ],
     [
      15.6736618,
      62.5236589
     ],
     [
      15.6737069,
      62.5235464
     ],
     [
      15.6740141,
      62.5234505
     ],
     [
      15.6745528,
      62.5230816
     ],
     [
      15.6746612,
      62.5229836
     ],
     [
      15.6752259,
      62.523117
     ],
     [
      15.675119,
      62.5232205
     ],
     [
      15.6753557,
      62.5232703
     ],
     [
      15.675306,
      62.5226815
     ],
     [
      15.6772168,
      62.5226366
     ],
     [
      15.6772141,
      62.5225975
     ],
     [
      15.6785927,
      62.5225637
     ],
     [
      15.6786407,
      62.523387
     ],
     [
      15.6772927,
      62.5234335
     ],
     [
      15.6770045,
      62.5234422
     ],
     [
      15.6766273,
      62.5236475
     ],
     [
      15.6760653,
      62.5236976
     ],
     [
      15.6761014,
      62.5242118
     ]
    ]
   },
   "properties": {
    "frequency": "50;16.7",
    "name": "\u00c5nge",
    "power": "substation",
    "substation": "converter",
    "voltage": "220000;132000",
    "osm_id": "way/375751481"
   }
  },
  {
   "type": "Feature",
   "geometry": {
    "type": "LineString",
    "coordinates": [
     [
      28.8188894,
      60.735181
     ],
     [
      28.8192781,
      60.7352787
     ],
     [
      28.8194283,
      60.735136
     ],
     [
      28.8190396,
      60.7350383
     ],
     [
      28.8188894,
      60.735181
     ]
    ]
   },
   "properties": {
    "location": "outdoor",
    "name": "\u041f\u041f-151",
    "operator": "\u0412\u044b\u0431\u043e\u0440\u0433\u0441\u043a\u043e\u0435 \u043a\u0430\u0440\u044c\u0435\u0440\u043e\u0443\u043f\u0440\u0430\u0432\u043b\u0435\u043d\u0438\u0435",
    "power": "substation",
    "rating": "3200 kVA",
    "ref": "151",
    "substation": "converter",
    "voltage": "10000;6000",
    "osm_id": "way/379988209"
   }
  },
  {
   "type": "Feature",
   "geometry": {
    "type": "Polygon",
    "coordinates": [
     [
      [
       26.8938158,
       54.481685
      ],
      [
       26.8939849,
       54.4816775
      ],
      [
       26.8939781,
       54.4816259
      ],
      [
       26.8938089,
       54.4816334
      ],
      [
       26.8938158,
       54.481685
      ]
     ]
    ]
   },
   "properties": {
    "building": "yes",
    "power": "substation",
    "substation": "converter",
    "osm_id": "way/380069264"
   }
  },
  {
   "type": "Feature",
   "geometry": {
    "type": "Polygon",
    "coordinates": [
     [
      [
       10.0578787,
       53.5657511
      ],
      [
       10.0581439,
       53.5657719
      ],
      [
       10.0581882,
       53.5655736
      ],
      [
       10.0579229,
       53.5655527
      ],
      [
       10.0578787,
       53.5657511
      ]
     ]
    ]
   },
   "properties": {
    "building": "service",
    "operator": "DB",
    "power": "substation",
    "substation": "converter",
    "osm_id": "way/410842098"
   }
  },
  {
   "type": "Feature",
   "geometry": {
    "type": "Polygon",
    "coordinates": [
     [
      [
       14.8370819,
       53.559186
      ],
      [
       14.8371241,
       53.5591674
      ],
      [
       14.8371463,
       53.5591848
      ],
      [
       14.8371035,
       53.5592035
      ],
      [
       14.8370819,
       53.559186
      ]
     ]
    ]
   },
   "properties": {
    "building": "service",
    "power": "converter",
    "osm_id": "way/431823042"
   }
  },
  {
   "type": "Feature",
   "geometry": {
    "type": "Polygon",
    "coordinates": [
     [
      [
       16.1098013,
       61.8215853
      ],
      [
       16.1100601,
       61.8215636
      ],
      [
       16.1099841,
       61.8213617
      ],
      [
       16.1097253,
       61.8213835
      ],
      [
       16.1098013,
       61.8215853
      ]
     ]
    ]
   },
   "properties": {
    "building": "yes",
    "power": "converter",
    "osm_id": "way/450027668"
   }
  },
  {
   "type": "Feature",
   "geometry": {
    "type": "Polygon",
    "coordinates": [
     [
      [
       23.9671183,
       54.4396538
      ],
      [
       23.9675073,
       54.4394756
      ],
      [
       23.9672428,
       54.4392803
      ],
      [
       23.9671536,
       54.4392145
      ],
      [
       23.9670645,
       54.4391487
      ],
      [
       23.9669754,
       54.4390828
      ],
      [
       23.9668862,
       54.439017
      ],
      [
       23.9667971,
       54.4389512
      ],
      [
       23.9667313,
       54.4389027
      ],
      [
       23.9666294,
       54.4389494
      ],
      [
       23.9671965,
       54.4393681
      ],
      [
       23.967164,
       54.439383
      ],
      [
       23.967138,
       54.4393638
      ],
      [
       23.9670014,
       54.4394263
      ],
      [
       23.9670273,
       54.4394454
      ],
      [
       23.9669093,
       54.4394995
      ],
      [
       23.9671183,
       54.4396538
      ]
     ]
    ]
   },
   "properties": {
    "addr:city": "Butrimi\u0161kiai",
    "addr:housenumber": "45",
    "addr:street": "Lank\u0173 g.",
    "building": "yes",
    "converter": "back-to-back",
    "power": "converter",
    "rating": "500 MVA",
    "osm_id": "way/458963150"
   }
  },
  {
   "type": "Feature",
   "geometry": {
    "type": "Polygon",
    "coordinates": [
     [
      [
       27.7872614,
       53.8142906
      ],
      [
       27.7873872,
       53.8142269
      ],
      [
       27.787307,
       53.8141718
      ],
      [
       27.7871813,
       53.8142355
      ],
      [
       27.7872614,
       53.8142906
      ]
     ]
    ]
   },
   "properties": {
    "building": "house",
    "man_made": "street_cabinet",
    "power": "substation",
    "street_cabinet": "power",
    "substation": "converter",
    "osm_id": "way/489763773"
   }
  },
  {
   "type": "Feature",
   "geometry": {
    "type": "LineString",
    "coordinates": [
     [
      14.65523,
      57.7478335
     ],
     [
      14.6550923,
      57.747562
     ],
     [
      14.6540821,
      57.7477079
     ],
     [
      14.6542259,
      57.7479785
     ],
     [
      14.65523,
      57.7478335
     ]
    ]
   },
   "properties": {
    "converter": "vsc",
    "frequency": "0",
    "power": "converter",
    "voltage": "300000",
    "osm_id": "way/493642076"
   }
  },
  {
   "type": "Feature",
   "geometry": {
    "type": "LineString",
    "coordinates": [
     [
      14.6553444,
      57.7478189
     ],
     [
      14.6552004,
      57.747541
     ],
     [
      14.656394,
      57.7473649
     ],
     [
      14.656538,
      57.7476429
     ],
     [
      14.6553444,
      57.7478189
     ]
    ]
   },
   "properties": {
    "converter": "vsc",
    "frequency": "0",
    "power": "converter",
    "voltage": "300000",
    "osm_id": "way/493642077"
   }
  },
  {
   "type": "Feature",
   "geometry": {
    "type": "Polygon",
    "coordinates": [
     [
      [
       13.6030156,
       55.8312705
      ],
      [
       13.6039427,
       55.831461
      ],
      [
       13.603852,
       55.8316002
      ],
      [
       13.6040595,
       55.8316428
      ],
      [
       13.6043104,
       55.8312576
      ],
      [
       13.6031759,
       55.8310244
      ],
      [
       13.6030156,
       55.8312705
      ]
     ]
    ]
   },
   "properties": {
    "building": "service",
    "converter": "vsc",
    "frequency": "0",
    "power": "converter",
    "utility": "power",
    "voltage": "300000",
    "osm_id": "way/494594828"
   }
  },
  {
   "type": "Feature",
   "geometry": {
    "type": "Polygon",
    "coordinates": [
     [
      [
       13.6016508,
       55.8311358
      ],
      [
       13.6018794,
       55.8311835
      ],
      [
       13.6019661,
       55.8310521
      ],
      [
       13.6028891,
       55.8312443
      ],
      [
       13.6030537,
       55.8309951
      ],
      [
       13.6019021,
       55.8307552
      ],
      [
       13.6016508,
       55.8311358
      ]
     ]
    ]
   },
   "properties": {
    "building": "service",
    "converter": "vsc",
    "frequency": "0",
    "power": "converter",
    "utility": "power",
    "voltage": "300000",
    "osm_id": "way/494594829"
   }
  },
  {
   "type": "Feature",
   "geometry": {
    "type": "Polygon",
    "coordinates": [
     [
      [
       21.2561527,
       55.681474
      ],
      [
       21.2569783,
       55.6814246
      ],
      [
       21.2571553,
       55.6823652
      ],
      [
       21.2563298,
       55.6824146
      ],
      [
       21.2561527,
       55.681474
      ]
     ]
    ]
   },
   "properties": {
    "building": "yes",
    "converter": "vsc",
    "name": "Nordbalt",
    "power": "converter",
    "osm_id": "way/494829139"
   }
  },
  {
   "type": "Feature",
   "geometry": {
    "type": "Polygon",
    "coordinates": [
     [
      [
       28.6788333,
       61.197537
      ],
      [
       28.6790505,
       61.197537
      ],
      [
       28.6790478,
       61.1974957
      ],
      [
       28.6788333,
       61.1974957
      ],
      [
       28.6788333,
       61.197537
      ]
     ]
    ]
   },
   "properties": {
    "building": "yes",
    "location": "kiosk",
    "name": "solar",
    "power": "substation",
    "substation": "converter",
    "osm_id": "way/496725034"
   }
  },
  {
   "type": "Feature",
   "geometry": {
    "type": "LineString",
    "coordinates": [
     [
      13.986074,
      53.2350446
     ],
     [
      13.9861013,
      53.2350062
     ],
     [
      13.9861513,
      53.235019
     ],
     [
      13.986124,
      53.2350573
     ],
     [
      13.986074,
      53.2350446
     ]
    ]
   },
   "properties": {
    "operator": "Tesla Motors",
    "power": "converter",
    "osm_id": "way/502744401"
   }
  },
  {
   "type": "Feature",
   "geometry": {
    "type": "Polygon",
    "coordinates": [
     [
      [
       28.9170639,
       60.6816637
      ],
      [
       28.9170567,
       60.6815433
      ],
      [
       28.9177265,
       60.6815336
      ],
      [
       28.9177426,
       60.6818016
      ],
      [
       28.9170727,
       60.6818112
      ],
      [
       28.9170664,
       60.6817048
      ],
      [
       28.9170639,
       60.6816637
      ]
     ]
    ]
   },
   "properties": {
    "building": "industrial",
    "converter": "back-to-back",
    "frequency": "50",
    "power": "converter",
    "voltage": "330000;400000",
    "osm_id": "way/507803742"
   }
  },
  {
   "type": "Feature",
   "geometry": {
    "type": "Polygon",
    "coordinates": [
     [
      [
       28.9154319,
       60.6817372
      ],
      [
       28.9154374,
       60.6818286
      ],
      [
       28.9147929,
       60.6818379
      ],
      [
       28.9147775,
       60.6815803
      ],
      [
       28.915422,
       60.681571
      ],
      [
       28.9154299,
       60.6817032
      ],
      [
       28.9154319,
       60.6817372
      ]
     ]
    ]
   },
   "properties": {
    "building": "industrial",
    "converter": "back-to-back",
    "frequency": "50",
    "power": "converter",
    "voltage": "330000;400000",
    "osm_id": "way/507803745"
   }
  },
  {
   "type": "Feature",
   "geometry": {
    "type": "LineString",
    "coordinates": [
     [
      9.3422627,
      53.9192651
     ],
     [
      9.3423302,
      53.91921
     ],
     [
      9.3439405,
      53.9180164
     ],
     [
      9.3464094,
      53.9191545
     ],
     [
      9.344788,
      53.9203897
     ],
     [
      9.3442857,
      53.920166
     ],
     [
      9.3422627,
      53.9192651
     ]
    ]
   },
   "properties": {
    "access": "no",
    "barrier": "fence",
    "frequency": "0",
    "name": "NordLink HVDC Wilster",
    "note": "HG\u00dc Konverterstation NordLink",
    "operator": "TenneT TSO GmbH",
    "operator:wikidata": "Q1662830",
    "power": "substation",
    "substation": "converter",
    "voltage": "525000;380000",
    "wikidata": "Q1961296",
    "wikipedia": "no:NordLink",
    "osm_id": "way/525964617"
   }
  },
  {
   "type": "Feature",
   "geometry": {
    "type": "LineString",
    "coordinates": [
     [
      24.7982961,
      53.1369452
     ],
     [
      24.7984928,
      53.1365902
     ],
     [
      24.7985351,
      53.1365636
     ],
     [
      24.7985773,
      53.1365408
     ],
     [
      24.7994783,
      53.1367458
     ],
     [
      24.7992211,
      53.1371546
     ],
     [
      24.7982961,
      53.1369452
     ]
    ]
   },
   "properties": {
    "barrier": "wall",
    "location": "outdoor",
    "name": "\u0422\u0430\u0442\u0430\u0440\u044b\u0448\u043a\u0456",
    "name:be": "\u0422\u0430\u0442\u0430\u0440\u044b\u0448\u043a\u0456",
    "name:ru": "\u0422\u0430\u0442\u0430\u0440\u0438\u0448\u043a\u0438",
    "official_short_type": "\u041f\u0421",
    "operator": "\u041e\u041e\u041e \"\u0417\u0438\u043b\u0430\u043d\u0442\"; \u0420\u0423\u041f \"\u0413\u0440\u043e\u0434\u043d\u043e\u044d\u043d\u0435\u0440\u0433\u043e\"",
    "power": "substation",
    "start_date": "2017",
    "substation": "converter",
    "voltage": "20000;110000",
    "osm_id": "way/539082938"
   }
  },
  {
   "type": "Feature",
   "geometry": {
    "type": "LineString",
    "coordinates": [
     [
      9.8612809,
      59.0783421
     ],
     [
      9.861981,
      59.0787969
     ],
     [
      9.8621917,
      59.0787109
     ],
     [
      9.8629868,
      59.0783862
     ],
     [
      9.863381,
      59.0782243
     ],
     [
      9.8640543,
      59.0779479
     ],
     [
      9.8637445,
      59.0777515
     ],
     [
      9.8633462,
      59.0774916
     ],
     [
      9.8632034,
      59.0775471
     ],
     [
      9.8631686,
      59.0775268
     ],
     [
      9.8630143,
      59.0775836
     ],
     [
      9.8630565,
      59.0776071
     ],
     [
      9.8612809,
      59.0783421
     ]
    ]
   },
   "properties": {
    "barrier": "fence",
    "converter": "back-to-back",
    "fence_type": "chain_link",
    "frequency": "50",
    "name": "Solum omformer",
    "operator": "Bane NOR",
    "power": "converter",
    "source": "Norway Orthophoto",
    "osm_id": "way/591223788"
   }
  },
  {
   "type": "Feature",
   "geometry": {
    "type": "Polygon",
    "coordinates": [
     [
      [
       22.0350464,
       55.0332302
      ],
      [
       22.0349614,
       55.0331644
      ],
      [
       22.0348638,
       55.0332057
      ],
      [
       22.0349488,
       55.0332716
      ],
      [
       22.0350464,
       55.0332302
      ]
     ]
    ]
   },
   "properties": {
    "building": "yes",
    "power": "substation",
    "substation": "converter",
    "osm_id": "way/666467943"
   }
  },
  {
   "type": "Feature",
   "geometry": {
    "type": "Polygon",
    "coordinates": [
     [
      [
       12.2148644,
       54.1012532
      ],
      [
       12.2149759,
       54.1012828
      ],
      [
       12.2149376,
       54.1013324
      ],
      [
       12.2160981,
       54.1016408
      ],
      [
       12.216258,
       54.101434
      ],
      [
       12.2163907,
       54.1012624
      ],
      [
       12.2162667,
       54.1012294
      ],
      [
       12.2163036,
       54.1011818
      ],
      [
       12.2161008,
       54.1011279
      ],
      [
       12.2162065,
       54.1009912
      ],
      [
       12.2154989,
       54.1008031
      ],
      [
       12.2153941,
       54.1009386
      ],
      [
       12.2151564,
       54.1008754
      ],
      [
       12.2149763,
       54.1011084
      ],
      [
       12.2148644,
       54.1012532
      ]
     ]
    ]
   },
   "properties": {
    "building": "yes",
    "converter": "back-to-back",
    "note": "HG\u00dc Kurzkupplung",
    "power": "converter",
    "substation": "yes",
    "voltage": "150000",
    "wikidata": "Q52689989",
    "osm_id": "way/712690614"
   }
  },
  {
   "type": "Feature",
   "geometry": {
    "type": "Polygon",
    "coordinates": [
     [
      [
       24.2935241,
       53.6744713
      ],
      [
       24.2935254,
       53.6744339
      ],
      [
       24.2934185,
       53.6744327
      ],
      [
       24.2934173,
       53.67447
      ],
      [
       24.2935241,
       53.6744713
      ]
     ]
    ]
   },
   "properties": {
    "building": "service",
    "power": "converter",
    "osm_id": "way/810096443"
   }
  },
  {
   "type": "Feature",
   "geometry": {
    "type": "Polygon",
    "coordinates": [
     [
      [
       24.292635,
       53.6752089
      ],
      [
       24.2926362,
       53.6751715
      ],
      [
       24.2925294,
       53.6751703
      ],
      [
       24.2925282,
       53.6752076
      ],
      [
       24.292635,
       53.6752089
      ]
     ]
    ]
   },
   "properties": {
    "building": "service",
    "power": "converter",
    "osm_id": "way/810096444"
   }
  },
  {
   "type": "Feature",
   "geometry": {
    "type": "Polygon",
    "coordinates": [
     [
      [
       20.2188443,
       54.9470668
      ],
      [
       20.2188786,
       54.947117
      ],
      [
       20.2187817,
       54.9471389
      ],
      [
       20.2187473,
       54.9470887
      ],
      [
       20.2188443,
       54.9470668
      ]
     ]
    ]
   },
   "properties": {
    "building": "service",
    "building:levels": "1",
    "location": "indoor",
    "power": "substation",
    "ref": "\u0422\u041f 64-3",
    "substation": "converter",
    "osm_id": "way/836620869"
   }
  },
  {
   "type": "Feature",
   "geometry": {
    "type": "Polygon",
    "coordinates": [
     [
      [
       20.218462,
       54.948836
      ],
      [
       20.2184937,
       54.9488689
      ],
      [
       20.2185594,
       54.9488481
      ],
      [
       20.2185278,
       54.9488152
      ],
      [
       20.218462,
       54.948836
      ]
     ]
    ]
   },
   "properties": {
    "building": "service",
    "building:levels": "2",
    "power": "substation",
    "ref": "\u0422\u041f 64-2",
    "substation": "converter",
    "osm_id": "way/836946972"
   }
  },
  {
   "type": "Feature",
   "geometry": {
    "type": "LineString",
    "coordinates": [
     [
      10.7139153,
      59.9184139
     ],
     [
      10.7140145,
      59.9182472
     ],
     [
      10.7139018,
      59.9182304
     ],
     [
      10.7138026,
      59.9183971
     ],
     [
      10.7139153,
      59.9184139
     ]
    ]
   },
   "properties": {
    "name": "Frogner Likeretter",
    "power": "converter",
    "osm_id": "way/868119203"
   }
  },
  {
   "type": "Feature",
   "geometry": {
    "type": "Polygon",
    "coordinates": [
     [
      [
       10.1473942,
       54.3276606
      ],
      [
       10.1475229,
       54.3276164
      ],
      [
       10.1475303,
       54.3276046
      ],
      [
       10.1475283,
       54.3275933
      ],
      [
       10.1472869,
       54.327363
      ],
      [
       10.147258,
       54.3273552
      ],
      [
       10.1472354,
       54.3273595
      ],
      [
       10.1472082,
       54.3273754
      ],
      [
       10.1470342,
       54.3275039
      ],
      [
       10.1470291,
       54.3275139
      ],
      [
       10.1470359,
       54.327522
      ],
      [
       10.1473767,
       54.3276606
      ],
      [
       10.1473942,
       54.3276606
      ]
     ]
    ]
   },
   "properties": {
    "building": "yes",
    "description": "Umspannwerk f\u00fcr Landstrom",
    "frequency": "50",
    "location": "indoor",
    "power": "substation",
    "substation": "converter",
    "voltage": "110000;11000;10400;6600",
    "osm_id": "way/869941118"
   }
  },
  {
   "type": "Feature",
   "geometry": {
    "type": "Polygon",
    "coordinates": [
     [
      [
       9.3441965,
       53.9194077
      ],
      [
       9.3437106,
       53.9191803
      ],
      [
       9.3434809,
       53.9190728
      ],
      [
       9.3430726,
       53.9188817
      ],
      [
       9.3425794,
       53.9192472
      ],
      [
       9.3437032,
       53.9197732
      ],
      [
       9.3441965,
       53.9194077
      ]
     ]
    ]
   },
   "properties": {
    "building": "industrial",
    "converter": "vsc",
    "location": "indoor",
    "power": "converter",
    "osm_id": "way/882960312"
   }
  },
  {
   "type": "Feature",
   "geometry": {
    "type": "Polygon",
    "coordinates": [
     [
      [
       9.3451448,
       53.9186751
      ],
      [
       9.3440209,
       53.918149
      ],
      [
       9.3435277,
       53.9185145
      ],
      [
       9.3439607,
       53.9187172
      ],
      [
       9.3441905,
       53.9188248
      ],
      [
       9.3446516,
       53.9190406
      ],
      [
       9.3451448,
       53.9186751
      ]
     ]
    ]
   },
   "properties": {
    "building": "industrial",
    "converter": "vsc",
    "location": "indoor",
    "power": "converter",
    "osm_id": "way/882960313"
   }
  },
  {
   "type": "Feature",
   "geometry": {
    "type": "Polygon",
    "coordinates": [
     [
      [
       9.2332148,
       53.9178118
      ],
      [
       9.2333818,
       53.9178314
      ],
      [
       9.233644,
       53.9178623
      ],
      [
       9.233792,
       53.9174267
      ],
      [
       9.233943,
       53.916982
      ],
      [
       9.2335138,
       53.9169314
      ],
      [
       9.2334383,
       53.9171538
      ],
      [
       9.2332691,
       53.9171339
      ],
      [
       9.2331142,
       53.9175902
      ],
      [
       9.2332833,
       53.9176101
      ],
      [
       9.2332148,
       53.9178118
      ]
     ]
    ]
   },
   "properties": {
    "building": "yes",
    "frequency": "0",
    "poles": "2",
    "power": "converter",
    "voltage": "320000",
    "osm_id": "way/914793840"
   }
  },
  {
   "type": "Feature",
   "geometry": {
    "type": "LineString",
    "coordinates": [
     [
      11.9828068,
      53.8248324
     ],
     [
      11.9830294,
      53.8248518
     ],
     [
      11.9830738,
      53.8246741
     ],
     [
      11.9828512,
      53.8246547
     ],
     [
      11.9828068,
      53.8248324
     ]
    ]
   },
   "properties": {
    "converter": "back-to-back",
    "description": "Ein statischer Umrichter mit 15 MW",
    "frequency": "50;16.67",
    "manufacturer": "GE Power Conversion",
    "operator": "DB Energie GmbH",
    "power": "converter",
    "start_date": "2020",
    "voltage": "110000;15000",
    "osm_id": "way/915132812"
   }
  },
  {
   "type": "Feature",
   "geometry": {
    "type": "LineString",
    "coordinates": [
     [
      11.9831131,
      53.8248615
     ],
     [
      11.9833341,
      53.8248833
     ],
     [
      11.983384,
      53.8247067
     ],
     [
      11.9831631,
      53.8246849
     ],
     [
      11.9831131,
      53.8248615
     ]
    ]
   },
   "properties": {
    "converter": "back-to-back",
    "description": "Ein statischer Umrichter mit 15 MW",
    "frequency": "50;16.67",
    "manufacturer": "GE Power Conversion",
    "operator": "DB Energie GmbH",
    "power": "converter",
    "start_date": "2020",
    "voltage": "110000;15000",
    "osm_id": "way/915132813"
   }
  },
  {
   "type": "Feature",
   "geometry": {
    "type": "LineString",
    "coordinates": [
     [
      10.698071,
      56.1923006
     ],
     [
      10.6981353,
      56.1922868
     ],
     [
      10.6981168,
      56.19226
     ],
     [
      10.6980525,
      56.1922738
     ],
     [
      10.698071,
      56.1923006
     ]
    ]
   },
   "properties": {
    "power": "converter",
    "osm_id": "way/921067433"
   }
  },
  {
   "type": "Feature",
   "geometry": {
    "type": "Polygon",
    "coordinates": [
     [
      [
       13.2219149,
       55.715799
      ],
      [
       13.2220489,
       55.7157998
      ],
      [
       13.2220495,
       55.7157676
      ],
      [
       13.2220327,
       55.7157675
      ],
      [
       13.2219155,
       55.7157668
      ],
      [
       13.2219149,
       55.715799
      ]
     ]
    ]
   },
   "properties": {
    "building": "yes",
    "power": "converter",
    "osm_id": "way/937068763"
   }
  },
  {
   "type": "Feature",
   "geometry": {
    "type": "LineString",
    "coordinates": [
     [
      12.2175562,
      54.1014934
     ],
     [
      12.218192,
      54.100672
     ],
     [
      12.215526,
      54.099951
     ],
     [
      12.2153141,
      54.0996396
     ],
     [
      12.2156552,
      54.0991971
     ],
     [
      12.2155931,
      54.0991781
     ],
     [
      12.2155451,
      54.0991637
     ],
     [
      12.2145226,
      54.1004861
     ],
     [
      12.2165924,
      54.1010511
     ],
     [
      12.2164752,
      54.1011987
     ],
     [
      12.2175562,
      54.1014934
     ]
    ]
   },
   "properties": {
    "access": "no",
    "frequency": "0",
    "location": "outdoor",
    "name": "Bentwisch HG\u00dc",
    "operator": "50Hertz Transmission",
    "operator:wikidata": "Q241331",
    "operator:wikipedia": "de:50Hertz Transmission",
    "power": "substation",
    "substation": "converter",
    "voltage": "400000",
    "wikidata": "Q52689989",
    "osm_id": "way/940919943"
   }
  },
  {
   "type": "Feature",
   "geometry": {
    "type": "LineString",
    "coordinates": [
     [
      20.0159445,
      60.1518922
     ],
     [
      20.0161637,
      60.1524922
     ],
     [
      20.0161859,
      60.152553
     ],
     [
      20.0159472,
      60.1525824
     ],
     [
      20.0148368,
      60.1528357
     ],
     [
      20.014594,
      60.1527095
     ],
     [
      20.0143526,
      60.1521579
     ],
     [
      20.0146396,
      60.1521218
     ],
     [
      20.0148958,
      60.152009
     ],
     [
      20.0159445,
      60.1518922
     ]
    ]
   },
   "properties": {
    "barrier": "fence",
    "power": "substation",
    "substation": "converter",
    "voltage": "110000",
    "osm_id": "way/964079352"
   }
  },
  {
   "type": "Feature",
   "geometry": {
    "type": "Polygon",
    "coordinates": [
     [
      [
       23.1056966,
       53.133757
      ],
      [
       23.1057733,
       53.133746
      ],
      [
       23.1057524,
       53.1336938
      ],
      [
       23.1056757,
       53.1337049
      ],
      [
       23.1056966,
       53.133757
      ]
     ]
    ]
   },
   "properties": {
    "building": "yes",
    "frequency": "50",
    "power": "substation",
    "roof:colour": "dimgray",
    "roof:material": "tar_paper",
    "roof:shape": "flat",
    "substation": "converter",
    "osm_id": "way/976067955"
   }
  },
  {
   "type": "Feature",
   "geometry": {
    "type": "LineString",
    "coordinates": [
     [
      26.0903314,
      52.1397673
     ],
     [
      26.0902238,
      52.1402672
     ],
     [
      26.0907493,
      52.1403188
     ],
     [
      26.0913288,
      52.1403759
     ],
     [
      26.0913744,
      52.1403479
     ],
     [
      26.0914469,
      52.140096
     ],
     [
      26.0914561,
      52.1399011
     ],
     [
      26.09126,
      52.1398801
     ],
     [
      26.0903314,
      52.1397673
     ]
    ]
   },
   "properties": {
    "frequency": "50",
    "location": "outdoor",
    "name": "\u041f\u0438\u043d\u0441\u043a-\u0421\u0435\u0432\u0435\u0440\u043d\u0430\u044f",
    "official_short_type": "\u041f\u0421",
    "opening_hours": "24/7",
    "operator": "\u0424\u0438\u043b\u0438\u0430\u043b \u0420\u0423\u041f \"\u0411\u0440\u0435\u0441\u0442\u044d\u043d\u0435\u0440\u0433\u043e\" \u041f\u0438\u043d\u0441\u043a\u0438\u0435 \u044d\u043b\u0435\u043a\u0442\u0440\u0438\u0447\u0435\u0441\u043a\u0438\u0435 \u0441\u0435\u0442\u0438",
    "power": "substation",
    "ref": "\u041f\u0421-110",
    "source": "local_knowledge; image",
    "substation": "converter",
    "voltage": "10000",
    "osm_id": "way/989031128"
   }
  },
  {
   "type": "Feature",
   "geometry": {
    "type": "LineString",
    "coordinates": [
     [
      23.1479393,
      53.1148189
     ],
     [
      23.1480177,
      53.1148382
     ],
     [
      23.1480474,
      53.1147947
     ],
     [
      23.147969,
      53.1147754
     ],
     [
      23.1479576,
      53.1147922
     ],
     [
      23.1479491,
      53.1148046
     ],
     [
      23.1479393,
      53.1148189
     ]
    ]
   },
   "properties": {
    "building:levels": "1",
    "power": "substation",
    "roof:colour": "dimgray",
    "roof:material": "tar_paper",
    "roof:shape": "flat",
    "substation": "converter",
    "osm_id": "way/992769694"
   }
  },
  {
   "type": "Feature",
   "geometry": {
    "type": "Polygon",
    "coordinates": [
     [
      [
       18.6488267,
       52.0771529
      ],
      [
       18.6487282,
       52.0771538
      ],
      [
       18.648729,
       52.07719
      ],
      [
       18.6488275,
       52.0771891
      ],
      [
       18.6488267,
       52.0771529
      ]
     ]
    ]
   },
   "properties": {
    "building": "yes",
    "power": "converter",
    "osm_id": "way/1012727807"
   }
  },
  {
   "type": "Feature",
   "geometry": {
    "type": "Polygon",
    "coordinates": [
     [
      [
       23.1226767,
       53.1119068
      ],
      [
       23.1226937,
       53.1118852
      ],
      [
       23.1226944,
       53.1118843
      ],
      [
       23.1227592,
       53.1119024
      ],
      [
       23.1227416,
       53.111925
      ],
      [
       23.1226767,
       53.1119068
      ]
     ]
    ]
   },
   "properties": {
    "building": "service",
    "building:colour": "cornsilk",
    "building:levels": "1",
    "frequency": "50",
    "location": "indoor",
    "operator": "PGE Dystrybucja",
    "power": "substation",
    "ref": "ST-01-1785",
    "roof:colour": "saddlebrown",
    "roof:material": "metal_sheet",
    "roof:shape": "gabled",
    "substation": "converter",
    "voltage": "150000;400",
    "osm_id": "way/1019256758"
   }
  },
  {
   "type": "Feature",
   "geometry": {
    "type": "LineString",
    "coordinates": [
     [
      18.3890499,
      54.706022
     ],
     [
      18.3889957,
      54.7059781
     ],
     [
      18.3891909,
      54.7058976
     ],
     [
      18.3892451,
      54.7059416
     ],
     [
      18.3890499,
      54.706022
     ]
    ]
   },
   "properties": {
    "location": "indoor",
    "name": "Magazyn energii",
    "operator": "Enrga Operator",
    "power": "substation",
    "start_date": "2016",
    "substation": "converter",
    "voltage": "15000",
    "website": "https://media.energa.pl/pr/327802/energa-rozpoczyna-magazynowanie-energii",
    "osm_id": "way/1030041024"
   }
  },
  {
   "type": "Feature",
   "geometry": {
    "type": "LineString",
    "coordinates": [
     [
      18.3886141,
      54.7061982
     ],
     [
      18.3885598,
      54.7061542
     ],
     [
      18.388755,
      54.7060738
     ],
     [
      18.3888093,
      54.7061178
     ],
     [
      18.3886141,
      54.7061982
     ]
    ]
   },
   "properties": {
    "location": "indoor",
    "name": "Magazyn energii",
    "operator": "Enrga Operator",
    "power": "substation",
    "start_date": "2016",
    "substation": "converter",
    "voltage": "15000",
    "website": "https://media.energa.pl/pr/327802/energa-rozpoczyna-magazynowanie-energii",
    "osm_id": "way/1030041025"
   }
  },
  {
   "type": "Feature",
   "geometry": {
    "type": "Polygon",
    "coordinates": [
     [
      [
       14.6328441,
       53.6581697
      ],
      [
       14.6328839,
       53.6581572
      ],
      [
       14.6328497,
       53.6581189
      ],
      [
       14.63281,
       53.6581313
      ],
      [
       14.6328441,
       53.6581697
      ]
     ]
    ]
   },
   "properties": {
    "building": "service",
    "location": "outdoor",
    "operator": "Enea",
    "power": "substation",
    "ref": "ST 9763382",
    "substation": "converter",
    "osm_id": "way/1050563688"
   }
  },
  {
   "type": "Feature",
   "geometry": {
    "type": "Polygon",
    "coordinates": [
     [
      [
       14.6376708,
       53.7637428
      ],
      [
       14.6377066,
       53.7637543
      ],
      [
       14.6377252,
       53.7637342
      ],
      [
       14.6376895,
       53.7637226
      ],
      [
       14.6376708,
       53.7637428
      ]
     ]
    ]
   },
   "properties": {
    "building": "service",
    "power": "converter",
    "osm_id": "way/1076158581"
   }
  },
  {
   "type": "Feature",
   "geometry": {
    "type": "LineString",
    "coordinates": [
     [
      13.6763364,
      54.1405802
     ],
     [
      13.6800139,
      54.1402406
     ],
     [
      13.6800091,
      54.1402209
     ],
     [
      13.6804273,
      54.1401823
     ],
     [
      13.6820591,
      54.1400361
     ],
     [
      13.6819376,
      54.1395773
     ],
     [
      13.6823815,
      54.1395427
     ],
     [
      13.6821751,
      54.1387295
     ],
     [
      13.6819288,
      54.1387526
     ],
     [
      13.6817319,
      54.1380432
     ],
     [
      13.6816557,
      54.1377777
     ],
     [
      13.6766596,
      54.1382391
     ],
     [
      13.6760137,
      54.1382987
     ],
     [
      13.6758785,
      54.1389002
     ],
     [
      13.6761018,
      54.1397152
     ],
     [
      13.6762686,
      54.1403352
     ],
     [
      13.6763364,
      54.1405802
     ]
    ]
   },
   "properties": {
    "access": "no",
    "addr:city": "Rubenow",
    "addr:country": "DE",
    "addr:postcode": "17509",
    "addr:street": "Latzower Stra\u00dfe",
    "area": "yes",
    "frequency": "50",
    "name": "Umspannwerk Lubmin",
    "name:abbreviation": "Lub",
    "operator": "50Hertz Transmission",
    "operator:wikidata": "Q241331",
    "power": "substation",
    "ref": "Lub",
    "substation": "converter",
    "voltage": "220000",
    "wikidata": "Q55195714",
    "osm_id": "way/1091984573"
   }
  },
  {
   "type": "Feature",
   "geometry": {
    "type": "LineString",
    "coordinates": [
     [
      9.1657121,
      55.5052938
     ],
     [
      9.1662422,
      55.5038963
     ],
     [
      9.1667279,
      55.5039536
     ],
     [
      9.1679215,
      55.5040944
     ],
     [
      9.1702521,
      55.5043695
     ],
     [
      9.1695548,
      55.5062668
     ],
     [
      9.1659774,
      55.5058368
     ],
     [
      9.1661603,
      55.5053434
     ],
     [
      9.1657121,
      55.5052938
     ]
    ]
   },
   "properties": {
    "frequency": "0",
    "name": "Viking Link omformerstation Revsing",
    "power": "substation",
    "rating": "1400",
    "source": "SDFE aerial imagery 2022",
    "start_date": "2023",
    "substation": "converter",
    "voltage": "525000;400000",
    "wikidata": "Q21208645",
    "wikipedia": "en:Viking Link",
    "osm_id": "way/1101832649"
   }
  },
  {
   "type": "Feature",
   "geometry": {
    "type": "Polygon",
    "coordinates": [
     [
      [
       9.1695601,
       55.5055218
      ],
      [
       9.1694179,
       55.505907
      ],
      [
       9.1690782,
       55.5058668
      ],
      [
       9.1690252,
       55.5060104
      ],
      [
       9.1677687,
       55.5058615
      ],
      [
       9.1679639,
       55.5053328
      ],
      [
       9.1681507,
       55.5053545
      ],
      [
       9.1685031,
       55.5053966
      ],
      [
       9.1690748,
       55.5054643
      ],
      [
       9.1695601,
       55.5055218
      ]
     ]
    ]
   },
   "properties": {
    "building": "industrial",
    "frequency": "0",
    "power": "converter",
    "source": "SDFE aerial imagery 2022",
    "utility": "power",
    "voltage": "525000",
    "wikimedia_commons": "File:Revsing Omformerstation 2023.jpg",
    "osm_id": "way/1101832653"
   }
  },
  {
   "type": "Feature",
   "geometry": {
    "type": "Polygon",
    "coordinates": [
     [
      [
       9.1683439,
       55.5043339
      ],
      [
       9.1695959,
       55.5044848
      ],
      [
       9.1695448,
       55.5046207
      ],
      [
       9.1698874,
       55.504662
      ],
      [
       9.1697412,
       55.5050512
      ],
      [
       9.1692508,
       55.5049921
      ],
      [
       9.1686845,
       55.5049239
      ],
      [
       9.1683269,
       55.5048812
      ],
      [
       9.1681466,
       55.5048591
      ],
      [
       9.1683439,
       55.5043339
      ]
     ]
    ]
   },
   "properties": {
    "building": "industrial",
    "frequency": "0",
    "power": "converter",
    "source": "SDFE aerial imagery 2022",
    "utility": "power",
    "voltage": "525000",
    "osm_id": "way/1101832654"
   }
  },
  {
   "type": "Feature",
   "geometry": {
    "type": "Polygon",
    "coordinates": [
     [
      [
       27.331215,
       56.5128449
      ],
      [
       27.3312579,
       56.5128967
      ],
      [
       27.331296,
       56.512887
      ],
      [
       27.3312531,
       56.5128352
      ],
      [
       27.331215,
       56.5128449
      ]
     ]
    ]
   },
   "properties": {
    "building": "yes",
    "power": "converter",
    "osm_id": "way/1122904072"
   }
  },
  {
   "type": "Feature",
   "geometry": {
    "type": "Polygon",
    "coordinates": [
     [
      [
       18.6484836,
       52.0771544
      ],
      [
       18.6483851,
       52.0771553
      ],
      [
       18.6483859,
       52.0771915
      ],
      [
       18.6484844,
       52.0771907
      ],
      [
       18.6484836,
       52.0771544
      ]
     ]
    ]
   },
   "properties": {
    "building": "yes",
    "power": "converter",
    "osm_id": "way/1125852529"
   }
  },
  {
   "type": "Feature",
   "geometry": {
    "type": "Polygon",
    "coordinates": [
     [
      [
       18.6458761,
       52.0771718
      ],
      [
       18.6457776,
       52.0771726
      ],
      [
       18.6457784,
       52.0772089
      ],
      [
       18.6458769,
       52.077208
      ],
      [
       18.6458761,
       52.0771718
      ]
     ]
    ]
   },
   "properties": {
    "building": "yes",
    "power": "converter",
    "osm_id": "way/1125852530"
   }
  },
  {
   "type": "Feature",
   "geometry": {
    "type": "Polygon",
    "coordinates": [
     [
      [
       18.6455281,
       52.0771706
      ],
      [
       18.6454296,
       52.0771714
      ],
      [
       18.6454304,
       52.0772077
      ],
      [
       18.6455289,
       52.0772068
      ],
      [
       18.6455281,
       52.0771706
      ]
     ]
    ]
   },
   "properties": {
    "building": "yes",
    "power": "converter",
    "osm_id": "way/1125852531"
   }
  },
  {
   "type": "Feature",
   "geometry": {
    "type": "Polygon",
    "coordinates": [
     [
      [
       13.3572507,
       52.4563893
      ],
      [
       13.3572704,
       52.4562484
      ],
      [
       13.3567901,
       52.4562235
      ],
      [
       13.3567834,
       52.4562719
      ],
      [
       13.356792,
       52.4562724
      ],
      [
       13.3567865,
       52.4563116
      ],
      [
       13.357173,
       52.4563316
      ],
      [
       13.3571655,
       52.4563849
      ],
      [
       13.3572507,
       52.4563893
      ]
     ]
    ]
   },
   "properties": {
    "addr:city": "Berlin",
    "addr:country": "DE",
    "addr:housenumber": "48",
    "addr:postcode": "12105",
    "addr:street": "Prellerweg",
    "building": "yes",
    "name": "Gleichstromunterwerk Priesterweg",
    "operator": "DB Energie",
    "operator:wikidata": "Q1152043",
    "power": "converter",
    "osm_id": "way/1128304407"
   }
  },
  {
   "type": "Feature",
   "geometry": {
    "type": "Polygon",
    "coordinates": [
     [
      [
       9.7176813,
       55.5343016
      ],
      [
       9.7176841,
       55.5342891
      ],
      [
       9.7177023,
       55.5342903
      ],
      [
       9.7176997,
       55.5343029
      ],
      [
       9.7176813,
       55.5343016
      ]
     ]
    ]
   },
   "properties": {
    "description": "Tesla V3 Supercharger Power Cabinet",
    "man_made": "street_cabinet",
    "operator": "Tesla",
    "operator:wikidata": "Q478214",
    "power": "converter",
    "roof:shape": "flat",
    "utility": "power",
    "osm_id": "way/1183494910"
   }
  },
  {
   "type": "Feature",
   "geometry": {
    "type": "Polygon",
    "coordinates": [
     [
      [
       9.7176786,
       55.534313
      ],
      [
       9.7176813,
       55.5343016
      ],
      [
       9.7176997,
       55.5343029
      ],
      [
       9.7176974,
       55.5343143
      ],
      [
       9.7176786,
       55.534313
      ]
     ]
    ]
   },
   "properties": {
    "description": "Tesla V3 Supercharger Power Cabinet",
    "man_made": "street_cabinet",
    "operator": "Tesla",
    "operator:wikidata": "Q478214",
    "power": "converter",
    "roof:shape": "flat",
    "utility": "power",
    "osm_id": "way/1183494911"
   }
  },
  {
   "type": "Feature",
   "geometry": {
    "type": "Polygon",
    "coordinates": [
     [
      [
       9.7176754,
       55.5343259
      ],
      [
       9.7176786,
       55.534313
      ],
      [
       9.7176974,
       55.5343143
      ],
      [
       9.7176948,
       55.5343273
      ],
      [
       9.7176754,
       55.5343259
      ]
     ]
    ]
   },
   "properties": {
    "description": "Tesla V3 Supercharger Power Cabinet",
    "man_made": "street_cabinet",
    "operator": "Tesla",
    "operator:wikidata": "Q478214",
    "power": "converter",
    "roof:shape": "flat",
    "utility": "power",
    "osm_id": "way/1183494912"
   }
  },
  {
   "type": "Feature",
   "geometry": {
    "type": "Polygon",
    "coordinates": [
     [
      [
       9.7176718,
       55.5343387
      ],
      [
       9.7176754,
       55.5343259
      ],
      [
       9.7176948,
       55.5343273
      ],
      [
       9.7176921,
       55.5343403
      ],
      [
       9.7176718,
       55.5343387
      ]
     ]
    ]
   },
   "properties": {
    "description": "Tesla V3 Supercharger Power Cabinet",
    "man_made": "street_cabinet",
    "operator": "Tesla",
    "operator:wikidata": "Q478214",
    "power": "converter",
    "roof:shape": "flat",
    "utility": "power",
    "osm_id": "way/1183494913"
   }
  },
  {
   "type": "Feature",
   "geometry": {
    "type": "Polygon",
    "coordinates": [
     [
      [
       9.7176685,
       55.5343505
      ],
      [
       9.7176718,
       55.5343387
      ],
      [
       9.7176921,
       55.5343403
      ],
      [
       9.7176892,
       55.5343523
      ],
      [
       9.7176685,
       55.5343505
      ]
     ]
    ]
   },
   "properties": {
    "description": "Tesla V3 Supercharger Power Cabinet",
    "man_made": "street_cabinet",
    "operator": "Tesla",
    "operator:wikidata": "Q478214",
    "power": "converter",
    "roof:shape": "flat",
    "utility": "power",
    "osm_id": "way/1183494914"
   }
  },
  {
   "type": "Feature",
   "geometry": {
    "type": "Polygon",
    "coordinates": [
     [
      [
       9.7176651,
       55.5343631
      ],
      [
       9.7176685,
       55.5343505
      ],
      [
       9.7176892,
       55.5343523
      ],
      [
       9.7176859,
       55.5343649
      ],
      [
       9.7176651,
       55.5343631
      ]
     ]
    ]
   },
   "properties": {
    "description": "Tesla V3 Supercharger Power Cabinet",
    "man_made": "street_cabinet",
    "operator": "Tesla",
    "operator:wikidata": "Q478214",
    "power": "converter",
    "roof:shape": "flat",
    "utility": "power",
    "osm_id": "way/1183494915"
   }
  },
  {
   "type": "Feature",
   "geometry": {
    "type": "Polygon",
    "coordinates": [
     [
      [
       25.1696786,
       60.8457737
      ],
      [
       25.1696471,
       60.8458171
      ],
      [
       25.1697572,
       60.845836
      ],
      [
       25.1697738,
       60.8458132
      ],
      [
       25.1697887,
       60.8457927
      ],
      [
       25.1697398,
       60.8457843
      ],
      [
       25.1696786,
       60.8457737
      ]
     ]
    ]
   },
   "properties": {
    "building": "yes",
    "power": "converter",
    "osm_id": "way/1184804085"
   }
  },
  {
   "type": "Feature",
   "geometry": {
    "type": "LineString",
    "coordinates": [
     [
      12.4544361,
      52.8492622
     ],
     [
      12.4546768,
      52.8491022
     ],
     [
      12.4546045,
      52.8490625
     ],
     [
      12.4543637,
      52.8492226
     ],
     [
      12.4544361,
      52.8492622
     ]
    ]
   },
   "properties": {
    "converter": "ac_converter",
    "description": "Ein statischer Umrichter mit 15 MW",
    "frequency": "50;16.67",
    "manufacturer": "Siemens",
    "operator": "DB Energie GmbH",
    "power": "converter",
    "voltage": "110000;15000",
    "osm_id": "way/1227037246"
   }
  },
  {
   "type": "Feature",
   "geometry": {
    "type": "LineString",
    "coordinates": [
     [
      12.4542648,
      52.8491693
     ],
     [
      12.4545052,
      52.8490114
     ],
     [
      12.4544204,
      52.8489643
     ],
     [
      12.4541801,
      52.8491222
     ],
     [
      12.4542648,
      52.8491693
     ]
    ]
   },
   "properties": {
    "converter": "ac_converter",
    "description": "Ein statischer Umrichter mit 15 MW",
    "frequency": "50;16.67",
    "manufacturer": "Siemens",
    "operator": "DB Energie GmbH",
    "power": "converter",
    "voltage": "110000;15000",
    "osm_id": "way/1227037247"
   }
  },
  {
   "type": "Feature",
   "geometry": {
    "type": "Polygon",
    "coordinates": [
     [
      [
       24.5530467,
       60.2044895
      ],
      [
       24.5531094,
       60.2044183
      ],
      [
       24.5531927,
       60.204328
      ],
      [
       24.5532955,
       60.2041963
      ],
      [
       24.5528693,
       60.203626
      ],
      [
       24.5526588,
       60.2035428
      ],
      [
       24.5525339,
       60.2033579
      ],
      [
       24.5523074,
       60.2030226
      ],
      [
       24.5517795,
       60.2030328
      ],
      [
       24.551286,
       60.2030423
      ],
      [
       24.5505139,
       60.2030568
      ],
      [
       24.5503668,
       60.2034873
      ],
      [
       24.5502746,
       60.2037833
      ],
      [
       24.550125,
       60.2042709
      ],
      [
       24.5519221,
       60.2042869
      ],
      [
       24.5530467,
       60.2044895
      ]
     ]
    ]
   },
   "properties": {
    "frequency": "0",
    "landuse": "industrial",
    "location": "indoor",
    "name": "Espoon s\u00e4hk\u00f6asema",
    "operator": "Fingrid",
    "operator:wikidata": "Q1417185",
    "power": "substation",
    "substation": "converter",
    "voltage": "150000",
    "osm_id": "way/1262323677"
   }
  },
  {
   "type": "Feature",
   "geometry": {
    "type": "LineString",
    "coordinates": [
     [
      24.5590425,
      59.3844573
     ],
     [
      24.5585099,
      59.3851116
     ],
     [
      24.5604402,
      59.3855237
     ],
     [
      24.5610717,
      59.3847096
     ],
     [
      24.5612244,
      59.3845279
     ],
     [
      24.5599517,
      59.3842505
     ],
     [
      24.559664,
      59.3845928
     ],
     [
      24.5590425,
      59.3844573
     ]
    ]
   },
   "properties": {
    "barrier": "fence",
    "frequency": "0",
    "location": "indoor",
    "name": "Harku alajaam",
    "operator": "Elering;Elektrilevi",
    "power": "substation",
    "substation": "converter",
    "voltage": "150000",
    "osm_id": "way/1262324052"
   }
  },
  {
   "type": "Feature",
   "geometry": {
    "type": "Polygon",
    "coordinates": [
     [
      [
       27.0681922,
       59.3708978
      ],
      [
       27.0687179,
       59.3709197
      ],
      [
       27.0687354,
       59.37081
      ],
      [
       27.0685247,
       59.3708012
      ],
      [
       27.0685535,
       59.3706215
      ],
      [
       27.0683121,
       59.3706115
      ],
      [
       27.0680707,
       59.3706015
      ],
      [
       27.0678293,
       59.3705914
      ],
      [
       27.0678159,
       59.3706749
      ],
      [
       27.0676881,
       59.3706696
      ],
      [
       27.0676727,
       59.3707659
      ],
      [
       27.0682098,
       59.3707882
      ],
      [
       27.0681922,
       59.3708978
      ]
     ]
    ]
   },
   "properties": {
    "addr:city": "L\u00fcganuse alevik",
    "addr:country": "EE",
    "addr:housenumber": "7",
    "addr:postcode": "43301",
    "addr:street": "Alajaama tee",
    "building": "service",
    "height": "22",
    "maaamet:ETAK": "6710146",
    "power": "converter",
    "source:addr": "Maa- ja Ruumiamet 2025",
    "utility": "power",
    "osm_id": "way/1265060116"
   }
  },
  {
   "type": "Feature",
   "geometry": {
    "type": "LineString",
    "coordinates": [
     [
      12.2145226,
      54.1004861
     ],
     [
      12.2144495,
      54.1004659
     ],
     [
      12.2139153,
      54.101123
     ],
     [
      12.2141037,
      54.1011713
     ],
     [
      12.2171681,
      54.1019949
     ],
     [
      12.2175562,
      54.1014934
     ],
     [
      12.2164752,
      54.1011987
     ],
     [
      12.2165924,
      54.1010511
     ],
     [
      12.2145226,
      54.1004861
     ]
    ]
   },
   "properties": {
    "access": "no",
    "frequency": "50",
    "location": "outdoor",
    "name": "Bentwisch HG\u00dc Kurzkupplung",
    "operator": "50Hertz Transmission",
    "operator:wikidata": "Q241331",
    "operator:wikipedia": "de:50Hertz Transmission",
    "power": "substation",
    "substation": "converter",
    "voltage": "150000",
    "wikidata": "Q52689989",
    "osm_id": "way/1265537498"
   }
  },
  {
   "type": "Feature",
   "geometry": {
    "type": "LineString",
    "coordinates": [
     [
      14.6576977,
      57.7481824
     ],
     [
      14.6575797,
      57.748128
     ],
     [
      14.6570572,
      57.7470977
     ],
     [
      14.6565369,
      57.7470118
     ],
     [
      14.6558449,
      57.7471034
     ],
     [
      14.6553835,
      57.7468586
     ],
     [
      14.6536562,
      57.7470991
     ],
     [
      14.6538064,
      57.7474025
     ],
     [
      14.6531251,
      57.7475056
     ],
     [
      14.6537152,
      57.7486779
     ],
     [
      14.6545038,
      57.7490013
     ],
     [
      14.6549223,
      57.7491573
     ],
     [
      14.6555391,
      57.7489731
     ],
     [
      14.6560972,
      57.7487106
     ],
     [
      14.6573822,
      57.7484324
     ],
     [
      14.6576977,
      57.7481824
     ]
    ]
   },
   "properties": {
    "frequency": "0",
    "name": "Barkeryd omriktarstationerna",
    "power": "substation",
    "substation": "converter",
    "voltage": "300000",
    "website": "https://www.svk.se/natutveckling/utbyggnadsprojekt/sydvastlanken/",
    "wikidata": "Q7659648",
    "wikipedia": "sv:Sydv\u00e4stl\u00e4nken",
    "osm_id": "way/1265541077"
   }
  },
  {
   "type": "Feature",
   "geometry": {
    "type": "LineString",
    "coordinates": [
     [
      9.570045,
      56.4788913
     ],
     [
      9.5668807,
      56.4794573
     ],
     [
      9.5671418,
      56.4798867
     ],
     [
      9.5659864,
      56.4801028
     ],
     [
      9.5660286,
      56.4801731
     ],
     [
      9.5661871,
      56.4802606
     ],
     [
      9.5665653,
      56.4808343
     ],
     [
      9.5668807,
      56.4810059
     ],
     [
      9.5671051,
      56.4813673
     ],
     [
      9.5685066,
      56.4810995
     ],
     [
      9.5686559,
      56.4810864
     ],
     [
      9.5695988,
      56.4809973
     ],
     [
      9.569773,
      56.4810241
     ],
     [
      9.5699864,
      56.4809903
     ],
     [
      9.5708449,
      56.4801549
     ],
     [
      9.5708323,
      56.4800986
     ],
     [
      9.5707994,
      56.480063
     ],
     [
      9.5706848,
      56.4800136
     ],
     [
      9.5702313,
      56.4792987
     ],
     [
      9.5700853,
      56.4789208
     ],
     [
      9.570045,
      56.4788913
     ]
    ]
   },
   "properties": {
    "frequency": "50",
    "location": "outdoor",
    "name": "J\u00e6vnstr\u00f8msstation Tjele",
    "operator": "Energinet",
    "power": "substation",
    "ref": "TJE",
    "substation": "converter",
    "voltage": "150000",
    "wikidata": "Q29084840",
    "wikipedia": "da:J\u00e6vnstr\u00f8msstation Tjele",
    "osm_id": "way/1271587263"
   }
  },
  {
   "type": "Feature",
   "geometry": {
    "type": "LineString",
    "coordinates": [
     [
      9.5667073,
      56.4784365
     ],
     [
      9.5668146,
      56.4786158
     ],
     [
      9.5667744,
      56.4786558
     ],
     [
      9.566589,
      56.4786926
     ],
     [
      9.5659449,
      56.4788206
     ],
     [
      9.5656465,
      56.478324
     ],
     [
      9.5658061,
      56.4782869
     ],
     [
      9.5657632,
      56.4782188
     ],
     [
      9.5664498,
      56.4780885
     ],
     [
      9.5665755,
      56.4783029
     ],
     [
      9.5666635,
      56.4784458
     ],
     [
      9.5667073,
      56.4784365
     ]
    ]
   },
   "properties": {
    "frequency": "0",
    "name:en": "HVDC Skagerrak 3 Substation",
    "power": "substation",
    "ref": "3",
    "start_date": "1993",
    "substation": "converter",
    "voltage": "350000",
    "osm_id": "way/1271587266"
   }
  },
  {
   "type": "Feature",
   "geometry": {
    "type": "LineString",
    "coordinates": [
     [
      9.5659864,
      56.4801028
     ],
     [
      9.5671418,
      56.4798867
     ],
     [
      9.5668807,
      56.4794573
     ],
     [
      9.5667778,
      56.4792881
     ],
     [
      9.5666568,
      56.4793104
     ],
     [
      9.5665964,
      56.4792105
     ],
     [
      9.5664525,
      56.4792394
     ],
     [
      9.5663264,
      56.4792409
     ],
     [
      9.5660877,
      56.4788469
     ],
     [
      9.5653367,
      56.4789802
     ],
     [
      9.5652904,
      56.4790079
     ],
     [
      9.5655224,
      56.4793805
     ],
     [
      9.5655587,
      56.4793908
     ],
     [
      9.5659864,
      56.4801028
     ]
    ]
   },
   "properties": {
    "frequency": "0",
    "name:en": "HVDC Skagerrak 1+2 Substation",
    "power": "substation",
    "start_date": "1977",
    "substation": "converter",
    "voltage": "500000;350000;250000;150000",
    "osm_id": "way/1271587268"
   }
  },
  {
   "type": "Feature",
   "geometry": {
    "type": "LineString",
    "coordinates": [
     [
      9.5651215,
      56.4789705
     ],
     [
      9.5659449,
      56.4788206
     ],
     [
      9.5656465,
      56.478324
     ],
     [
      9.5658061,
      56.4782869
     ],
     [
      9.5657632,
      56.4782188
     ],
     [
      9.5652938,
      56.4774722
     ],
     [
      9.5647397,
      56.4776666
     ],
     [
      9.5644566,
      56.4777705
     ],
     [
      9.5632259,
      56.4779966
     ],
     [
      9.563015,
      56.4779364
     ],
     [
      9.5623117,
      56.4780674
     ],
     [
      9.5627484,
      56.4788002
     ],
     [
      9.5630394,
      56.4789713
     ],
     [
      9.5631172,
      56.4790905
     ],
     [
      9.5632915,
      56.4790602
     ],
     [
      9.5633928,
      56.4792316
     ],
     [
      9.5634129,
      56.4792627
     ],
     [
      9.5634364,
      56.4792734
     ],
     [
      9.5634753,
      56.4792803
     ],
     [
      9.563494,
      56.4792794
     ],
     [
      9.5651215,
      56.4789705
     ]
    ]
   },
   "properties": {
    "frequency": "0",
    "name": "HVDC Skagerrak 4 Substation",
    "operator": "Energinet",
    "power": "substation",
    "ref": "4",
    "start_date": "2014",
    "substation": "converter",
    "voltage": "500000;400000",
    "wikidata": "Q29084840",
    "wikipedia": "da:J\u00e6vnstr\u00f8msstation Tjele",
    "osm_id": "way/1271587272"
   }
  },
  {
   "type": "Feature",
   "geometry": {
    "type": "LineString",
    "coordinates": [
     [
      17.0643425,
      60.426741
     ],
     [
      17.0616688,
      60.4264751
     ],
     [
      17.0617515,
      60.4261793
     ],
     [
      17.0615268,
      60.4257201
     ],
     [
      17.0622396,
      60.42579
     ],
     [
      17.0628618,
      60.4242706
     ],
     [
      17.0649702,
      60.4244746
     ],
     [
      17.065174,
      60.4246637
     ],
     [
      17.0643425,
      60.426741
     ]
    ]
   },
   "properties": {
    "frequency": "0",
    "name": "HVDC Fenno-Skan 2 Converter",
    "power": "substation",
    "substation": "converter",
    "voltage": "500000",
    "osm_id": "way/1275744416"
   }
  },
  {
   "type": "Feature",
   "geometry": {
    "type": "LineString",
    "coordinates": [
     [
      21.6279075,
      61.1531591
     ],
     [
      21.623733,
      61.1520832
     ],
     [
      21.6250207,
      61.1508737
     ],
     [
      21.6257647,
      61.1512059
     ],
     [
      21.6285861,
      61.1524656
     ],
     [
      21.6279075,
      61.1531591
     ]
    ]
   },
   "properties": {
    "frequency": "0",
    "name": "Rauma s\u00e4hk\u00f6asema",
    "power": "substation",
    "substation": "converter",
    "voltage": "500000;400000",
    "osm_id": "way/1275744419"
   }
  },
  {
   "type": "Feature",
   "geometry": {
    "type": "LineString",
    "coordinates": [
     [
      9.2363464,
      53.9166435
     ],
     [
      9.2379629,
      53.9168381
     ],
     [
      9.2375431,
      53.91823
     ],
     [
      9.2357629,
      53.9184102
     ],
     [
      9.2363464,
      53.9166435
     ]
    ]
   },
   "properties": {
    "frequency": "0",
    "name": "HelWin 1 HVDC Umspannwerk B\u00fcttel",
    "power": "substation",
    "source": "http://www.tennet.eu/de/netz-und-projekte/offshore-projekte.html",
    "substation": "converter",
    "voltage": "250000",
    "wikidata": "Q2478704",
    "osm_id": "way/1280364401"
   }
  },
  {
   "type": "Feature",
   "geometry": {
    "type": "LineString",
    "coordinates": [
     [
      9.2363464,
      53.9166435
     ],
     [
      9.2357629,
      53.9184102
     ],
     [
      9.2342056,
      53.918228
     ],
     [
      9.2348055,
      53.9164579
     ],
     [
      9.2363464,
      53.9166435
     ]
    ]
   },
   "properties": {
    "frequency": "0",
    "name": "SylWin 1 HVDC Umspannwerk B\u00fcttel",
    "power": "substation",
    "source": "http://www.tennet.eu/de/netz-und-projekte/offshore-projekte.html",
    "substation": "converter",
    "voltage": "320000",
    "wikidata": "Q2478704",
    "osm_id": "way/1280364402"
   }
  },
  {
   "type": "Feature",
   "geometry": {
    "type": "LineString",
    "coordinates": [
     [
      9.2348055,
      53.9164579
     ],
     [
      9.2342056,
      53.918228
     ],
     [
      9.2327488,
      53.9180575
     ],
     [
      9.2333588,
      53.9162837
     ],
     [
      9.2348055,
      53.9164579
     ]
    ]
   },
   "properties": {
    "frequency": "0",
    "name": "HelWin 2 HVDC Umspannwerk B\u00fcttel",
    "power": "substation",
    "source": "http://www.tennet.eu/de/netz-und-projekte/offshore-projekte.html",
    "substation": "converter",
    "voltage": "320000",
    "wikidata": "Q2478704",
    "osm_id": "way/1280364403"
   }
  },
  {
   "type": "Feature",
   "geometry": {
    "type": "LineString",
    "coordinates": [
     [
      9.8515824,
      55.481394
     ],
     [
      9.8515824,
      55.4813796
     ],
     [
      9.8516288,
      55.4813796
     ],
     [
      9.8516288,
      55.481394
     ],
     [
      9.8515824,
      55.481394
     ]
    ]
   },
   "properties": {
    "power": "converter",
    "osm_id": "way/1285239526"
   }
  },
  {
   "type": "Feature",
   "geometry": {
    "type": "LineString",
    "coordinates": [
     [
      9.8520239,
      55.4818443
     ],
     [
      9.8520239,
      55.48183
     ],
     [
      9.8520703,
      55.48183
     ],
     [
      9.8520703,
      55.4818443
     ],
     [
      9.8520239,
      55.4818443
     ]
    ]
   },
   "properties": {
    "power": "converter",
    "osm_id": "way/1285239527"
   }
  },
  {
   "type": "Feature",
   "geometry": {
    "type": "LineString",
    "coordinates": [
     [
      9.8506882,
      55.4822024
     ],
     [
      9.8506882,
      55.4821881
     ],
     [
      9.8507346,
      55.4821881
     ],
     [
      9.8507346,
      55.4822024
     ],
     [
      9.8506882,
      55.4822024
     ]
    ]
   },
   "properties": {
    "power": "converter",
    "osm_id": "way/1285239528"
   }
  },
  {
   "type": "Feature",
   "geometry": {
    "type": "LineString",
    "coordinates": [
     [
      9.8520171,
      55.4823838
     ],
     [
      9.8520171,
      55.4823695
     ],
     [
      9.8520635,
      55.4823695
     ],
     [
      9.8520635,
      55.4823838
     ],
     [
      9.8520171,
      55.4823838
     ]
    ]
   },
   "properties": {
    "power": "converter",
    "osm_id": "way/1285239529"
   }
  },
  {
   "type": "Feature",
   "geometry": {
    "type": "LineString",
    "coordinates": [
     [
      9.8520171,
      55.4829255
     ],
     [
      9.8520171,
      55.4829112
     ],
     [
      9.8520635,
      55.4829112
     ],
     [
      9.8520635,
      55.4829255
     ],
     [
      9.8520171,
      55.4829255
     ]
    ]
   },
   "properties": {
    "power": "converter",
    "osm_id": "way/1285239530"
   }
  },
  {
   "type": "Feature",
   "geometry": {
    "type": "LineString",
    "coordinates": [
     [
      9.8515682,
      55.4833743
     ],
     [
      9.8515682,
      55.48336
     ],
     [
      9.8516146,
      55.48336
     ],
     [
      9.8516146,
      55.4833743
     ],
     [
      9.8515682,
      55.4833743
     ]
    ]
   },
   "properties": {
    "power": "converter",
    "osm_id": "way/1285239531"
   }
  },
  {
   "type": "Feature",
   "geometry": {
    "type": "LineString",
    "coordinates": [
     [
      9.8506827,
      55.4833735
     ],
     [
      9.8506827,
      55.4833592
     ],
     [
      9.8507291,
      55.4833592
     ],
     [
      9.8507291,
      55.4833735
     ],
     [
      9.8506827,
      55.4833735
     ]
    ]
   },
   "properties": {
    "power": "converter",
    "osm_id": "way/1285239532"
   }
  },
  {
   "type": "Feature",
   "geometry": {
    "type": "LineString",
    "coordinates": [
     [
      9.8537935,
      55.4837362
     ],
     [
      9.8537935,
      55.4837219
     ],
     [
      9.8538399,
      55.4837219
     ],
     [
      9.8538399,
      55.4837362
     ],
     [
      9.8537935,
      55.4837362
     ]
    ]
   },
   "properties": {
    "power": "converter",
    "osm_id": "way/1285239533"
   }
  },
  {
   "type": "Feature",
   "geometry": {
    "type": "LineString",
    "coordinates": [
     [
      9.8537935,
      55.484367
     ],
     [
      9.8537935,
      55.4843527
     ],
     [
      9.8538399,
      55.4843527
     ],
     [
      9.8538399,
      55.484367
     ],
     [
      9.8537935,
      55.484367
     ]
    ]
   },
   "properties": {
    "power": "converter",
    "osm_id": "way/1285239534"
   }
  },
  {
   "type": "Feature",
   "geometry": {
    "type": "LineString",
    "coordinates": [
     [
      9.8556391,
      55.4840989
     ],
     [
      9.8556391,
      55.4840846
     ],
     [
      9.8556855,
      55.4840846
     ],
     [
      9.8556855,
      55.4840989
     ],
     [
      9.8556391,
      55.4840989
     ]
    ]
   },
   "properties": {
    "power": "converter",
    "osm_id": "way/1285239535"
   }
  },
  {
   "type": "Feature",
   "geometry": {
    "type": "LineString",
    "coordinates": [
     [
      9.8560853,
      55.4836501
     ],
     [
      9.8560853,
      55.4836358
     ],
     [
      9.8561317,
      55.4836358
     ],
     [
      9.8561317,
      55.4836501
     ],
     [
      9.8560853,
      55.4836501
     ]
    ]
   },
   "properties": {
    "power": "converter",
    "osm_id": "way/1285239536"
   }
  },
  {
   "type": "Feature",
   "geometry": {
    "type": "LineString",
    "coordinates": [
     [
      9.8537968,
      55.4831962
     ],
     [
      9.8537968,
      55.4831819
     ],
     [
      9.8538432,
      55.4831819
     ],
     [
      9.8538432,
      55.4831962
     ],
     [
      9.8537968,
      55.4831962
     ]
    ]
   },
   "properties": {
    "power": "converter",
    "osm_id": "way/1285239537"
   }
  },
  {
   "type": "Feature",
   "geometry": {
    "type": "LineString",
    "coordinates": [
     [
      9.8560836,
      55.4829325
     ],
     [
      9.8560836,
      55.4829181
     ],
     [
      9.85613,
      55.4829181
     ],
     [
      9.85613,
      55.4829325
     ],
     [
      9.8560836,
      55.4829325
     ]
    ]
   },
   "properties": {
    "power": "converter",
    "osm_id": "way/1285239538"
   }
  },
  {
   "type": "Feature",
   "geometry": {
    "type": "LineString",
    "coordinates": [
     [
      9.8537968,
      55.4825678
     ],
     [
      9.8537968,
      55.4825535
     ],
     [
      9.8538432,
      55.4825535
     ],
     [
      9.8538432,
      55.4825678
     ],
     [
      9.8537968,
      55.4825678
     ]
    ]
   },
   "properties": {
    "power": "converter",
    "osm_id": "way/1285239539"
   }
  },
  {
   "type": "Feature",
   "geometry": {
    "type": "LineString",
    "coordinates": [
     [
      9.8556447,
      55.482481
     ],
     [
      9.8556447,
      55.4824667
     ],
     [
      9.8556911,
      55.4824667
     ],
     [
      9.8556911,
      55.482481
     ],
     [
      9.8556447,
      55.482481
     ]
    ]
   },
   "properties": {
    "power": "converter",
    "osm_id": "way/1285239540"
   }
  },
  {
   "type": "Feature",
   "geometry": {
    "type": "LineString",
    "coordinates": [
     [
      9.8556494,
      55.4819384
     ],
     [
      9.8556494,
      55.4819241
     ],
     [
      9.8556958,
      55.4819241
     ],
     [
      9.8556958,
      55.4819384
     ],
     [
      9.8556494,
      55.4819384
     ]
    ]
   },
   "properties": {
    "power": "converter",
    "osm_id": "way/1285239541"
   }
  },
  {
   "type": "Feature",
   "geometry": {
    "type": "LineString",
    "coordinates": [
     [
      9.8538031,
      55.4820278
     ],
     [
      9.8538031,
      55.4820135
     ],
     [
      9.8538495,
      55.4820135
     ],
     [
      9.8538495,
      55.4820278
     ],
     [
      9.8538031,
      55.4820278
     ]
    ]
   },
   "properties": {
    "power": "converter",
    "osm_id": "way/1285239542"
   }
  },
  {
   "type": "Feature",
   "geometry": {
    "type": "LineString",
    "coordinates": [
     [
      9.8533657,
      55.4816676
     ],
     [
      9.8533657,
      55.4816533
     ],
     [
      9.8534121,
      55.4816533
     ],
     [
      9.8534121,
      55.4816676
     ],
     [
      9.8533657,
      55.4816676
     ]
    ]
   },
   "properties": {
    "power": "converter",
    "osm_id": "way/1285239543"
   }
  },
  {
   "type": "Feature",
   "geometry": {
    "type": "LineString",
    "coordinates": [
     [
      9.8556541,
      55.4813985
     ],
     [
      9.8556541,
      55.4813842
     ],
     [
      9.8557005,
      55.4813842
     ],
     [
      9.8557005,
      55.4813985
     ],
     [
      9.8556541,
      55.4813985
     ]
    ]
   },
   "properties": {
    "power": "converter",
    "osm_id": "way/1285239544"
   }
  },
  {
   "type": "Feature",
   "geometry": {
    "type": "LineString",
    "coordinates": [
     [
      9.8574333,
      55.4819413
     ],
     [
      9.8574333,
      55.481927
     ],
     [
      9.8574797,
      55.481927
     ],
     [
      9.8574797,
      55.4819413
     ],
     [
      9.8574333,
      55.4819413
     ]
    ]
   },
   "properties": {
    "power": "converter",
    "osm_id": "way/1285239545"
   }
  },
  {
   "type": "Feature",
   "geometry": {
    "type": "LineString",
    "coordinates": [
     [
      9.8574275,
      55.4824816
     ],
     [
      9.8574275,
      55.4824673
     ],
     [
      9.8574739,
      55.4824673
     ],
     [
      9.8574739,
      55.4824816
     ],
     [
      9.8574275,
      55.4824816
     ]
    ]
   },
   "properties": {
    "power": "converter",
    "osm_id": "way/1285239546"
   }
  },
  {
   "type": "Feature",
   "geometry": {
    "type": "LineString",
    "coordinates": [
     [
      9.8574236,
      55.4830202
     ],
     [
      9.8574236,
      55.4830059
     ],
     [
      9.85747,
      55.4830059
     ],
     [
      9.85747,
      55.4830202
     ],
     [
      9.8574236,
      55.4830202
     ]
    ]
   },
   "properties": {
    "power": "converter",
    "osm_id": "way/1285239547"
   }
  },
  {
   "type": "Feature",
   "geometry": {
    "type": "LineString",
    "coordinates": [
     [
      9.8578639,
      55.4834718
     ],
     [
      9.8578639,
      55.4834575
     ],
     [
      9.8579103,
      55.4834575
     ],
     [
      9.8579103,
      55.4834718
     ],
     [
      9.8578639,
      55.4834718
     ]
    ]
   },
   "properties": {
    "power": "converter",
    "osm_id": "way/1285239548"
   }
  },
  {
   "type": "Feature",
   "geometry": {
    "type": "LineString",
    "coordinates": [
     [
      9.8587724,
      55.4825743
     ],
     [
      9.8587724,
      55.48256
     ],
     [
      9.8588188,
      55.48256
     ],
     [
      9.8588188,
      55.4825743
     ],
     [
      9.8587724,
      55.4825743
     ]
    ]
   },
   "properties": {
    "power": "converter",
    "osm_id": "way/1285239549"
   }
  },
  {
   "type": "Feature",
   "geometry": {
    "type": "LineString",
    "coordinates": [
     [
      9.8596576,
      55.4827527
     ],
     [
      9.8596576,
      55.4827384
     ],
     [
      9.859704,
      55.4827384
     ],
     [
      9.859704,
      55.4827527
     ],
     [
      9.8596576,
      55.4827527
     ]
    ]
   },
   "properties": {
    "power": "converter",
    "osm_id": "way/1285239550"
   }
  },
  {
   "type": "Feature",
   "geometry": {
    "type": "LineString",
    "coordinates": [
     [
      13.1465108,
      55.5018352
     ],
     [
      13.1478442,
      55.5009687
     ],
     [
      13.1455126,
      55.4998064
     ],
     [
      13.1452948,
      55.500022
     ],
     [
      13.1446788,
      55.5004145
     ],
     [
      13.1452361,
      55.5006911
     ],
     [
      13.1455969,
      55.5008717
     ],
     [
      13.146526,
      55.5013323
     ],
     [
      13.1460812,
      55.5016214
     ],
     [
      13.1465108,
      55.5018352
     ]
    ]
   },
   "properties": {
    "barrier": "fence",
    "frequency": "0",
    "name:en": "Kruseberg Converter Station",
    "power": "substation",
    "substation": "converter",
    "voltage": "400000",
    "osm_id": "way/1302589312"
   }
  },
  {
   "type": "Feature",
   "geometry": {
    "type": "LineString",
    "coordinates": [
     [
      12.1123464,
      57.6053486
     ],
     [
      12.1125477,
      57.6054291
     ],
     [
      12.1127768,
      57.6055208
     ]
    ]
   },
   "properties": {
    "barrier": "fence",
    "name": "Konti-Skan Lindome HVDC Static Inverter",
    "operator": "Svenska Kraftn\u00e4t",
    "operator:wikidata": "Q942801",
    "power": "substation",
    "substation": "converter",
    "voltage": "400000;132000",
    "osm_id": "way/1346380309"
   }
  },
  {
   "type": "Feature",
   "geometry": {
    "type": "Polygon",
    "coordinates": [
     [
      [
       23.3666757,
       52.3736625
      ],
      [
       23.3667443,
       52.3737247
      ],
      [
       23.3668486,
       52.3736817
      ],
      [
       23.3667801,
       52.3736196
      ],
      [
       23.3666757,
       52.3736625
      ]
     ]
    ]
   },
   "properties": {
    "building": "industrial",
    "power": "substation",
    "substation": "converter",
    "osm_id": "way/1354890602"
   }
  },
  {
   "type": "Feature",
   "geometry": {
    "type": "LineString",
    "coordinates": [
     [
      9.5223352,
      55.5864418
     ],
     [
      9.5222809,
      55.5864411
     ],
     [
      9.5222822,
      55.5864055
     ],
     [
      9.5223365,
      55.5864062
     ],
     [
      9.5223352,
      55.5864418
     ]
    ]
   },
   "properties": {
    "power": "converter",
    "osm_id": "way/1362345425"
   }
  },
  {
   "type": "Feature",
   "geometry": {
    "type": "LineString",
    "coordinates": [
     [
      9.5132425,
      55.585179
     ],
     [
      9.5131882,
      55.5851784
     ],
     [
      9.5131895,
      55.5851428
     ],
     [
      9.5132439,
      55.5851434
     ],
     [
      9.5132425,
      55.585179
     ]
    ]
   },
   "properties": {
    "power": "converter",
    "osm_id": "way/1362345426"
   }
  },
  {
   "type": "Feature",
   "geometry": {
    "type": "LineString",
    "coordinates": [
     [
      9.5109465,
      55.5832401
     ],
     [
      9.5108922,
      55.5832395
     ],
     [
      9.5108935,
      55.5832038
     ],
     [
      9.5109479,
      55.5832045
     ],
     [
      9.5109465,
      55.5832401
     ]
    ]
   },
   "properties": {
    "power": "converter",
    "osm_id": "way/1362345427"
   }
  },
  {
   "type": "Feature",
   "geometry": {
    "type": "LineString",
    "coordinates": [
     [
      9.5106649,
      55.5835676
     ],
     [
      9.5106106,
      55.5835669
     ],
     [
      9.5106119,
      55.5835313
     ],
     [
      9.5106663,
      55.5835319
     ],
     [
      9.5106649,
      55.5835676
     ]
    ]
   },
   "properties": {
    "power": "converter",
    "osm_id": "way/1362345428"
   }
  },
  {
   "type": "Feature",
   "geometry": {
    "type": "LineString",
    "coordinates": [
     [
      9.513264,
      55.5832174
     ],
     [
      9.5132096,
      55.5832167
     ],
     [
      9.513211,
      55.5831811
     ],
     [
      9.5132653,
      55.5831817
     ],
     [
      9.513264,
      55.5832174
     ]
    ]
   },
   "properties": {
    "power": "converter",
    "osm_id": "way/1362345429"
   }
  },
  {
   "type": "Feature",
   "geometry": {
    "type": "LineString",
    "coordinates": [
     [
      9.5132318,
      55.5848486
     ],
     [
      9.5131774,
      55.5848479
     ],
     [
      9.5131788,
      55.5848123
     ],
     [
      9.5132331,
      55.5848129
     ],
     [
      9.5132318,
      55.5848486
     ]
    ]
   },
   "properties": {
    "power": "converter",
    "osm_id": "way/1362345430"
   }
  },
  {
   "type": "Feature",
   "geometry": {
    "type": "LineString",
    "coordinates": [
     [
      9.5160052,
      55.5855277
     ],
     [
      9.5159509,
      55.585527
     ],
     [
      9.5159522,
      55.5854914
     ],
     [
      9.5160065,
      55.5854921
     ],
     [
      9.5160052,
      55.5855277
     ]
    ]
   },
   "properties": {
    "power": "converter",
    "osm_id": "way/1362345431"
   }
  },
  {
   "type": "Feature",
   "geometry": {
    "type": "LineString",
    "coordinates": [
     [
      9.5160213,
      55.5848577
     ],
     [
      9.5159669,
      55.584857
     ],
     [
      9.5159683,
      55.5848214
     ],
     [
      9.5160226,
      55.584822
     ],
     [
      9.5160213,
      55.5848577
     ]
    ]
   },
   "properties": {
    "power": "converter",
    "osm_id": "way/1362345432"
   }
  },
  {
   "type": "Feature",
   "geometry": {
    "type": "LineString",
    "coordinates": [
     [
      9.516032,
      55.5841209
     ],
     [
      9.5159777,
      55.5841203
     ],
     [
      9.515979,
      55.5840846
     ],
     [
      9.5160333,
      55.5840853
     ],
     [
      9.516032,
      55.5841209
     ]
    ]
   },
   "properties": {
    "power": "converter",
    "osm_id": "way/1362345433"
   }
  },
  {
   "type": "Feature",
   "geometry": {
    "type": "LineString",
    "coordinates": [
     [
      9.5160374,
      55.5827413
     ],
     [
      9.515983,
      55.5827407
     ],
     [
      9.5159844,
      55.5827051
     ],
     [
      9.5160387,
      55.5827057
     ],
     [
      9.5160374,
      55.5827413
     ]
    ]
   },
   "properties": {
    "power": "converter",
    "osm_id": "way/1362345434"
   }
  },
  {
   "type": "Feature",
   "geometry": {
    "type": "LineString",
    "coordinates": [
     [
      9.516032,
      55.5828232
     ],
     [
      9.5159777,
      55.5828226
     ],
     [
      9.515979,
      55.5827869
     ],
     [
      9.5160333,
      55.5827876
     ],
     [
      9.516032,
      55.5828232
     ]
    ]
   },
   "properties": {
    "power": "converter",
    "osm_id": "way/1362345435"
   }
  },
  {
   "type": "Feature",
   "geometry": {
    "type": "LineString",
    "coordinates": [
     [
      9.516032,
      55.5832204
     ],
     [
      9.5159777,
      55.5832198
     ],
     [
      9.515979,
      55.5831841
     ],
     [
      9.5160333,
      55.5831848
     ],
     [
      9.516032,
      55.5832204
     ]
    ]
   },
   "properties": {
    "power": "converter",
    "osm_id": "way/1362345436"
   }
  },
  {
   "type": "Feature",
   "geometry": {
    "type": "LineString",
    "coordinates": [
     [
      9.5187786,
      55.5833144
     ],
     [
      9.5187243,
      55.5833137
     ],
     [
      9.5187256,
      55.5832781
     ],
     [
      9.5187799,
      55.5832788
     ],
     [
      9.5187786,
      55.5833144
     ]
    ]
   },
   "properties": {
    "power": "converter",
    "osm_id": "way/1362345437"
   }
  },
  {
   "type": "Feature",
   "geometry": {
    "type": "LineString",
    "coordinates": [
     [
      9.5187786,
      55.58413
     ],
     [
      9.5187243,
      55.5841293
     ],
     [
      9.5187256,
      55.5840937
     ],
     [
      9.5187799,
      55.5840944
     ],
     [
      9.5187786,
      55.58413
     ]
    ]
   },
   "properties": {
    "power": "converter",
    "osm_id": "way/1362345438"
   }
  },
  {
   "type": "Feature",
   "geometry": {
    "type": "LineString",
    "coordinates": [
     [
      9.5187571,
      55.5848819
     ],
     [
      9.5187028,
      55.5848813
     ],
     [
      9.5187041,
      55.5848456
     ],
     [
      9.5187585,
      55.5848463
     ],
     [
      9.5187571,
      55.5848819
     ]
    ]
   },
   "properties": {
    "power": "converter",
    "osm_id": "way/1362345439"
   }
  },
  {
   "type": "Feature",
   "geometry": {
    "type": "LineString",
    "coordinates": [
     [
      9.5187625,
      55.5857702
     ],
     [
      9.5187082,
      55.5857696
     ],
     [
      9.5187095,
      55.585734
     ],
     [
      9.5187638,
      55.5857346
     ],
     [
      9.5187625,
      55.5857702
     ]
    ]
   },
   "properties": {
    "power": "converter",
    "osm_id": "way/1362345440"
   }
  },
  {
   "type": "Feature",
   "geometry": {
    "type": "LineString",
    "coordinates": [
     [
      9.5227429,
      55.586936
     ],
     [
      9.5226886,
      55.5869353
     ],
     [
      9.5226899,
      55.5868997
     ],
     [
      9.5227442,
      55.5869003
     ],
     [
      9.5227429,
      55.586936
     ]
    ]
   },
   "properties": {
    "power": "converter",
    "osm_id": "way/1362345441"
   }
  },
  {
   "type": "Feature",
   "geometry": {
    "type": "LineString",
    "coordinates": [
     [
      9.5275226,
      55.5888838
     ],
     [
      9.5274683,
      55.5888831
     ],
     [
      9.5274696,
      55.5888475
     ],
     [
      9.5275239,
      55.5888482
     ],
     [
      9.5275226,
      55.5888838
     ]
    ]
   },
   "properties": {
    "power": "converter",
    "osm_id": "way/1362345442"
   }
  },
  {
   "type": "Feature",
   "geometry": {
    "type": "LineString",
    "coordinates": [
     [
      9.5307439,
      55.5897296
     ],
     [
      9.5306896,
      55.5897289
     ],
     [
      9.5306909,
      55.5896933
     ],
     [
      9.5307453,
      55.589694
     ],
     [
      9.5307439,
      55.5897296
     ]
    ]
   },
   "properties": {
    "power": "converter",
    "osm_id": "way/1362345443"
   }
  },
  {
   "type": "Feature",
   "geometry": {
    "type": "LineString",
    "coordinates": [
     [
      9.5307332,
      55.5898115
     ],
     [
      9.5306789,
      55.5898108
     ],
     [
      9.5306802,
      55.5897752
     ],
     [
      9.5307345,
      55.5897758
     ],
     [
      9.5307332,
      55.5898115
     ]
    ]
   },
   "properties": {
    "power": "converter",
    "osm_id": "way/1362345444"
   }
  },
  {
   "type": "Feature",
   "geometry": {
    "type": "LineString",
    "coordinates": [
     [
      9.5307144,
      55.5906254
     ],
     [
      9.5306601,
      55.5906248
     ],
     [
      9.5306614,
      55.5905891
     ],
     [
      9.5307158,
      55.5905898
     ],
     [
      9.5307144,
      55.5906254
     ]
    ]
   },
   "properties": {
    "power": "converter",
    "osm_id": "way/1362345445"
   }
  },
  {
   "type": "Feature",
   "geometry": {
    "type": "LineString",
    "coordinates": [
     [
      9.5307198,
      55.5910392
     ],
     [
      9.5306655,
      55.5910385
     ],
     [
      9.5306668,
      55.5910029
     ],
     [
      9.5307211,
      55.5910036
     ],
     [
      9.5307198,
      55.5910392
     ]
    ]
   },
   "properties": {
    "power": "converter",
    "osm_id": "way/1362345446"
   }
  },
  {
   "type": "Feature",
   "geometry": {
    "type": "LineString",
    "coordinates": [
     [
      9.5307144,
      55.5914439
     ],
     [
      9.5306601,
      55.5914432
     ],
     [
      9.5306614,
      55.5914076
     ],
     [
      9.5307158,
      55.5914083
     ],
     [
      9.5307144,
      55.5914439
     ]
    ]
   },
   "properties": {
    "power": "converter",
    "osm_id": "way/1362345447"
   }
  },
  {
   "type": "Feature",
   "geometry": {
    "type": "LineString",
    "coordinates": [
     [
      9.5307091,
      55.5921835
     ],
     [
      9.5306547,
      55.5921829
     ],
     [
      9.5306561,
      55.5921473
     ],
     [
      9.5307104,
      55.5921479
     ],
     [
      9.5307091,
      55.5921835
     ]
    ]
   },
   "properties": {
    "power": "converter",
    "osm_id": "way/1362345448"
   }
  },
  {
   "type": "Feature",
   "geometry": {
    "type": "LineString",
    "coordinates": [
     [
      9.5306956,
      55.592999
     ],
     [
      9.5306413,
      55.5929983
     ],
     [
      9.5306427,
      55.5929627
     ],
     [
      9.530697,
      55.5929633
     ],
     [
      9.5306956,
      55.592999
     ]
    ]
   },
   "properties": {
    "power": "converter",
    "osm_id": "way/1362345449"
   }
  },
  {
   "type": "Feature",
   "geometry": {
    "type": "LineString",
    "coordinates": [
     [
      9.5306796,
      55.5936673
     ],
     [
      9.5306252,
      55.5936667
     ],
     [
      9.5306266,
      55.5936311
     ],
     [
      9.5306809,
      55.5936317
     ],
     [
      9.5306796,
      55.5936673
     ]
    ]
   },
   "properties": {
    "power": "converter",
    "osm_id": "way/1362345450"
   }
  },
  {
   "type": "Feature",
   "geometry": {
    "type": "LineString",
    "coordinates": [
     [
      9.5306796,
      55.5943115
     ],
     [
      9.5306252,
      55.5943108
     ],
     [
      9.5306266,
      55.5942752
     ],
     [
      9.5306809,
      55.5942758
     ],
     [
      9.5306796,
      55.5943115
     ]
    ]
   },
   "properties": {
    "power": "converter",
    "osm_id": "way/1362345451"
   }
  },
  {
   "type": "Feature",
   "geometry": {
    "type": "LineString",
    "coordinates": [
     [
      9.5306688,
      55.5948828
     ],
     [
      9.5306145,
      55.5948822
     ],
     [
      9.5306158,
      55.5948466
     ],
     [
      9.5306702,
      55.5948472
     ],
     [
      9.5306688,
      55.5948828
     ]
    ]
   },
   "properties": {
    "power": "converter",
    "osm_id": "way/1362345452"
   }
  },
  {
   "type": "Feature",
   "geometry": {
    "type": "LineString",
    "coordinates": [
     [
      9.5306635,
      55.5957012
     ],
     [
      9.5306091,
      55.5957006
     ],
     [
      9.5306105,
      55.595665
     ],
     [
      9.5306648,
      55.5956656
     ],
     [
      9.5306635,
      55.5957012
     ]
    ]
   },
   "properties": {
    "power": "converter",
    "osm_id": "way/1362345453"
   }
  },
  {
   "type": "Feature",
   "geometry": {
    "type": "LineString",
    "coordinates": [
     [
      9.5296308,
      55.5958876
     ],
     [
      9.5295765,
      55.595887
     ],
     [
      9.5295778,
      55.5958514
     ],
     [
      9.5296322,
      55.595852
     ],
     [
      9.5296308,
      55.5958876
     ]
    ]
   },
   "properties": {
    "power": "converter",
    "osm_id": "way/1362345454"
   }
  },
  {
   "type": "Feature",
   "geometry": {
    "type": "LineString",
    "coordinates": [
     [
      9.5306581,
      55.5961968
     ],
     [
      9.5306038,
      55.5961961
     ],
     [
      9.5306051,
      55.5961605
     ],
     [
      9.5306594,
      55.5961612
     ],
     [
      9.5306581,
      55.5961968
     ]
    ]
   },
   "properties": {
    "power": "converter",
    "osm_id": "way/1362345455"
   }
  },
  {
   "type": "Feature",
   "geometry": {
    "type": "LineString",
    "coordinates": [
     [
      9.53065,
      55.5969258
     ],
     [
      9.5305957,
      55.5969251
     ],
     [
      9.5305971,
      55.5968895
     ],
     [
      9.5306514,
      55.5968901
     ],
     [
      9.53065,
      55.5969258
     ]
    ]
   },
   "properties": {
    "power": "converter",
    "osm_id": "way/1362345456"
   }
  },
  {
   "type": "Feature",
   "geometry": {
    "type": "LineString",
    "coordinates": [
     [
      9.53065,
      55.5974183
     ],
     [
      9.5305957,
      55.5974176
     ],
     [
      9.5305971,
      55.597382
     ],
     [
      9.5306514,
      55.5973827
     ],
     [
      9.53065,
      55.5974183
     ]
    ]
   },
   "properties": {
    "power": "converter",
    "osm_id": "way/1362345457"
   }
  },
  {
   "type": "Feature",
   "geometry": {
    "type": "LineString",
    "coordinates": [
     [
      9.530634,
      55.5979972
     ],
     [
      9.5305796,
      55.5979965
     ],
     [
      9.530581,
      55.5979609
     ],
     [
      9.5306353,
      55.5979616
     ],
     [
      9.530634,
      55.5979972
     ]
    ]
   },
   "properties": {
    "power": "converter",
    "osm_id": "way/1362345458"
   }
  },
  {
   "type": "Feature",
   "geometry": {
    "type": "LineString",
    "coordinates": [
     [
      9.5306366,
      55.598567
     ],
     [
      9.5305823,
      55.5985663
     ],
     [
      9.5305836,
      55.5985307
     ],
     [
      9.530638,
      55.5985314
     ],
     [
      9.5306366,
      55.598567
     ]
    ]
   },
   "properties": {
    "power": "converter",
    "osm_id": "way/1362345459"
   }
  },
  {
   "type": "Feature",
   "geometry": {
    "type": "LineString",
    "coordinates": [
     [
      9.5279249,
      55.5989534
     ],
     [
      9.5278706,
      55.5989528
     ],
     [
      9.5278719,
      55.5989171
     ],
     [
      9.5279263,
      55.5989178
     ],
     [
      9.5279249,
      55.5989534
     ]
    ]
   },
   "properties": {
    "power": "converter",
    "osm_id": "way/1362345460"
   }
  },
  {
   "type": "Feature",
   "geometry": {
    "type": "LineString",
    "coordinates": [
     [
      9.5278552,
      55.5976547
     ],
     [
      9.5278009,
      55.597654
     ],
     [
      9.5278022,
      55.5976184
     ],
     [
      9.5278565,
      55.5976191
     ],
     [
      9.5278552,
      55.5976547
     ]
    ]
   },
   "properties": {
    "power": "converter",
    "osm_id": "way/1362345461"
   }
  },
  {
   "type": "Feature",
   "geometry": {
    "type": "LineString",
    "coordinates": [
     [
      9.5278632,
      55.5969985
     ],
     [
      9.5278089,
      55.5969978
     ],
     [
      9.5278102,
      55.5969622
     ],
     [
      9.5278646,
      55.5969629
     ],
     [
      9.5278632,
      55.5969985
     ]
    ]
   },
   "properties": {
    "power": "converter",
    "osm_id": "way/1362345462"
   }
  },
  {
   "type": "Feature",
   "geometry": {
    "type": "LineString",
    "coordinates": [
     [
      9.5278766,
      55.5962665
     ],
     [
      9.5278223,
      55.5962659
     ],
     [
      9.5278237,
      55.5962302
     ],
     [
      9.527878,
      55.5962309
     ],
     [
      9.5278766,
      55.5962665
     ]
    ]
   },
   "properties": {
    "power": "converter",
    "osm_id": "way/1362345463"
   }
  },
  {
   "type": "Feature",
   "geometry": {
    "type": "LineString",
    "coordinates": [
     [
      9.5278874,
      55.5953648
     ],
     [
      9.527833,
      55.5953641
     ],
     [
      9.5278344,
      55.5953285
     ],
     [
      9.5278887,
      55.5953292
     ],
     [
      9.5278874,
      55.5953648
     ]
    ]
   },
   "properties": {
    "power": "converter",
    "osm_id": "way/1362345464"
   }
  },
  {
   "type": "Feature",
   "geometry": {
    "type": "LineString",
    "coordinates": [
     [
      9.5278901,
      55.5946313
     ],
     [
      9.5278357,
      55.5946306
     ],
     [
      9.5278371,
      55.594595
     ],
     [
      9.5278914,
      55.5945956
     ],
     [
      9.5278901,
      55.5946313
     ]
    ]
   },
   "properties": {
    "power": "converter",
    "osm_id": "way/1362345465"
   }
  },
  {
   "type": "Feature",
   "geometry": {
    "type": "LineString",
    "coordinates": [
     [
      9.5278981,
      55.5938901
     ],
     [
      9.5278438,
      55.5938895
     ],
     [
      9.5278451,
      55.5938539
     ],
     [
      9.5278994,
      55.5938545
     ],
     [
      9.5278981,
      55.5938901
     ]
    ]
   },
   "properties": {
    "power": "converter",
    "osm_id": "way/1362345466"
   }
  },
  {
   "type": "Feature",
   "geometry": {
    "type": "LineString",
    "coordinates": [
     [
      9.5279142,
      55.5930762
     ],
     [
      9.5278599,
      55.5930756
     ],
     [
      9.5278612,
      55.59304
     ],
     [
      9.5279155,
      55.5930406
     ],
     [
      9.5279142,
      55.5930762
     ]
    ]
   },
   "properties": {
    "power": "converter",
    "osm_id": "way/1362345467"
   }
  },
  {
   "type": "Feature",
   "geometry": {
    "type": "LineString",
    "coordinates": [
     [
      9.5279236,
      55.5923359
     ],
     [
      9.5278693,
      55.5923352
     ],
     [
      9.5278706,
      55.5922996
     ],
     [
      9.5279249,
      55.5923002
     ],
     [
      9.5279236,
      55.5923359
     ]
    ]
   },
   "properties": {
    "power": "converter",
    "osm_id": "way/1362345468"
   }
  },
  {
   "type": "Feature",
   "geometry": {
    "type": "LineString",
    "coordinates": [
     [
      9.5177057,
      55.5928065
     ],
     [
      9.5176514,
      55.5928058
     ],
     [
      9.5176527,
      55.5927702
     ],
     [
      9.517707,
      55.5927709
     ],
     [
      9.5177057,
      55.5928065
     ]
    ]
   },
   "properties": {
    "power": "converter",
    "osm_id": "way/1362345469"
   }
  },
  {
   "type": "Feature",
   "geometry": {
    "type": "LineString",
    "coordinates": [
     [
      9.5176789,
      55.5932945
     ],
     [
      9.5176246,
      55.5932938
     ],
     [
      9.5176259,
      55.5932582
     ],
     [
      9.5176802,
      55.5932589
     ],
     [
      9.5176789,
      55.5932945
     ]
    ]
   },
   "properties": {
    "power": "converter",
    "osm_id": "way/1362345470"
   }
  },
  {
   "type": "Feature",
   "geometry": {
    "type": "LineString",
    "coordinates": [
     [
      9.5176789,
      55.5939523
     ],
     [
      9.5176246,
      55.5939516
     ],
     [
      9.5176259,
      55.593916
     ],
     [
      9.5176802,
      55.5939167
     ],
     [
      9.5176789,
      55.5939523
     ]
    ]
   },
   "properties": {
    "power": "converter",
    "osm_id": "way/1362345471"
   }
  },
  {
   "type": "Feature",
   "geometry": {
    "type": "LineString",
    "coordinates": [
     [
      9.5176735,
      55.5941281
     ],
     [
      9.5176192,
      55.5941274
     ],
     [
      9.5176205,
      55.5940918
     ],
     [
      9.5176749,
      55.5940925
     ],
     [
      9.5176735,
      55.5941281
     ]
    ]
   },
   "properties": {
    "power": "converter",
    "osm_id": "way/1362345472"
   }
  },
  {
   "type": "Feature",
   "geometry": {
    "type": "LineString",
    "coordinates": [
     [
      9.5204416,
      55.5945494
     ],
     [
      9.5203872,
      55.5945488
     ],
     [
      9.5203886,
      55.5945131
     ],
     [
      9.5204429,
      55.5945138
     ],
     [
      9.5204416,
      55.5945494
     ]
    ]
   },
   "properties": {
    "power": "converter",
    "osm_id": "way/1362345473"
   }
  },
  {
   "type": "Feature",
   "geometry": {
    "type": "LineString",
    "coordinates": [
     [
      9.5204523,
      55.5937371
     ],
     [
      9.520398,
      55.5937364
     ],
     [
      9.5203993,
      55.5937008
     ],
     [
      9.5204536,
      55.5937014
     ],
     [
      9.5204523,
      55.5937371
     ]
    ]
   },
   "properties": {
    "power": "converter",
    "osm_id": "way/1362345474"
   }
  },
  {
   "type": "Feature",
   "geometry": {
    "type": "LineString",
    "coordinates": [
     [
      9.5204577,
      55.5932339
     ],
     [
      9.5204033,
      55.5932332
     ],
     [
      9.5204047,
      55.5931976
     ],
     [
      9.520459,
      55.5931983
     ],
     [
      9.5204577,
      55.5932339
     ]
    ]
   },
   "properties": {
    "power": "converter",
    "osm_id": "way/1362345475"
   }
  },
  {
   "type": "Feature",
   "geometry": {
    "type": "LineString",
    "coordinates": [
     [
      9.5204523,
      55.5874589
     ],
     [
      9.520398,
      55.5874583
     ],
     [
      9.5203993,
      55.5874227
     ],
     [
      9.5204536,
      55.5874233
     ],
     [
      9.5204523,
      55.5874589
     ]
    ]
   },
   "properties": {
    "power": "converter",
    "osm_id": "way/1362345476"
   }
  },
  {
   "type": "Feature",
   "geometry": {
    "type": "LineString",
    "coordinates": [
     [
      9.5214286,
      55.5885412
     ],
     [
      9.5213743,
      55.5885406
     ],
     [
      9.5213756,
      55.588505
     ],
     [
      9.52143,
      55.5885056
     ],
     [
      9.5214286,
      55.5885412
     ]
    ]
   },
   "properties": {
    "power": "converter",
    "osm_id": "way/1362345477"
   }
  },
  {
   "type": "Feature",
   "geometry": {
    "type": "LineString",
    "coordinates": [
     [
      9.5204523,
      55.5880198
     ],
     [
      9.520398,
      55.5880191
     ],
     [
      9.5203993,
      55.5879835
     ],
     [
      9.5204536,
      55.5879842
     ],
     [
      9.5204523,
      55.5880198
     ]
    ]
   },
   "properties": {
    "power": "converter",
    "osm_id": "way/1362345478"
   }
  },
  {
   "type": "Feature",
   "geometry": {
    "type": "LineString",
    "coordinates": [
     [
      9.5189663,
      55.5893446
     ],
     [
      9.518912,
      55.5893439
     ],
     [
      9.5189134,
      55.5893083
     ],
     [
      9.5189677,
      55.589309
     ],
     [
      9.5189663,
      55.5893446
     ]
    ]
   },
   "properties": {
    "power": "converter",
    "osm_id": "way/1362345479"
   }
  },
  {
   "type": "Feature",
   "geometry": {
    "type": "LineString",
    "coordinates": [
     [
      9.5189663,
      55.5899115
     ],
     [
      9.518912,
      55.5899108
     ],
     [
      9.5189134,
      55.5898752
     ],
     [
      9.5189677,
      55.5898759
     ],
     [
      9.5189663,
      55.5899115
     ]
    ]
   },
   "properties": {
    "power": "converter",
    "osm_id": "way/1362345480"
   }
  },
  {
   "type": "Feature",
   "geometry": {
    "type": "LineString",
    "coordinates": [
     [
      9.5189449,
      55.5906512
     ],
     [
      9.5188906,
      55.5906505
     ],
     [
      9.5188919,
      55.5906149
     ],
     [
      9.5189462,
      55.5906156
     ],
     [
      9.5189449,
      55.5906512
     ]
    ]
   },
   "properties": {
    "power": "converter",
    "osm_id": "way/1362345481"
   }
  },
  {
   "type": "Feature",
   "geometry": {
    "type": "LineString",
    "coordinates": [
     [
      9.5189556,
      55.5912211
     ],
     [
      9.5189013,
      55.5912204
     ],
     [
      9.5189026,
      55.5911848
     ],
     [
      9.518957,
      55.5911855
     ],
     [
      9.5189556,
      55.5912211
     ]
    ]
   },
   "properties": {
    "power": "converter",
    "osm_id": "way/1362345482"
   }
  },
  {
   "type": "Feature",
   "geometry": {
    "type": "LineString",
    "coordinates": [
     [
      9.5189288,
      55.5922821
     ],
     [
      9.5188745,
      55.5922814
     ],
     [
      9.5188758,
      55.5922458
     ],
     [
      9.5189301,
      55.5922464
     ],
     [
      9.5189288,
      55.5922821
     ]
    ]
   },
   "properties": {
    "power": "converter",
    "osm_id": "way/1362345483"
   }
  },
  {
   "type": "Feature",
   "geometry": {
    "type": "LineString",
    "coordinates": [
     [
      9.5189449,
      55.5917122
     ],
     [
      9.5188906,
      55.5917115
     ],
     [
      9.5188919,
      55.5916759
     ],
     [
      9.5189462,
      55.5916765
     ],
     [
      9.5189449,
      55.5917122
     ]
    ]
   },
   "properties": {
    "power": "converter",
    "osm_id": "way/1362345484"
   }
  },
  {
   "type": "Feature",
   "geometry": {
    "type": "LineString",
    "coordinates": [
     [
      9.4954092,
      55.590145
     ],
     [
      9.4953549,
      55.5901444
     ],
     [
      9.4953562,
      55.5901087
     ],
     [
      9.4954106,
      55.5901094
     ],
     [
      9.4954092,
      55.590145
     ]
    ]
   },
   "properties": {
    "power": "converter",
    "osm_id": "way/1362345485"
   }
  },
  {
   "type": "Feature",
   "geometry": {
    "type": "LineString",
    "coordinates": [
     [
      9.4953857,
      55.5917025
     ],
     [
      9.4953314,
      55.5917018
     ],
     [
      9.4953327,
      55.5916662
     ],
     [
      9.495387,
      55.5916669
     ],
     [
      9.4953857,
      55.5917025
     ]
    ]
   },
   "properties": {
    "power": "converter",
    "osm_id": "way/1362345486"
   }
  },
  {
   "type": "Feature",
   "geometry": {
    "type": "LineString",
    "coordinates": [
     [
      9.4953839,
      55.5924319
     ],
     [
      9.4953296,
      55.5924313
     ],
     [
      9.4953309,
      55.5923957
     ],
     [
      9.4953852,
      55.5923963
     ],
     [
      9.4953839,
      55.5924319
     ]
    ]
   },
   "properties": {
    "power": "converter",
    "osm_id": "way/1362345487"
   }
  },
  {
   "type": "Feature",
   "geometry": {
    "type": "LineString",
    "coordinates": [
     [
      9.4981685,
      55.592373
     ],
     [
      9.4981142,
      55.5923723
     ],
     [
      9.4981155,
      55.5923367
     ],
     [
      9.4981698,
      55.5923374
     ],
     [
      9.4981685,
      55.592373
     ]
    ]
   },
   "properties": {
    "power": "converter",
    "osm_id": "way/1362345488"
   }
  },
  {
   "type": "Feature",
   "geometry": {
    "type": "LineString",
    "coordinates": [
     [
      9.500722,
      55.5918031
     ],
     [
      9.5006676,
      55.5918025
     ],
     [
      9.500669,
      55.5917668
     ],
     [
      9.5007233,
      55.5917675
     ],
     [
      9.500722,
      55.5918031
     ]
    ]
   },
   "properties": {
    "power": "converter",
    "osm_id": "way/1362345489"
   }
  },
  {
   "type": "Feature",
   "geometry": {
    "type": "LineString",
    "coordinates": [
     [
      9.4981953,
      55.591403
     ],
     [
      9.498141,
      55.5914023
     ],
     [
      9.4981423,
      55.5913667
     ],
     [
      9.4981967,
      55.5913673
     ],
     [
      9.4981953,
      55.591403
     ]
    ]
   },
   "properties": {
    "power": "converter",
    "osm_id": "way/1362345490"
   }
  },
  {
   "type": "Feature",
   "geometry": {
    "type": "LineString",
    "coordinates": [
     [
      9.4981953,
      55.5908179
     ],
     [
      9.498141,
      55.5908172
     ],
     [
      9.4981423,
      55.5907816
     ],
     [
      9.4981967,
      55.5907823
     ],
     [
      9.4981953,
      55.5908179
     ]
    ]
   },
   "properties": {
    "power": "converter",
    "osm_id": "way/1362345491"
   }
  },
  {
   "type": "Feature",
   "geometry": {
    "type": "LineString",
    "coordinates": [
     [
      9.5094713,
      55.5891445
     ],
     [
      9.509417,
      55.5891439
     ],
     [
      9.5094183,
      55.5891082
     ],
     [
      9.5094727,
      55.5891089
     ],
     [
      9.5094713,
      55.5891445
     ]
    ]
   },
   "properties": {
    "power": "converter",
    "osm_id": "way/1362345492"
   }
  },
  {
   "type": "Feature",
   "geometry": {
    "type": "LineString",
    "coordinates": [
     [
      9.5094552,
      55.5895659
     ],
     [
      9.5094009,
      55.5895652
     ],
     [
      9.5094022,
      55.5895296
     ],
     [
      9.5094566,
      55.5895303
     ],
     [
      9.5094552,
      55.5895659
     ]
    ]
   },
   "properties": {
    "power": "converter",
    "osm_id": "way/1362345493"
   }
  },
  {
   "type": "Feature",
   "geometry": {
    "type": "LineString",
    "coordinates": [
     [
      9.5094499,
      55.5897387
     ],
     [
      9.5093955,
      55.589738
     ],
     [
      9.5093969,
      55.5897024
     ],
     [
      9.5094512,
      55.5897031
     ],
     [
      9.5094499,
      55.5897387
     ]
    ]
   },
   "properties": {
    "power": "converter",
    "osm_id": "way/1362345494"
   }
  },
  {
   "type": "Feature",
   "geometry": {
    "type": "LineString",
    "coordinates": [
     [
      9.5094499,
      55.5902298
     ],
     [
      9.5093955,
      55.5902291
     ],
     [
      9.5093969,
      55.5901935
     ],
     [
      9.5094512,
      55.5901942
     ],
     [
      9.5094499,
      55.5902298
     ]
    ]
   },
   "properties": {
    "power": "converter",
    "osm_id": "way/1362345495"
   }
  },
  {
   "type": "Feature",
   "geometry": {
    "type": "LineString",
    "coordinates": [
     [
      9.5099005,
      55.5907118
     ],
     [
      9.5098461,
      55.5907111
     ],
     [
      9.5098475,
      55.5906755
     ],
     [
      9.5099018,
      55.5906762
     ],
     [
      9.5099005,
      55.5907118
     ]
    ]
   },
   "properties": {
    "power": "converter",
    "osm_id": "way/1362345496"
   }
  },
  {
   "type": "Feature",
   "geometry": {
    "type": "LineString",
    "coordinates": [
     [
      9.5150342,
      55.5899933
     ],
     [
      9.5149799,
      55.5899927
     ],
     [
      9.5149812,
      55.5899571
     ],
     [
      9.5150356,
      55.5899577
     ],
     [
      9.5150342,
      55.5899933
     ]
    ]
   },
   "properties": {
    "power": "converter",
    "osm_id": "way/1362345497"
   }
  },
  {
   "type": "Feature",
   "geometry": {
    "type": "LineString",
    "coordinates": [
     [
      9.5150128,
      55.5905724
     ],
     [
      9.5149584,
      55.5905717
     ],
     [
      9.5149598,
      55.5905361
     ],
     [
      9.5150141,
      55.5905367
     ],
     [
      9.5150128,
      55.5905724
     ]
    ]
   },
   "properties": {
    "power": "converter",
    "osm_id": "way/1362345498"
   }
  },
  {
   "type": "Feature",
   "geometry": {
    "type": "LineString",
    "coordinates": [
     [
      9.5142349,
      55.5914424
     ],
     [
      9.5141806,
      55.5914417
     ],
     [
      9.5141819,
      55.5914061
     ],
     [
      9.5142363,
      55.5914068
     ],
     [
      9.5142349,
      55.5914424
     ]
    ]
   },
   "properties": {
    "power": "converter",
    "osm_id": "way/1362345499"
   }
  },
  {
   "type": "Feature",
   "geometry": {
    "type": "LineString",
    "coordinates": [
     [
      9.5122233,
      55.591215
     ],
     [
      9.5121689,
      55.5912144
     ],
     [
      9.5121703,
      55.5911787
     ],
     [
      9.5122246,
      55.5911794
     ],
     [
      9.5122233,
      55.591215
     ]
    ]
   },
   "properties": {
    "power": "converter",
    "osm_id": "way/1362345500"
   }
  },
  {
   "type": "Feature",
   "geometry": {
    "type": "LineString",
    "coordinates": [
     [
      9.5122233,
      55.590636
     ],
     [
      9.5121689,
      55.5906354
     ],
     [
      9.5121703,
      55.5905997
     ],
     [
      9.5122246,
      55.5906004
     ],
     [
      9.5122233,
      55.590636
     ]
    ]
   },
   "properties": {
    "power": "converter",
    "osm_id": "way/1362345501"
   }
  },
  {
   "type": "Feature",
   "geometry": {
    "type": "LineString",
    "coordinates": [
     [
      9.5122501,
      55.5897387
     ],
     [
      9.5121958,
      55.589738
     ],
     [
      9.5121971,
      55.5897024
     ],
     [
      9.5122514,
      55.5897031
     ],
     [
      9.5122501,
      55.5897387
     ]
    ]
   },
   "properties": {
    "power": "converter",
    "osm_id": "way/1362345502"
   }
  },
  {
   "type": "Feature",
   "geometry": {
    "type": "LineString",
    "coordinates": [
     [
      9.5122555,
      55.5884321
     ],
     [
      9.5122011,
      55.5884314
     ],
     [
      9.5122025,
      55.5883958
     ],
     [
      9.5122568,
      55.5883965
     ],
     [
      9.5122555,
      55.5884321
     ]
    ]
   },
   "properties": {
    "power": "converter",
    "osm_id": "way/1362345503"
   }
  },
  {
   "type": "Feature",
   "geometry": {
    "type": "LineString",
    "coordinates": [
     [
      9.5166382,
      55.5882654
     ],
     [
      9.5165839,
      55.5882647
     ],
     [
      9.5165852,
      55.5882291
     ],
     [
      9.5166395,
      55.5882297
     ],
     [
      9.5166382,
      55.5882654
     ]
    ]
   },
   "properties": {
    "power": "converter",
    "osm_id": "way/1362345504"
   }
  },
  {
   "type": "Feature",
   "geometry": {
    "type": "LineString",
    "coordinates": [
     [
      9.5150396,
      55.5890081
     ],
     [
      9.5149853,
      55.5890074
     ],
     [
      9.5149866,
      55.5889718
     ],
     [
      9.5150409,
      55.5889725
     ],
     [
      9.5150396,
      55.5890081
     ]
    ]
   },
   "properties": {
    "power": "converter",
    "osm_id": "way/1362345505"
   }
  },
  {
   "type": "Feature",
   "geometry": {
    "type": "LineString",
    "coordinates": [
     [
      9.515045,
      55.5885352
     ],
     [
      9.5149906,
      55.5885345
     ],
     [
      9.514992,
      55.5884989
     ],
     [
      9.5150463,
      55.5884995
     ],
     [
      9.515045,
      55.5885352
     ]
    ]
   },
   "properties": {
    "power": "converter",
    "osm_id": "way/1362345506"
   }
  },
  {
   "type": "Feature",
   "geometry": {
    "type": "LineString",
    "coordinates": [
     [
      9.5150664,
      55.5868859
     ],
     [
      9.5150121,
      55.5868853
     ],
     [
      9.5150134,
      55.5868497
     ],
     [
      9.5150678,
      55.5868503
     ],
     [
      9.5150664,
      55.5868859
     ]
    ]
   },
   "properties": {
    "power": "converter",
    "osm_id": "way/1362345507"
   }
  },
  {
   "type": "Feature",
   "geometry": {
    "type": "LineString",
    "coordinates": [
     [
      9.5150664,
      55.5872952
     ],
     [
      9.5150121,
      55.5872946
     ],
     [
      9.5150134,
      55.5872589
     ],
     [
      9.5150678,
      55.5872596
     ],
     [
      9.5150664,
      55.5872952
     ]
    ]
   },
   "properties": {
    "power": "converter",
    "osm_id": "way/1362345508"
   }
  },
  {
   "type": "Feature",
   "geometry": {
    "type": "LineString",
    "coordinates": [
     [
      9.515045,
      55.5878652
     ],
     [
      9.5149906,
      55.5878645
     ],
     [
      9.514992,
      55.5878289
     ],
     [
      9.5150463,
      55.5878296
     ],
     [
      9.515045,
      55.5878652
     ]
    ]
   },
   "properties": {
    "power": "converter",
    "osm_id": "way/1362345509"
   }
  },
  {
   "type": "Feature",
   "geometry": {
    "type": "LineString",
    "coordinates": [
     [
      9.5122662,
      55.5876924
     ],
     [
      9.5122119,
      55.5876917
     ],
     [
      9.5122132,
      55.5876561
     ],
     [
      9.5122675,
      55.5876568
     ],
     [
      9.5122662,
      55.5876924
     ]
    ]
   },
   "properties": {
    "power": "converter",
    "osm_id": "way/1362345510"
   }
  },
  {
   "type": "Feature",
   "geometry": {
    "type": "LineString",
    "coordinates": [
     [
      9.5122876,
      55.5869617
     ],
     [
      9.5122333,
      55.5869611
     ],
     [
      9.5122347,
      55.5869255
     ],
     [
      9.512289,
      55.5869261
     ],
     [
      9.5122876,
      55.5869617
     ]
    ]
   },
   "properties": {
    "power": "converter",
    "osm_id": "way/1362345511"
   }
  },
  {
   "type": "Feature",
   "geometry": {
    "type": "LineString",
    "coordinates": [
     [
      9.5122876,
      55.5867101
     ],
     [
      9.5122333,
      55.5867094
     ],
     [
      9.5122347,
      55.5866738
     ],
     [
      9.512289,
      55.5866745
     ],
     [
      9.5122876,
      55.5867101
     ]
    ]
   },
   "properties": {
    "power": "converter",
    "osm_id": "way/1362345512"
   }
  },
  {
   "type": "Feature",
   "geometry": {
    "type": "LineString",
    "coordinates": [
     [
      9.5122876,
      55.5864615
     ],
     [
      9.5122333,
      55.5864608
     ],
     [
      9.5122347,
      55.5864252
     ],
     [
      9.512289,
      55.5864259
     ],
     [
      9.5122876,
      55.5864615
     ]
    ]
   },
   "properties": {
    "power": "converter",
    "osm_id": "way/1362345513"
   }
  },
  {
   "type": "Feature",
   "geometry": {
    "type": "LineString",
    "coordinates": [
     [
      9.5072451,
      55.5862402
     ],
     [
      9.5071908,
      55.5862395
     ],
     [
      9.5071921,
      55.5862039
     ],
     [
      9.5072464,
      55.5862046
     ],
     [
      9.5072451,
      55.5862402
     ]
    ]
   },
   "properties": {
    "power": "converter",
    "osm_id": "way/1362345514"
   }
  },
  {
   "type": "Feature",
   "geometry": {
    "type": "LineString",
    "coordinates": [
     [
      9.5072612,
      55.5858309
     ],
     [
      9.5072069,
      55.5858302
     ],
     [
      9.5072082,
      55.5857946
     ],
     [
      9.5072625,
      55.5857953
     ],
     [
      9.5072612,
      55.5858309
     ]
    ]
   },
   "properties": {
    "power": "converter",
    "osm_id": "way/1362345515"
   }
  },
  {
   "type": "Feature",
   "geometry": {
    "type": "LineString",
    "coordinates": [
     [
      9.4983455,
      55.5879031
     ],
     [
      9.4982912,
      55.5879024
     ],
     [
      9.4982925,
      55.5878668
     ],
     [
      9.4983469,
      55.5878675
     ],
     [
      9.4983455,
      55.5879031
     ]
    ]
   },
   "properties": {
    "power": "converter",
    "osm_id": "way/1362345516"
   }
  },
  {
   "type": "Feature",
   "geometry": {
    "type": "LineString",
    "coordinates": [
     [
      9.4983536,
      55.5872482
     ],
     [
      9.4982992,
      55.5872476
     ],
     [
      9.4983006,
      55.587212
     ],
     [
      9.4983549,
      55.5872126
     ],
     [
      9.4983536,
      55.5872482
     ]
    ]
   },
   "properties": {
    "power": "converter",
    "osm_id": "way/1362345517"
   }
  },
  {
   "type": "Feature",
   "geometry": {
    "type": "LineString",
    "coordinates": [
     [
      9.4983656,
      55.5861856
     ],
     [
      9.4983113,
      55.5861849
     ],
     [
      9.4983126,
      55.5861493
     ],
     [
      9.498367,
      55.58615
     ],
     [
      9.4983656,
      55.5861856
     ]
    ]
   },
   "properties": {
    "power": "converter",
    "osm_id": "way/1362345518"
   }
  },
  {
   "type": "Feature",
   "geometry": {
    "type": "LineString",
    "coordinates": [
     [
      9.498374,
      55.5856945
     ],
     [
      9.4983197,
      55.5856938
     ],
     [
      9.498321,
      55.5856582
     ],
     [
      9.4983754,
      55.5856589
     ],
     [
      9.498374,
      55.5856945
     ]
    ]
   },
   "properties": {
    "power": "converter",
    "osm_id": "way/1362345519"
   }
  },
  {
   "type": "Feature",
   "geometry": {
    "type": "LineString",
    "coordinates": [
     [
      11.386259,
      53.5918202
     ],
     [
      11.3862301,
      53.5919582
     ],
     [
      11.3864975,
      53.5919779
     ],
     [
      11.3865264,
      53.5918399
     ],
     [
      11.386259,
      53.5918202
     ]
    ]
   },
   "properties": {
    "converter": "back-to-back",
    "description": "Ein statischer Umrichter mit 15 MW",
    "frequency": "50;16.67",
    "manufacturer": "GE Power Conversion",
    "operator": "DB Energie GmbH",
    "power": "converter",
    "voltage": "110000;15000",
    "osm_id": "way/1368027819"
   }
  },
  {
   "type": "Feature",
   "geometry": {
    "type": "LineString",
    "coordinates": [
     [
      11.3862897,
      53.5916587
     ],
     [
      11.3862608,
      53.5917967
     ],
     [
      11.3865283,
      53.5918164
     ],
     [
      11.3865572,
      53.5916784
     ],
     [
      11.3862897,
      53.5916587
     ]
    ]
   },
   "properties": {
    "converter": "back-to-back",
    "description": "Ein statischer Umrichter mit 15 MW",
    "frequency": "50;16.67",
    "manufacturer": "GE Power Conversion",
    "operator": "DB Energie GmbH",
    "power": "converter",
    "voltage": "110000;15000",
    "osm_id": "way/1368027820"
   }
  },
  {
   "type": "Feature",
   "geometry": {
    "type": "Polygon",
    "coordinates": [
     [
      [
       10.2095159,
       54.110287
      ],
      [
       10.2095325,
       54.1102649
      ],
      [
       10.2095031,
       54.1102573
      ],
      [
       10.2094865,
       54.1102795
      ],
      [
       10.2095159,
       54.110287
      ]
     ]
    ]
   },
   "properties": {
    "building": "commercial",
    "frequency": "50",
    "power": "converter",
    "osm_id": "way/1378026532"
   }
  },
  {
   "type": "Feature",
   "geometry": {
    "type": "Polygon",
    "coordinates": [
     [
      [
       10.2095363,
       54.1102911
      ],
      [
       10.2095691,
       54.1102997
      ],
      [
       10.2095872,
       54.110276
      ],
      [
       10.2095543,
       54.1102674
      ],
      [
       10.2095363,
       54.1102911
      ]
     ]
    ]
   },
   "properties": {
    "building": "commercial",
    "frequency": "50",
    "power": "converter",
    "osm_id": "way/1378026533"
   }
  },
  {
   "type": "Feature",
   "geometry": {
    "type": "Polygon",
    "coordinates": [
     [
      [
       9.0608266,
       54.4721613
      ],
      [
       9.0608465,
       54.4720914
      ],
      [
       9.061293,
       54.4721343
      ],
      [
       9.0612732,
       54.4722042
      ],
      [
       9.0608266,
       54.4721613
      ]
     ]
    ]
   },
   "properties": {
    "building": "yes",
    "converter": "back-to-back",
    "description": "Ladeunterwerk der Oberleitungsinselanlage Husum",
    "frequency": "50;16.7",
    "location": "indoor",
    "manufacturer": "Rail Power Systems",
    "operator": "DB Energie GmbH",
    "power": "converter",
    "rating": "5 MW",
    "roof:colour": "gray",
    "roof:shape": "flat",
    "source": "https://www.fs-group.de/en/company/news/details/fs-umrichter-in-ladestationen-fuer-batterieelektrische-zuege.html",
    "start_date": "2024",
    "substation": "traction",
    "voltage": "medium;15000",
    "osm_id": "way/1383528060"
   }
  },
  {
   "type": "Feature",
   "geometry": {
    "type": "Polygon",
    "coordinates": [
     [
      [
       9.101836,
       54.1927668
      ],
      [
       9.1019539,
       54.1927811
      ],
      [
       9.1018616,
       54.1930411
      ],
      [
       9.1017437,
       54.1930267
      ],
      [
       9.101836,
       54.1927668
      ]
     ]
    ]
   },
   "properties": {
    "building": "yes",
    "converter": "back-to-back",
    "description": "Ladeunterwerk der Oberleitungsinselanlage Heide",
    "frequency": "50;16.7",
    "location": "indoor",
    "manufacturer": "Rail Power Systems",
    "operator": "DB Energie GmbH",
    "power": "converter",
    "rating": "5 MW",
    "roof:colour": "gray",
    "roof:shape": "flat",
    "source": "https://www.fs-group.de/en/company/news/details/fs-umrichter-in-ladestationen-fuer-batterieelektrische-zuege.html",
    "source:start_date": "https://newsletter.nah.sh/de/ausgabe-02-2024/erste-tests-der-oberleitungsinselanlage-in-heide/",
    "start_date": "2024-02-14",
    "substation": "traction",
    "voltage": "medium;15000",
    "osm_id": "way/1383528061"
   }
  },
  {
   "type": "Feature",
   "geometry": {
    "type": "LineString",
    "coordinates": [
     [
      10.5066136,
      55.3665277
     ],
     [
      10.5076297,
      55.3667296
     ],
     [
      10.5071119,
      55.3675263
     ],
     [
      10.506152,
      55.3673555
     ],
     [
      10.5061956,
      55.367283
     ],
     [
      10.5062881,
      55.3671292
     ],
     [
      10.5061395,
      55.3671003
     ],
     [
      10.5061964,
      55.3670057
     ],
     [
      10.5062929,
      55.3668454
     ],
     [
      10.506344,
      55.3668554
     ],
     [
      10.5063592,
      55.3668327
     ],
     [
      10.5064209,
      55.3668443
     ],
     [
      10.5065044,
      55.3667061
     ],
     [
      10.5066136,
      55.3665277
     ]
    ]
   },
   "properties": {
    "name": "Fraugde 400 kV HVDC",
    "operator": "Energinet",
    "operator:wikidata": "Q1341529",
    "power": "substation",
    "start_date": "2009",
    "substation": "converter",
    "voltage": "400000",
    "osm_id": "way/1384028957"
   }
  },
  {
   "type": "Feature",
   "geometry": {
    "type": "Polygon",
    "coordinates": [
     [
      [
       10.2607589,
       53.9595171
      ],
      [
       10.2607218,
       53.9594938
      ],
      [
       10.2606901,
       53.9595112
      ],
      [
       10.2607272,
       53.9595346
      ],
      [
       10.2607589,
       53.9595171
      ]
     ]
    ]
   },
   "properties": {
    "addr:city": "Schackendorf",
    "addr:postcode": "23795",
    "addr:street": "BAB 21",
    "building": "commercial",
    "frequency": "50",
    "operator": "Aral",
    "operator:wikidata": "Q565734",
    "power": "converter",
    "osm_id": "way/1390052716"
   }
  },
  {
   "type": "Feature",
   "geometry": {
    "type": "LineString",
    "coordinates": [
     [
      18.7771824,
      52.7872922
     ],
     [
      18.7772584,
      52.7872888
     ],
     [
      18.7772557,
      52.7872669
     ],
     [
      18.7771797,
      52.7872703
     ],
     [
      18.7771824,
      52.7872922
     ]
    ]
   },
   "properties": {
    "converter": "dc_ac",
    "converter:source": "solar",
    "location": "outdoor",
    "power": "converter",
    "osm_id": "way/1421216433"
   }
  },
  {
   "type": "Feature",
   "geometry": {
    "type": "LineString",
    "coordinates": [
     [
      9.5325943,
      55.5850837
     ],
     [
      9.53254,
      55.585083
     ],
     [
      9.5325413,
      55.5850474
     ],
     [
      9.5325956,
      55.5850481
     ],
     [
      9.5325943,
      55.5850837
     ]
    ]
   },
   "properties": {
    "power": "converter",
    "osm_id": "way/1432089366"
   }
  },
  {
   "type": "Feature",
   "geometry": {
    "type": "LineString",
    "coordinates": [
     [
      9.5325737,
      55.5865552
     ],
     [
      9.5325194,
      55.5865545
     ],
     [
      9.5325207,
      55.5865189
     ],
     [
      9.532575,
      55.5865196
     ],
     [
      9.5325737,
      55.5865552
     ]
    ]
   },
   "properties": {
    "power": "converter",
    "osm_id": "way/1432089367"
   }
  },
  {
   "type": "Feature",
   "geometry": {
    "type": "LineString",
    "coordinates": [
     [
      9.5320642,
      55.5863753
     ],
     [
      9.5320099,
      55.5863746
     ],
     [
      9.5320112,
      55.586339
     ],
     [
      9.5320655,
      55.5863397
     ],
     [
      9.5320642,
      55.5863753
     ]
    ]
   },
   "properties": {
    "power": "converter",
    "osm_id": "way/1432089368"
   }
  },
  {
   "type": "Feature",
   "geometry": {
    "type": "LineString",
    "coordinates": [
     [
      9.5325887,
      55.5855749
     ],
     [
      9.5325344,
      55.5855742
     ],
     [
      9.5325357,
      55.5855386
     ],
     [
      9.53259,
      55.5855393
     ],
     [
      9.5325887,
      55.5855749
     ]
    ]
   },
   "properties": {
    "power": "converter",
    "osm_id": "way/1432089369"
   }
  },
  {
   "type": "Feature",
   "geometry": {
    "type": "LineString",
    "coordinates": [
     [
      9.5381332,
      55.5869025
     ],
     [
      9.5380789,
      55.5869018
     ],
     [
      9.5380802,
      55.5868662
     ],
     [
      9.5381345,
      55.5868669
     ],
     [
      9.5381332,
      55.5869025
     ]
    ]
   },
   "properties": {
    "power": "converter",
    "osm_id": "way/1432089370"
   }
  },
  {
   "type": "Feature",
   "geometry": {
    "type": "LineString",
    "coordinates": [
     [
      9.5381276,
      55.5874773
     ],
     [
      9.5380733,
      55.5874766
     ],
     [
      9.5380746,
      55.587441
     ],
     [
      9.5381289,
      55.5874417
     ],
     [
      9.5381276,
      55.5874773
     ]
    ]
   },
   "properties": {
    "power": "converter",
    "osm_id": "way/1432089371"
   }
  },
  {
   "type": "Feature",
   "geometry": {
    "type": "LineString",
    "coordinates": [
     [
      9.5381276,
      55.587807
     ],
     [
      9.5380733,
      55.5878063
     ],
     [
      9.5380746,
      55.5877707
     ],
     [
      9.5381289,
      55.5877714
     ],
     [
      9.5381276,
      55.587807
     ]
    ]
   },
   "properties": {
    "power": "converter",
    "osm_id": "way/1432089372"
   }
  },
  {
   "type": "Feature",
   "geometry": {
    "type": "LineString",
    "coordinates": [
     [
      9.5353497,
      55.587219
     ],
     [
      9.5352954,
      55.5872183
     ],
     [
      9.5352967,
      55.5871827
     ],
     [
      9.535351,
      55.5871834
     ],
     [
      9.5353497,
      55.587219
     ]
    ]
   },
   "properties": {
    "power": "converter",
    "osm_id": "way/1432089373"
   }
  },
  {
   "type": "Feature",
   "geometry": {
    "type": "LineString",
    "coordinates": [
     [
      9.5353553,
      55.5869723
     ],
     [
      9.535301,
      55.5869716
     ],
     [
      9.5353023,
      55.586936
     ],
     [
      9.5353566,
      55.5869367
     ],
     [
      9.5353553,
      55.5869723
     ]
    ]
   },
   "properties": {
    "power": "converter",
    "osm_id": "way/1432089374"
   }
  },
  {
   "type": "Feature",
   "geometry": {
    "type": "LineString",
    "coordinates": [
     [
      9.5353534,
      55.5861604
     ],
     [
      9.5352991,
      55.5861597
     ],
     [
      9.5353004,
      55.5861241
     ],
     [
      9.5353547,
      55.5861248
     ],
     [
      9.5353534,
      55.5861604
     ]
    ]
   },
   "properties": {
    "power": "converter",
    "osm_id": "way/1432089375"
   }
  },
  {
   "type": "Feature",
   "geometry": {
    "type": "LineString",
    "coordinates": [
     [
      9.5353722,
      55.5855855
     ],
     [
      9.5353179,
      55.5855848
     ],
     [
      9.5353192,
      55.5855492
     ],
     [
      9.5353735,
      55.5855499
     ],
     [
      9.5353722,
      55.5855855
     ]
    ]
   },
   "properties": {
    "power": "converter",
    "osm_id": "way/1432089376"
   }
  },
  {
   "type": "Feature",
   "geometry": {
    "type": "LineString",
    "coordinates": [
     [
      9.5353797,
      55.5850128
     ],
     [
      9.5353254,
      55.5850121
     ],
     [
      9.5353267,
      55.5849765
     ],
     [
      9.535381,
      55.5849772
     ],
     [
      9.5353797,
      55.5850128
     ]
    ]
   },
   "properties": {
    "power": "converter",
    "osm_id": "way/1432089377"
   }
  },
  {
   "type": "Feature",
   "geometry": {
    "type": "LineString",
    "coordinates": [
     [
      9.5337463,
      55.583627
     ],
     [
      9.533692,
      55.5836263
     ],
     [
      9.5336933,
      55.5835907
     ],
     [
      9.5337476,
      55.5835914
     ],
     [
      9.5337463,
      55.583627
     ]
    ]
   },
   "properties": {
    "power": "converter",
    "osm_id": "way/1432089378"
   }
  },
  {
   "type": "Feature",
   "geometry": {
    "type": "LineString",
    "coordinates": [
     [
      9.5325981,
      55.5845131
     ],
     [
      9.5325438,
      55.5845124
     ],
     [
      9.5325451,
      55.5844768
     ],
     [
      9.5325994,
      55.5844775
     ],
     [
      9.5325981,
      55.5845131
     ]
    ]
   },
   "properties": {
    "power": "converter",
    "osm_id": "way/1432089379"
   }
  },
  {
   "type": "Feature",
   "geometry": {
    "type": "LineString",
    "coordinates": [
     [
      9.5001873,
      55.5917802
     ],
     [
      9.500133,
      55.5917796
     ],
     [
      9.5001343,
      55.5917439
     ],
     [
      9.5001887,
      55.5917446
     ],
     [
      9.5001873,
      55.5917802
     ]
    ]
   },
   "properties": {
    "power": "converter",
    "osm_id": "way/1432089406"
   }
  },
  {
   "type": "Feature",
   "geometry": {
    "type": "LineString",
    "coordinates": [
     [
      9.4953996,
      55.590962
     ],
     [
      9.4953453,
      55.5909614
     ],
     [
      9.4953466,
      55.5909257
     ],
     [
      9.495401,
      55.5909264
     ],
     [
      9.4953996,
      55.590962
     ]
    ]
   },
   "properties": {
    "power": "converter",
    "osm_id": "way/1432089407"
   }
  },
  {
   "type": "Feature",
   "geometry": {
    "type": "LineString",
    "coordinates": [
     [
      12.1091821,
      57.6080906
     ],
     [
      12.1103909,
      57.6078645
     ],
     [
      12.1115389,
      57.6084949
     ],
     [
      12.1121591,
      57.6084215
     ],
     [
      12.1123803,
      57.6084528
     ],
     [
      12.1125811,
      57.6084243
     ],
     [
      12.1131015,
      57.6084116
     ],
     [
      12.1133269,
      57.6082901
     ],
     [
      12.113355,
      57.6082204
     ],
     [
      12.1133443,
      57.6081493
     ],
     [
      12.1133612,
      57.6081334
     ],
     [
      12.1133489,
      57.6080121
     ],
     [
      12.113331,
      57.6079852
     ],
     [
      12.1133013,
      57.6075646
     ],
     [
      12.1133294,
      57.6075322
     ],
     [
      12.1133335,
      57.607325
     ],
     [
      12.1130021,
      57.6073089
     ],
     [
      12.1129683,
      57.6072781
     ],
     [
      12.1128577,
      57.6072847
     ],
     [
      12.112722,
      57.6072265
     ],
     [
      12.1126917,
      57.6071835
     ],
     [
      12.1125478,
      57.6071206
     ],
     [
      12.1124269,
      57.6070841
     ],
     [
      12.1122548,
      57.6070056
     ],
     [
      12.1121621,
      57.6069357
     ],
     [
      12.1121222,
      57.6065504
     ],
     [
      12.1123895,
      57.6061945
     ],
     [
      12.1125038,
      57.6060211
     ],
     [
      12.1127768,
      57.6055208
     ],
     [
      12.1123464,
      57.6053486
     ],
     [
      12.1119777,
      57.6052044
     ],
     [
      12.1119255,
      57.6051153
     ],
     [
      12.1116822,
      57.604963
     ],
     [
      12.1114786,
      57.6048843
     ],
     [
      12.1113385,
      57.6048164
     ],
     [
      12.1112125,
      57.6047843
     ],
     [
      12.1110737,
      57.604755
     ],
     [
      12.1109897,
      57.6047558
     ],
     [
      12.110919,
      57.6047681
     ],
     [
      12.1108309,
      57.6047879
     ],
     [
      12.1107249,
      57.6047975
     ],
     [
      12.1105595,
      57.6048085
     ],
     [
      12.1103874,
      57.6049896
     ],
     [
      12.1100408,
      57.6053655
     ],
     [
      12.1096104,
      57.6057245
     ],
     [
      12.1095675,
      57.6058682
     ],
     [
      12.1086003,
      57.6057884
     ],
     [
      12.1085194,
      57.6060617
     ],
     [
      12.1092129,
      57.6061133
     ],
     [
      12.1092856,
      57.606217
     ],
     [
      12.108506,
      57.6069628
     ],
     [
      12.1087703,
      57.6073547
     ],
     [
      12.1085255,
      57.6076346
     ],
     [
      12.1091821,
      57.6080906
     ]
    ]
   },
   "properties": {
    "barrier": "fence",
    "name": "Konti-Skan Lindome HVDC Static Inverter",
    "operator": "Svenska Kraftn\u00e4t",
    "operator:wikidata": "Q942801",
    "power": "substation",
    "substation": "converter",
    "voltage": "400000;132000",
    "osm_id": "way/1451345383"
   }
  },
  {
   "type": "Feature",
   "geometry": {
    "type": "LineString",
    "coordinates": [
     [
      28.3144373,
      59.6088832
     ],
     [
      28.3168906,
      59.608258
     ],
     [
      28.3149961,
      59.6063551
     ],
     [
      28.3125428,
      59.6069802
     ],
     [
      28.3144373,
      59.6088832
     ]
    ]
   },
   "properties": {
    "barrier": "fence",
    "fence_type": "concrete",
    "frequency": "50",
    "gas_insulated": "yes",
    "name": "\u041f\u0421 330 \u043a\u0412 \u041d\u0430\u0440\u0432\u0430",
    "power": "substation",
    "substation": "converter",
    "voltage": "330000",
    "osm_id": "way/1467748130"
   }
  },
  {
   "type": "Feature",
   "geometry": {
    "type": "Polygon",
    "coordinates": [
     [
      [
       13.16152,
       52.8874856
      ],
      [
       13.1615612,
       52.8874368
      ],
      [
       13.1615943,
       52.887447
      ],
      [
       13.1615532,
       52.8874957
      ],
      [
       13.16152,
       52.8874856
      ]
     ]
    ]
   },
   "properties": {
    "building": "container",
    "converter:output:electricity": "6.6 MW",
    "converter:output:voltage": "30000",
    "note": "container 20 ft",
    "power": "converter",
    "osm_id": "way/1528549989"
   }
  },
  {
   "type": "Feature",
   "geometry": {
    "type": "Polygon",
    "coordinates": [
     [
      [
       13.161725,
       52.8872465
      ],
      [
       13.1617661,
       52.8871977
      ],
      [
       13.1617993,
       52.8872079
      ],
      [
       13.1617582,
       52.8872567
      ],
      [
       13.161725,
       52.8872465
      ]
     ]
    ]
   },
   "properties": {
    "building": "container",
    "converter:output:electricity": "6.6 MW",
    "converter:output:voltage": "30000",
    "note": "container 20 ft",
    "power": "converter",
    "osm_id": "way/1528549992"
   }
  },
  {
   "type": "Feature",
   "geometry": {
    "type": "Polygon",
    "coordinates": [
     [
      [
       13.1620126,
       52.8869106
      ],
      [
       13.1620537,
       52.8868619
      ],
      [
       13.1620869,
       52.8868721
      ],
      [
       13.1620458,
       52.8869208
      ],
      [
       13.1620126,
       52.8869106
      ]
     ]
    ]
   },
   "properties": {
    "building": "container",
    "converter:output:electricity": "6.6 MW",
    "converter:output:voltage": "30000",
    "note": "container 20 ft",
    "power": "converter",
    "osm_id": "way/1528549997"
   }
  },
  {
   "type": "Feature",
   "geometry": {
    "type": "Polygon",
    "coordinates": [
     [
      [
       13.1622273,
       52.8866589
      ],
      [
       13.1622685,
       52.8866101
      ],
      [
       13.1623016,
       52.8866203
      ],
      [
       13.1622605,
       52.8866691
      ],
      [
       13.1622273,
       52.8866589
      ]
     ]
    ]
   },
   "properties": {
    "building": "container",
    "converter:output:electricity": "6.6 MW",
    "converter:output:voltage": "30000",
    "note": "container 20 ft",
    "power": "converter",
    "osm_id": "way/1528550000"
   }
  }
 ]
}