{
"type": "FeatureCollection",
"name": "detections_nordstream",
"crs": { "type": "name", "properties": { "name": "urn:ogc:def:crs:OGC:1.3:CRS84" } },
"features": [
{ "type": "Feature", "properties": { "confidence": 0.662, "dark_vessel": true, "matched_mmsi": null, "matched_name": null, "dist_km": 7.01 }, "geometry": { "type": "Point", "coordinates": [ 15.502465820312501, 55.646923828124997 ] } },
{ "type": "Feature", "properties": { "confidence": 0.613, "dark_vessel": true, "matched_mmsi": null, "matched_name": null, "dist_km": 7.05 }, "geometry": { "type": "Point", "coordinates": [ 15.502978515625001, 55.646704101562499 ] } },
{ "type": "Feature", "properties": { "confidence": 0.619, "dark_vessel": true, "matched_mmsi": null, "matched_name": null, "dist_km": 6.34 }, "geometry": { "type": "Point", "coordinates": [ 15.48291015625, 55.646264648437501 ] } },
{ "type": "Feature", "properties": { "confidence": 0.685, "dark_vessel": true, "matched_mmsi": null, "matched_name": null, "dist_km": 6.6 }, "geometry": { "type": "Point", "coordinates": [ 15.490087890625, 55.646191406249997 ] } },
{ "type": "Feature", "properties": { "confidence": 0.614, "dark_vessel": true, "matched_mmsi": null, "matched_name": null, "dist_km": 7.05 }, "geometry": { "type": "Point", "coordinates": [ 15.502099609375001, 55.646264648437501 ] } },
{ "type": "Feature", "properties": { "confidence": 0.606, "dark_vessel": true, "matched_mmsi": null, "matched_name": null, "dist_km": 5.56 }, "geometry": { "type": "Point", "coordinates": [ 15.4498046875, 55.6461181640625 ] } },
{ "type": "Feature", "properties": { "confidence": 0.717, "dark_vessel": true, "matched_mmsi": null, "matched_name": null, "dist_km": 6.41 }, "geometry": { "type": "Point", "coordinates": [ 15.483642578125, 55.645825195312497 ] } },
{ "type": "Feature", "properties": { "confidence": 0.843, "dark_vessel": true, "matched_mmsi": null, "matched_name": null, "dist_km": 6.38 }, "geometry": { "type": "Point", "coordinates": [ 15.4814453125, 55.6453857421875 ] } },
{ "type": "Feature", "properties": { "confidence": 0.651, "dark_vessel": true, "matched_mmsi": null, "matched_name": null, "dist_km": 6.53 }, "geometry": { "type": "Point", "coordinates": [ 15.485546875, 55.645239257812499 ] } },
{ "type": "Feature", "properties": { "confidence": 0.761, "dark_vessel": true, "matched_mmsi": null, "matched_name": null, "dist_km": 6.46 }, "geometry": { "type": "Point", "coordinates": [ 15.48291015625, 55.64501953125 ] } },
{ "type": "Feature", "properties": { "confidence": 0.726, "dark_vessel": true, "matched_mmsi": null, "matched_name": null, "dist_km": 6.45 }, "geometry": { "type": "Point", "coordinates": [ 15.48203125, 55.644799804687501 ] } },
{ "type": "Feature", "properties": { "confidence": 0.736, "dark_vessel": true, "matched_mmsi": null, "matched_name": null, "dist_km": 6.16 }, "geometry": { "type": "Point", "coordinates": [ 15.471264648437501, 55.644580078124996 ] } },
{ "type": "Feature", "properties": { "confidence": 0.619, "dark_vessel": true, "matched_mmsi": null, "matched_name": null, "dist_km": 7.34 }, "geometry": { "type": "Point", "coordinates": [ 15.505908203125001, 55.6446533203125 ] } },
{ "type": "Feature", "properties": { "confidence": 0.614, "dark_vessel": true, "matched_mmsi": null, "matched_name": null, "dist_km": 6.49 }, "geometry": { "type": "Point", "coordinates": [ 15.4825439453125, 55.644580078124996 ] } },
{ "type": "Feature", "properties": { "confidence": 0.749, "dark_vessel": true, "matched_mmsi": null, "matched_name": null, "dist_km": 6.56 }, "geometry": { "type": "Point", "coordinates": [ 15.484375, 55.644506835937499 ] } },
{ "type": "Feature", "properties": { "confidence": 0.861, "dark_vessel": true, "matched_mmsi": null, "matched_name": null, "dist_km": 6.23 }, "geometry": { "type": "Point", "coordinates": [ 15.471704101562501, 55.643994140624997 ] } },
{ "type": "Feature", "properties": { "confidence": 0.701, "dark_vessel": true, "matched_mmsi": null, "matched_name": null, "dist_km": 6.62 }, "geometry": { "type": "Point", "coordinates": [ 15.484667968750001, 55.643994140624997 ] } },
{ "type": "Feature", "properties": { "confidence": 0.835, "dark_vessel": true, "matched_mmsi": null, "matched_name": null, "dist_km": 6.63 }, "geometry": { "type": "Point", "coordinates": [ 15.4853271484375, 55.644067382812501 ] } },
{ "type": "Feature", "properties": { "confidence": 0.71, "dark_vessel": true, "matched_mmsi": null, "matched_name": null, "dist_km": 6.75 }, "geometry": { "type": "Point", "coordinates": [ 15.488330078125001, 55.6439208984375 ] } },
{ "type": "Feature", "properties": { "confidence": 0.791, "dark_vessel": true, "matched_mmsi": null, "matched_name": null, "dist_km": 6.29 }, "geometry": { "type": "Point", "coordinates": [ 15.471044921875, 55.643261718749997 ] } },
{ "type": "Feature", "properties": { "confidence": 0.692, "dark_vessel": true, "matched_mmsi": null, "matched_name": null, "dist_km": 5.94 }, "geometry": { "type": "Point", "coordinates": [ 15.43837890625, 55.641650390624996 ] } },
{ "type": "Feature", "properties": { "confidence": 0.603, "dark_vessel": true, "matched_mmsi": null, "matched_name": null, "dist_km": 5.93 }, "geometry": { "type": "Point", "coordinates": [ 15.439111328125, 55.6417236328125 ] } },
{ "type": "Feature", "properties": { "confidence": 0.73, "dark_vessel": true, "matched_mmsi": null, "matched_name": null, "dist_km": 5.97 }, "geometry": { "type": "Point", "coordinates": [ 15.4424072265625, 55.641650390624996 ] } },
{ "type": "Feature", "properties": { "confidence": 0.593, "dark_vessel": true, "matched_mmsi": null, "matched_name": null, "dist_km": 6.0 }, "geometry": { "type": "Point", "coordinates": [ 15.438671875, 55.641064453124997 ] } },
{ "type": "Feature", "properties": { "confidence": 0.794, "dark_vessel": true, "matched_mmsi": null, "matched_name": null, "dist_km": 6.05 }, "geometry": { "type": "Point", "coordinates": [ 15.4391845703125, 55.640698242187497 ] } },
{ "type": "Feature", "properties": { "confidence": 0.695, "dark_vessel": true, "matched_mmsi": null, "matched_name": null, "dist_km": 6.43 }, "geometry": { "type": "Point", "coordinates": [ 15.464672851562501, 55.640405273437501 ] } },
{ "type": "Feature", "properties": { "confidence": 0.672, "dark_vessel": true, "matched_mmsi": null, "matched_name": null, "dist_km": 6.51 }, "geometry": { "type": "Point", "coordinates": [ 15.466723632812501, 55.640112304687499 ] } },
{ "type": "Feature", "properties": { "confidence": 0.618, "dark_vessel": true, "matched_mmsi": null, "matched_name": null, "dist_km": 7.07 }, "geometry": { "type": "Point", "coordinates": [ 15.373120117187501, 55.639819335937496 ] } },
{ "type": "Feature", "properties": { "confidence": 0.653, "dark_vessel": true, "matched_mmsi": null, "matched_name": null, "dist_km": 6.14 }, "geometry": { "type": "Point", "coordinates": [ 15.4380126953125, 55.639819335937496 ] } },
{ "type": "Feature", "properties": { "confidence": 0.628, "dark_vessel": true, "matched_mmsi": null, "matched_name": null, "dist_km": 7.19 }, "geometry": { "type": "Point", "coordinates": [ 15.3720947265625, 55.638940429687501 ] } },
{ "type": "Feature", "properties": { "confidence": 0.612, "dark_vessel": true, "matched_mmsi": null, "matched_name": null, "dist_km": 6.3 }, "geometry": { "type": "Point", "coordinates": [ 15.444384765625001, 55.6387939453125 ] } },
{ "type": "Feature", "properties": { "confidence": 0.642, "dark_vessel": true, "matched_mmsi": null, "matched_name": null, "dist_km": 7.32 }, "geometry": { "type": "Point", "coordinates": [ 15.371435546875, 55.637841796875001 ] } },
{ "type": "Feature", "properties": { "confidence": 0.724, "dark_vessel": true, "matched_mmsi": null, "matched_name": null, "dist_km": 6.71 }, "geometry": { "type": "Point", "coordinates": [ 15.465258789062501, 55.637915039062499 ] } },
{ "type": "Feature", "properties": { "confidence": 0.692, "dark_vessel": true, "matched_mmsi": null, "matched_name": null, "dist_km": 6.96 }, "geometry": { "type": "Point", "coordinates": [ 15.4743408203125, 55.637475585937501 ] } },
{ "type": "Feature", "properties": { "confidence": 0.599, "dark_vessel": true, "matched_mmsi": null, "matched_name": null, "dist_km": 6.75 }, "geometry": { "type": "Point", "coordinates": [ 15.3952392578125, 55.6373291015625 ] } },
{ "type": "Feature", "properties": { "confidence": 0.833, "dark_vessel": true, "matched_mmsi": null, "matched_name": null, "dist_km": 7.0 }, "geometry": { "type": "Point", "coordinates": [ 15.4750732421875, 55.637255859374996 ] } },
{ "type": "Feature", "properties": { "confidence": 0.932, "dark_vessel": true, "matched_mmsi": null, "matched_name": null, "dist_km": 7.07 }, "geometry": { "type": "Point", "coordinates": [ 15.474047851562501, 55.636376953125001 ] } },
{ "type": "Feature", "properties": { "confidence": 0.867, "dark_vessel": true, "matched_mmsi": null, "matched_name": null, "dist_km": 7.12 }, "geometry": { "type": "Point", "coordinates": [ 15.4758056640625, 55.636303710937497 ] } },
{ "type": "Feature", "properties": { "confidence": 0.569, "dark_vessel": true, "matched_mmsi": null, "matched_name": null, "dist_km": 7.45 }, "geometry": { "type": "Point", "coordinates": [ 15.371435546875, 55.636450195312499 ] } },
{ "type": "Feature", "properties": { "confidence": 0.683, "dark_vessel": true, "matched_mmsi": null, "matched_name": null, "dist_km": 6.58 }, "geometry": { "type": "Point", "coordinates": [ 15.447314453125001, 55.636450195312499 ] } },
{ "type": "Feature", "properties": { "confidence": 0.62, "dark_vessel": true, "matched_mmsi": null, "matched_name": null, "dist_km": 7.04 }, "geometry": { "type": "Point", "coordinates": [ 15.471337890625001, 55.636010742187501 ] } },
{ "type": "Feature", "properties": { "confidence": 0.694, "dark_vessel": true, "matched_mmsi": null, "matched_name": null, "dist_km": 7.12 }, "geometry": { "type": "Point", "coordinates": [ 15.4730224609375, 55.635644531250001 ] } },
{ "type": "Feature", "properties": { "confidence": 1.0, "dark_vessel": true, "matched_mmsi": null, "matched_name": null, "dist_km": 7.28 }, "geometry": { "type": "Point", "coordinates": [ 15.475732421875001, 55.634692382812496 ] } },
{ "type": "Feature", "properties": { "confidence": 0.685, "dark_vessel": true, "matched_mmsi": null, "matched_name": null, "dist_km": 8.37 }, "geometry": { "type": "Point", "coordinates": [ 15.349902343750001, 55.634545898437501 ] } },
{ "type": "Feature", "properties": { "confidence": 0.708, "dark_vessel": true, "matched_mmsi": null, "matched_name": null, "dist_km": 7.24 }, "geometry": { "type": "Point", "coordinates": [ 15.4715576171875, 55.634106445312497 ] } },
{ "type": "Feature", "properties": { "confidence": 0.643, "dark_vessel": true, "matched_mmsi": null, "matched_name": null, "dist_km": 8.4 }, "geometry": { "type": "Point", "coordinates": [ 15.350048828125001, 55.634106445312497 ] } },
{ "type": "Feature", "properties": { "confidence": 0.682, "dark_vessel": true, "matched_mmsi": null, "matched_name": null, "dist_km": 7.73 }, "geometry": { "type": "Point", "coordinates": [ 15.489501953125, 55.633959960937496 ] } },
{ "type": "Feature", "properties": { "confidence": 0.713, "dark_vessel": true, "matched_mmsi": null, "matched_name": null, "dist_km": 7.45 }, "geometry": { "type": "Point", "coordinates": [ 15.472216796875001, 55.6322021484375 ] } },
{ "type": "Feature", "properties": { "confidence": 0.814, "dark_vessel": true, "matched_mmsi": null, "matched_name": null, "dist_km": 6.99 }, "geometry": { "type": "Point", "coordinates": [ 15.426953125, 55.631982421875001 ] } },
{ "type": "Feature", "properties": { "confidence": 0.588, "dark_vessel": true, "matched_mmsi": null, "matched_name": null, "dist_km": 8.66 }, "geometry": { "type": "Point", "coordinates": [ 15.348291015625, 55.631909179687497 ] } },
{ "type": "Feature", "properties": { "confidence": 0.678, "dark_vessel": true, "matched_mmsi": null, "matched_name": null, "dist_km": 7.84 }, "geometry": { "type": "Point", "coordinates": [ 15.486279296875001, 55.631909179687497 ] } },
{ "type": "Feature", "properties": { "confidence": 0.676, "dark_vessel": true, "matched_mmsi": null, "matched_name": null, "dist_km": 8.62 }, "geometry": { "type": "Point", "coordinates": [ 15.51015625, 55.631909179687497 ] } },
{ "type": "Feature", "properties": { "confidence": 0.742, "dark_vessel": true, "matched_mmsi": null, "matched_name": null, "dist_km": 8.6 }, "geometry": { "type": "Point", "coordinates": [ 15.350927734375, 55.631542968749997 ] } },
{ "type": "Feature", "properties": { "confidence": 0.643, "dark_vessel": true, "matched_mmsi": null, "matched_name": null, "dist_km": 8.72 }, "geometry": { "type": "Point", "coordinates": [ 15.347998046875, 55.631396484374996 ] } },
{ "type": "Feature", "properties": { "confidence": 0.642, "dark_vessel": true, "matched_mmsi": null, "matched_name": null, "dist_km": 8.69 }, "geometry": { "type": "Point", "coordinates": [ 15.348803710937501, 55.6314697265625 ] } },
{ "type": "Feature", "properties": { "confidence": 0.583, "dark_vessel": true, "matched_mmsi": null, "matched_name": null, "dist_km": 8.6 }, "geometry": { "type": "Point", "coordinates": [ 15.351513671875001, 55.631323242187499 ] } },
{ "type": "Feature", "properties": { "confidence": 0.667, "dark_vessel": true, "matched_mmsi": null, "matched_name": null, "dist_km": 10.36 }, "geometry": { "type": "Point", "coordinates": [ 15.31005859375, 55.630664062499996 ] } },
{ "type": "Feature", "properties": { "confidence": 0.644, "dark_vessel": true, "matched_mmsi": null, "matched_name": null, "dist_km": 8.78 }, "geometry": { "type": "Point", "coordinates": [ 15.3477783203125, 55.630883789062501 ] } },
{ "type": "Feature", "properties": { "confidence": 0.686, "dark_vessel": true, "matched_mmsi": null, "matched_name": null, "dist_km": 10.34 }, "geometry": { "type": "Point", "coordinates": [ 15.3111572265625, 55.630297851562496 ] } },
{ "type": "Feature", "properties": { "confidence": 0.751, "dark_vessel": true, "matched_mmsi": null, "matched_name": null, "dist_km": 8.79 }, "geometry": { "type": "Point", "coordinates": [ 15.3483642578125, 55.630444335937497 ] } },
{ "type": "Feature", "properties": { "confidence": 0.772, "dark_vessel": true, "matched_mmsi": null, "matched_name": null, "dist_km": 8.82 }, "geometry": { "type": "Point", "coordinates": [ 15.350268554687501, 55.629418945312501 ] } },
{ "type": "Feature", "properties": { "confidence": 0.655, "dark_vessel": true, "matched_mmsi": null, "matched_name": null, "dist_km": 8.86 }, "geometry": { "type": "Point", "coordinates": [ 15.347338867187501, 55.630151367187501 ] } },
{ "type": "Feature", "properties": { "confidence": 0.71, "dark_vessel": true, "matched_mmsi": null, "matched_name": null, "dist_km": 8.72 }, "geometry": { "type": "Point", "coordinates": [ 15.525830078125001, 55.629858398437499 ] } },
{ "type": "Feature", "properties": { "confidence": 0.733, "dark_vessel": true, "matched_mmsi": null, "matched_name": null, "dist_km": 8.86 }, "geometry": { "type": "Point", "coordinates": [ 15.34873046875, 55.629565429687496 ] } },
{ "type": "Feature", "properties": { "confidence": 0.733, "dark_vessel": true, "matched_mmsi": null, "matched_name": null, "dist_km": 8.64 }, "geometry": { "type": "Point", "coordinates": [ 15.528393554687501, 55.629492187499999 ] } },
{ "type": "Feature", "properties": { "confidence": 0.794, "dark_vessel": true, "matched_mmsi": null, "matched_name": null, "dist_km": 8.75 }, "geometry": { "type": "Point", "coordinates": [ 15.526196289062501, 55.6292724609375 ] } },
{ "type": "Feature", "properties": { "confidence": 0.751, "dark_vessel": true, "matched_mmsi": null, "matched_name": null, "dist_km": 9.04 }, "geometry": { "type": "Point", "coordinates": [ 15.3457275390625, 55.628833007812496 ] } },
{ "type": "Feature", "properties": { "confidence": 0.68, "dark_vessel": true, "matched_mmsi": null, "matched_name": null, "dist_km": 8.96 }, "geometry": { "type": "Point", "coordinates": [ 15.34814453125, 55.628686523437501 ] } },
{ "type": "Feature", "properties": { "confidence": 0.611, "dark_vessel": true, "matched_mmsi": null, "matched_name": null, "dist_km": 8.98 }, "geometry": { "type": "Point", "coordinates": [ 15.3498291015625, 55.627880859374997 ] } },
{ "type": "Feature", "properties": { "confidence": 0.646, "dark_vessel": true, "matched_mmsi": null, "matched_name": null, "dist_km": 8.9 }, "geometry": { "type": "Point", "coordinates": [ 15.5257568359375, 55.627661132812499 ] } },
{ "type": "Feature", "properties": { "confidence": 0.621, "dark_vessel": true, "matched_mmsi": null, "matched_name": null, "dist_km": 8.98 }, "geometry": { "type": "Point", "coordinates": [ 15.350341796875, 55.627661132812499 ] } },
{ "type": "Feature", "properties": { "confidence": 0.654, "dark_vessel": true, "matched_mmsi": null, "matched_name": null, "dist_km": 8.23 }, "geometry": { "type": "Point", "coordinates": [ 15.5461181640625, 55.626049804687497 ] } },
{ "type": "Feature", "properties": { "confidence": 0.702, "dark_vessel": true, "matched_mmsi": null, "matched_name": null, "dist_km": 8.51 }, "geometry": { "type": "Point", "coordinates": [ 15.540771484375, 55.625170898437496 ] } },
{ "type": "Feature", "properties": { "confidence": 0.708, "dark_vessel": true, "matched_mmsi": null, "matched_name": null, "dist_km": 9.27 }, "geometry": { "type": "Point", "coordinates": [ 15.522167968750001, 55.625024414062501 ] } },
{ "type": "Feature", "properties": { "confidence": 0.797, "dark_vessel": true, "matched_mmsi": null, "matched_name": null, "dist_km": 9.36 }, "geometry": { "type": "Point", "coordinates": [ 15.3486572265625, 55.6241455078125 ] } },
{ "type": "Feature", "properties": { "confidence": 0.646, "dark_vessel": true, "matched_mmsi": null, "matched_name": null, "dist_km": 8.57 }, "geometry": { "type": "Point", "coordinates": [ 15.540698242187501, 55.624584960937497 ] } },
{ "type": "Feature", "properties": { "confidence": 0.643, "dark_vessel": true, "matched_mmsi": null, "matched_name": null, "dist_km": 9.44 }, "geometry": { "type": "Point", "coordinates": [ 15.519384765625, 55.624438476562496 ] } },
{ "type": "Feature", "properties": { "confidence": 0.713, "dark_vessel": true, "matched_mmsi": null, "matched_name": null, "dist_km": 9.11 }, "geometry": { "type": "Point", "coordinates": [ 15.35693359375, 55.623999023437499 ] } },
{ "type": "Feature", "properties": { "confidence": 0.688, "dark_vessel": true, "matched_mmsi": null, "matched_name": null, "dist_km": 9.08 }, "geometry": { "type": "Point", "coordinates": [ 15.502832031250001, 55.624291992187501 ] } },
{ "type": "Feature", "properties": { "confidence": 0.657, "dark_vessel": true, "matched_mmsi": null, "matched_name": null, "dist_km": 9.14 }, "geometry": { "type": "Point", "coordinates": [ 15.3552490234375, 55.62421875 ] } },
{ "type": "Feature", "properties": { "confidence": 0.67, "dark_vessel": true, "matched_mmsi": null, "matched_name": null, "dist_km": 9.47 }, "geometry": { "type": "Point", "coordinates": [ 15.34580078125, 55.624072265624996 ] } },
{ "type": "Feature", "properties": { "confidence": 0.655, "dark_vessel": true, "matched_mmsi": null, "matched_name": null, "dist_km": 9.31 }, "geometry": { "type": "Point", "coordinates": [ 15.3505615234375, 55.623999023437499 ] } },
{ "type": "Feature", "properties": { "confidence": 0.713, "dark_vessel": true, "matched_mmsi": null, "matched_name": null, "dist_km": 8.97 }, "geometry": { "type": "Point", "coordinates": [ 15.5316162109375, 55.623999023437499 ] } },
{ "type": "Feature", "properties": { "confidence": 0.752, "dark_vessel": true, "matched_mmsi": null, "matched_name": null, "dist_km": 9.09 }, "geometry": { "type": "Point", "coordinates": [ 15.358471679687501, 55.623632812499999 ] } },
{ "type": "Feature", "properties": { "confidence": 0.616, "dark_vessel": true, "matched_mmsi": null, "matched_name": null, "dist_km": 8.87 }, "geometry": { "type": "Point", "coordinates": [ 15.5345458984375, 55.623852539062497 ] } },
{ "type": "Feature", "properties": { "confidence": 0.648, "dark_vessel": true, "matched_mmsi": null, "matched_name": null, "dist_km": 8.78 }, "geometry": { "type": "Point", "coordinates": [ 15.537109375, 55.623706054687496 ] } },
{ "type": "Feature", "properties": { "confidence": 0.648, "dark_vessel": true, "matched_mmsi": null, "matched_name": null, "dist_km": 9.26 }, "geometry": { "type": "Point", "coordinates": [ 15.3529052734375, 55.623706054687496 ] } },
{ "type": "Feature", "properties": { "confidence": 0.904, "dark_vessel": true, "matched_mmsi": null, "matched_name": null, "dist_km": 9.06 }, "geometry": { "type": "Point", "coordinates": [ 15.360595703125, 55.623339843749996 ] } },
{ "type": "Feature", "properties": { "confidence": 0.904, "dark_vessel": true, "matched_mmsi": null, "matched_name": null, "dist_km": 9.08 }, "geometry": { "type": "Point", "coordinates": [ 15.362719726562501, 55.622460937500001 ] } },
{ "type": "Feature", "properties": { "confidence": 0.701, "dark_vessel": true, "matched_mmsi": null, "matched_name": null, "dist_km": 9.03 }, "geometry": { "type": "Point", "coordinates": [ 15.53125, 55.623486328124997 ] } },
{ "type": "Feature", "properties": { "confidence": 0.647, "dark_vessel": true, "matched_mmsi": null, "matched_name": null, "dist_km": 8.88 }, "geometry": { "type": "Point", "coordinates": [ 15.534838867187501, 55.623559570312501 ] } },
{ "type": "Feature", "properties": { "confidence": 0.73, "dark_vessel": true, "matched_mmsi": null, "matched_name": null, "dist_km": 9.19 }, "geometry": { "type": "Point", "coordinates": [ 15.357006835937501, 55.623120117187497 ] } },
{ "type": "Feature", "properties": { "confidence": 0.663, "dark_vessel": true, "matched_mmsi": null, "matched_name": null, "dist_km": 8.85 }, "geometry": { "type": "Point", "coordinates": [ 15.53623046875, 55.623266601562499 ] } },
{ "type": "Feature", "properties": { "confidence": 0.644, "dark_vessel": true, "matched_mmsi": null, "matched_name": null, "dist_km": 9.18 }, "geometry": { "type": "Point", "coordinates": [ 15.3581787109375, 55.622827148437501 ] } },
{ "type": "Feature", "properties": { "confidence": 0.631, "dark_vessel": true, "matched_mmsi": null, "matched_name": null, "dist_km": 9.14 }, "geometry": { "type": "Point", "coordinates": [ 15.3600830078125, 55.6226806640625 ] } },
{ "type": "Feature", "properties": { "confidence": 0.769, "dark_vessel": true, "matched_mmsi": null, "matched_name": null, "dist_km": 8.93 }, "geometry": { "type": "Point", "coordinates": [ 15.535791015625001, 55.622607421874996 ] } },
{ "type": "Feature", "properties": { "confidence": 0.855, "dark_vessel": true, "matched_mmsi": null, "matched_name": null, "dist_km": 8.9 }, "geometry": { "type": "Point", "coordinates": [ 15.536962890625, 55.622387695312497 ] } },
{ "type": "Feature", "properties": { "confidence": 0.741, "dark_vessel": true, "matched_mmsi": null, "matched_name": null, "dist_km": 8.81 }, "geometry": { "type": "Point", "coordinates": [ 15.539013671875001, 55.622607421874996 ] } },
{ "type": "Feature", "properties": { "confidence": 0.648, "dark_vessel": true, "matched_mmsi": null, "matched_name": null, "dist_km": 9.14 }, "geometry": { "type": "Point", "coordinates": [ 15.360595703125, 55.622460937500001 ] } },
{ "type": "Feature", "properties": { "confidence": 0.746, "dark_vessel": true, "matched_mmsi": null, "matched_name": null, "dist_km": 9.03 }, "geometry": { "type": "Point", "coordinates": [ 15.533227539062501, 55.622534179687499 ] } },
{ "type": "Feature", "properties": { "confidence": 0.623, "dark_vessel": true, "matched_mmsi": null, "matched_name": null, "dist_km": 9.3 }, "geometry": { "type": "Point", "coordinates": [ 15.3558349609375, 55.622387695312497 ] } },
{ "type": "Feature", "properties": { "confidence": 0.642, "dark_vessel": true, "matched_mmsi": null, "matched_name": null, "dist_km": 9.12 }, "geometry": { "type": "Point", "coordinates": [ 15.531396484375001, 55.622314453125 ] } },
{ "type": "Feature", "properties": { "confidence": 0.689, "dark_vessel": true, "matched_mmsi": null, "matched_name": null, "dist_km": 8.86 }, "geometry": { "type": "Point", "coordinates": [ 15.5380615234375, 55.622387695312497 ] } },
{ "type": "Feature", "properties": { "confidence": 0.606, "dark_vessel": true, "matched_mmsi": null, "matched_name": null, "dist_km": 9.26 }, "geometry": { "type": "Point", "coordinates": [ 15.528173828125, 55.622241210937496 ] } },
{ "type": "Feature", "properties": { "confidence": 0.675, "dark_vessel": true, "matched_mmsi": null, "matched_name": null, "dist_km": 9.32 }, "geometry": { "type": "Point", "coordinates": [ 15.527148437500001, 55.622021484374997 ] } },
{ "type": "Feature", "properties": { "confidence": 0.845, "dark_vessel": true, "matched_mmsi": null, "matched_name": null, "dist_km": 8.89 }, "geometry": { "type": "Point", "coordinates": [ 15.53828125, 55.622021484374997 ] } },
{ "type": "Feature", "properties": { "confidence": 0.664, "dark_vessel": true, "matched_mmsi": null, "matched_name": null, "dist_km": 8.97 }, "geometry": { "type": "Point", "coordinates": [ 15.536303710937501, 55.6219482421875 ] } },
{ "type": "Feature", "properties": { "confidence": 0.662, "dark_vessel": true, "matched_mmsi": null, "matched_name": null, "dist_km": 9.05 }, "geometry": { "type": "Point", "coordinates": [ 15.534619140625001, 55.621728515625001 ] } },
{ "type": "Feature", "properties": { "confidence": 0.681, "dark_vessel": true, "matched_mmsi": null, "matched_name": null, "dist_km": 9.34 }, "geometry": { "type": "Point", "coordinates": [ 15.527587890625, 55.621508789062496 ] } },
{ "type": "Feature", "properties": { "confidence": 0.643, "dark_vessel": true, "matched_mmsi": null, "matched_name": null, "dist_km": 9.21 }, "geometry": { "type": "Point", "coordinates": [ 15.5307373046875, 55.62158203125 ] } },
{ "type": "Feature", "properties": { "confidence": 0.678, "dark_vessel": true, "matched_mmsi": null, "matched_name": null, "dist_km": 9.19 }, "geometry": { "type": "Point", "coordinates": [ 15.5314697265625, 55.621508789062496 ] } },
{ "type": "Feature", "properties": { "confidence": 0.667, "dark_vessel": true, "matched_mmsi": null, "matched_name": null, "dist_km": 9.41 }, "geometry": { "type": "Point", "coordinates": [ 15.526269531250001, 55.621362304687501 ] } },
{ "type": "Feature", "properties": { "confidence": 0.636, "dark_vessel": true, "matched_mmsi": null, "matched_name": null, "dist_km": 9.02 }, "geometry": { "type": "Point", "coordinates": [ 15.536889648437501, 55.621142578124996 ] } },
{ "type": "Feature", "properties": { "confidence": 0.804, "dark_vessel": true, "matched_mmsi": null, "matched_name": null, "dist_km": 9.36 }, "geometry": { "type": "Point", "coordinates": [ 15.529638671875, 55.620410156249996 ] } },
{ "type": "Feature", "properties": { "confidence": 0.685, "dark_vessel": true, "matched_mmsi": null, "matched_name": null, "dist_km": 9.29 }, "geometry": { "type": "Point", "coordinates": [ 15.5301513671875, 55.620996093750001 ] } },
{ "type": "Feature", "properties": { "confidence": 0.771, "dark_vessel": true, "matched_mmsi": null, "matched_name": null, "dist_km": 9.19 }, "geometry": { "type": "Point", "coordinates": [ 15.533154296875001, 55.620776367187496 ] } },
{ "type": "Feature", "properties": { "confidence": 0.616, "dark_vessel": true, "matched_mmsi": null, "matched_name": null, "dist_km": 9.22 }, "geometry": { "type": "Point", "coordinates": [ 15.532275390625001, 55.620776367187496 ] } },
{ "type": "Feature", "properties": { "confidence": 0.827, "dark_vessel": true, "matched_mmsi": null, "matched_name": null, "dist_km": 9.42 }, "geometry": { "type": "Point", "coordinates": [ 15.3618408203125, 55.619311523437496 ] } },
{ "type": "Feature", "properties": { "confidence": 0.895, "dark_vessel": true, "matched_mmsi": null, "matched_name": null, "dist_km": 9.41 }, "geometry": { "type": "Point", "coordinates": [ 15.528247070312501, 55.620410156249996 ] } },
{ "type": "Feature", "properties": { "confidence": 0.713, "dark_vessel": true, "matched_mmsi": null, "matched_name": null, "dist_km": 9.06 }, "geometry": { "type": "Point", "coordinates": [ 15.536816406250001, 55.620703125 ] } },
{ "type": "Feature", "properties": { "confidence": 0.859, "dark_vessel": true, "matched_mmsi": null, "matched_name": null, "dist_km": 9.17 }, "geometry": { "type": "Point", "coordinates": [ 15.5352783203125, 55.6201171875 ] } },
{ "type": "Feature", "properties": { "confidence": 0.767, "dark_vessel": true, "matched_mmsi": null, "matched_name": null, "dist_km": 9.12 }, "geometry": { "type": "Point", "coordinates": [ 15.5360107421875, 55.620336914062499 ] } },
{ "type": "Feature", "properties": { "confidence": 0.638, "dark_vessel": true, "matched_mmsi": null, "matched_name": null, "dist_km": 9.56 }, "geometry": { "type": "Point", "coordinates": [ 15.35400390625, 55.620263671875001 ] } },
{ "type": "Feature", "properties": { "confidence": 0.7, "dark_vessel": true, "matched_mmsi": null, "matched_name": null, "dist_km": 9.51 }, "geometry": { "type": "Point", "coordinates": [ 15.526635742187501, 55.620043945312496 ] } },
{ "type": "Feature", "properties": { "confidence": 0.62, "dark_vessel": true, "matched_mmsi": null, "matched_name": null, "dist_km": 9.34 }, "geometry": { "type": "Point", "coordinates": [ 15.531323242187501, 55.619824218749997 ] } },
{ "type": "Feature", "properties": { "confidence": 0.81, "dark_vessel": true, "matched_mmsi": null, "matched_name": null, "dist_km": 9.72 }, "geometry": { "type": "Point", "coordinates": [ 15.522900390625001, 55.619238281249999 ] } },
{ "type": "Feature", "properties": { "confidence": 0.626, "dark_vessel": true, "matched_mmsi": null, "matched_name": null, "dist_km": 9.49 }, "geometry": { "type": "Point", "coordinates": [ 15.5283203125, 55.619458007812497 ] } },
{ "type": "Feature", "properties": { "confidence": 0.669, "dark_vessel": true, "matched_mmsi": null, "matched_name": null, "dist_km": 9.42 }, "geometry": { "type": "Point", "coordinates": [ 15.530957031250001, 55.619165039062501 ] } },
{ "type": "Feature", "properties": { "confidence": 0.663, "dark_vessel": true, "matched_mmsi": null, "matched_name": null, "dist_km": 9.34 }, "geometry": { "type": "Point", "coordinates": [ 15.533374023437501, 55.6190185546875 ] } },
{ "type": "Feature", "properties": { "confidence": 0.72, "dark_vessel": true, "matched_mmsi": null, "matched_name": null, "dist_km": 9.54 }, "geometry": { "type": "Point", "coordinates": [ 15.528613281250001, 55.618725585937497 ] } },
{ "type": "Feature", "properties": { "confidence": 0.739, "dark_vessel": true, "matched_mmsi": null, "matched_name": null, "dist_km": 9.71 }, "geometry": { "type": "Point", "coordinates": [ 15.5248779296875, 55.618505859374999 ] } },
{ "type": "Feature", "properties": { "confidence": 0.692, "dark_vessel": true, "matched_mmsi": null, "matched_name": null, "dist_km": 9.63 }, "geometry": { "type": "Point", "coordinates": [ 15.527368164062501, 55.6182861328125 ] } },
{ "type": "Feature", "properties": { "confidence": 0.712, "dark_vessel": true, "matched_mmsi": null, "matched_name": null, "dist_km": 9.4 }, "geometry": { "type": "Point", "coordinates": [ 15.53330078125, 55.618359375 ] } },
{ "type": "Feature", "properties": { "confidence": 0.757, "dark_vessel": true, "matched_mmsi": null, "matched_name": null, "dist_km": 9.7 }, "geometry": { "type": "Point", "coordinates": [ 15.525537109375001, 55.6182861328125 ] } },
{ "type": "Feature", "properties": { "confidence": 0.64, "dark_vessel": true, "matched_mmsi": null, "matched_name": null, "dist_km": 9.77 }, "geometry": { "type": "Point", "coordinates": [ 15.52421875, 55.618066406250001 ] } },
{ "type": "Feature", "properties": { "confidence": 0.671, "dark_vessel": true, "matched_mmsi": null, "matched_name": null, "dist_km": 9.88 }, "geometry": { "type": "Point", "coordinates": [ 15.521875, 55.617846679687496 ] } },
{ "type": "Feature", "properties": { "confidence": 0.639, "dark_vessel": true, "matched_mmsi": null, "matched_name": null, "dist_km": 9.66 }, "geometry": { "type": "Point", "coordinates": [ 15.527880859375001, 55.617700195312501 ] } },
{ "type": "Feature", "properties": { "confidence": 0.587, "dark_vessel": true, "matched_mmsi": null, "matched_name": null, "dist_km": 10.74 }, "geometry": { "type": "Point", "coordinates": [ 15.32705078125, 55.6175537109375 ] } },
{ "type": "Feature", "properties": { "confidence": 0.811, "dark_vessel": true, "matched_mmsi": null, "matched_name": null, "dist_km": 9.59 }, "geometry": { "type": "Point", "coordinates": [ 15.361987304687501, 55.617480468749996 ] } },
{ "type": "Feature", "properties": { "confidence": 0.774, "dark_vessel": true, "matched_mmsi": null, "matched_name": null, "dist_km": 9.58 }, "geometry": { "type": "Point", "coordinates": [ 15.363671875, 55.6171875 ] } },
{ "type": "Feature", "properties": { "confidence": 0.649, "dark_vessel": true, "matched_mmsi": null, "matched_name": null, "dist_km": 9.57 }, "geometry": { "type": "Point", "coordinates": [ 15.364404296875, 55.617114257812496 ] } },
{ "type": "Feature", "properties": { "confidence": 0.558, "dark_vessel": true, "matched_mmsi": null, "matched_name": null, "dist_km": 9.8 }, "geometry": { "type": "Point", "coordinates": [ 15.50400390625, 55.617260742187497 ] } },
{ "type": "Feature", "properties": { "confidence": 0.89, "dark_vessel": true, "matched_mmsi": null, "matched_name": null, "dist_km": 9.84 }, "geometry": { "type": "Point", "coordinates": [ 15.525170898437501, 55.6168212890625 ] } },
{ "type": "Feature", "properties": { "confidence": 0.634, "dark_vessel": true, "matched_mmsi": null, "matched_name": null, "dist_km": 9.63 }, "geometry": { "type": "Point", "coordinates": [ 15.362939453125, 55.6168212890625 ] } },
{ "type": "Feature", "properties": { "confidence": 0.603, "dark_vessel": true, "matched_mmsi": null, "matched_name": null, "dist_km": 9.7 }, "geometry": { "type": "Point", "coordinates": [ 15.3618408203125, 55.616455078125 ] } },
{ "type": "Feature", "properties": { "confidence": 0.685, "dark_vessel": true, "matched_mmsi": null, "matched_name": null, "dist_km": 9.7 }, "geometry": { "type": "Point", "coordinates": [ 15.3633056640625, 55.6160888671875 ] } },
{ "type": "Feature", "properties": { "confidence": 0.691, "dark_vessel": true, "matched_mmsi": null, "matched_name": null, "dist_km": 9.72 }, "geometry": { "type": "Point", "coordinates": [ 15.3640380859375, 55.615649414062496 ] } },
{ "type": "Feature", "properties": { "confidence": 0.732, "dark_vessel": true, "matched_mmsi": null, "matched_name": null, "dist_km": 9.68 }, "geometry": { "type": "Point", "coordinates": [ 15.3652099609375, 55.615795898437497 ] } },
{ "type": "Feature", "properties": { "confidence": 0.646, "dark_vessel": true, "matched_mmsi": null, "matched_name": null, "dist_km": 9.86 }, "geometry": { "type": "Point", "coordinates": [ 15.527148437500001, 55.615795898437497 ] } },
{ "type": "Feature", "properties": { "confidence": 0.642, "dark_vessel": true, "matched_mmsi": null, "matched_name": null, "dist_km": 9.75 }, "geometry": { "type": "Point", "coordinates": [ 15.363085937500001, 55.615649414062496 ] } },
{ "type": "Feature", "properties": { "confidence": 0.683, "dark_vessel": true, "matched_mmsi": null, "matched_name": null, "dist_km": 9.78 }, "geometry": { "type": "Point", "coordinates": [ 15.363671875, 55.615136718750001 ] } },
{ "type": "Feature", "properties": { "confidence": 0.697, "dark_vessel": true, "matched_mmsi": null, "matched_name": null, "dist_km": 9.79 }, "geometry": { "type": "Point", "coordinates": [ 15.364990234375, 55.614770507812501 ] } },
{ "type": "Feature", "properties": { "confidence": 0.658, "dark_vessel": true, "matched_mmsi": null, "matched_name": null, "dist_km": 9.87 }, "geometry": { "type": "Point", "coordinates": [ 15.363085937500001, 55.614404296875001 ] } },
{ "type": "Feature", "properties": { "confidence": 0.707, "dark_vessel": true, "matched_mmsi": null, "matched_name": null, "dist_km": 9.85 }, "geometry": { "type": "Point", "coordinates": [ 15.363818359375001, 55.614477539062499 ] } },
{ "type": "Feature", "properties": { "confidence": 0.683, "dark_vessel": true, "matched_mmsi": null, "matched_name": null, "dist_km": 9.99 }, "geometry": { "type": "Point", "coordinates": [ 15.3631591796875, 55.613232421874997 ] } },
{ "type": "Feature", "properties": { "confidence": 0.616, "dark_vessel": true, "matched_mmsi": null, "matched_name": null, "dist_km": 9.5 }, "geometry": { "type": "Point", "coordinates": [ 15.42373046875, 55.6094970703125 ] } },
{ "type": "Feature", "properties": { "confidence": 0.694, "dark_vessel": true, "matched_mmsi": null, "matched_name": null, "dist_km": 10.63 }, "geometry": { "type": "Point", "coordinates": [ 15.3548828125, 55.609057617187496 ] } },
{ "type": "Feature", "properties": { "confidence": 0.611, "dark_vessel": true, "matched_mmsi": null, "matched_name": null, "dist_km": 10.53 }, "geometry": { "type": "Point", "coordinates": [ 15.357592773437501, 55.609350585937499 ] } },
{ "type": "Feature", "properties": { "confidence": 0.604, "dark_vessel": true, "matched_mmsi": null, "matched_name": null, "dist_km": 10.71 }, "geometry": { "type": "Point", "coordinates": [ 15.352685546875, 55.608911132812501 ] } },
{ "type": "Feature", "properties": { "confidence": 0.623, "dark_vessel": true, "matched_mmsi": null, "matched_name": null, "dist_km": 10.7 }, "geometry": { "type": "Point", "coordinates": [ 15.3534912109375, 55.6087646484375 ] } },
{ "type": "Feature", "properties": { "confidence": 0.728, "dark_vessel": true, "matched_mmsi": null, "matched_name": null, "dist_km": 9.98 }, "geometry": { "type": "Point", "coordinates": [ 15.383959960937501, 55.608837890624997 ] } },
{ "type": "Feature", "properties": { "confidence": 0.66, "dark_vessel": true, "matched_mmsi": null, "matched_name": null, "dist_km": 10.69 }, "geometry": { "type": "Point", "coordinates": [ 15.354443359375001, 55.608618164062499 ] } },
{ "type": "Feature", "properties": { "confidence": 0.626, "dark_vessel": true, "matched_mmsi": null, "matched_name": null, "dist_km": 9.88 }, "geometry": { "type": "Point", "coordinates": [ 15.391796875, 55.608618164062499 ] } },
{ "type": "Feature", "properties": { "confidence": 0.688, "dark_vessel": true, "matched_mmsi": null, "matched_name": null, "dist_km": 9.82 }, "geometry": { "type": "Point", "coordinates": [ 15.395678710937501, 55.608618164062499 ] } },
{ "type": "Feature", "properties": { "confidence": 0.664, "dark_vessel": true, "matched_mmsi": null, "matched_name": null, "dist_km": 10.74 }, "geometry": { "type": "Point", "coordinates": [ 15.3529052734375, 55.608544921875001 ] } },
{ "type": "Feature", "properties": { "confidence": 0.711, "dark_vessel": true, "matched_mmsi": null, "matched_name": null, "dist_km": 10.28 }, "geometry": { "type": "Point", "coordinates": [ 15.37216796875, 55.608325195312496 ] } },
{ "type": "Feature", "properties": { "confidence": 0.654, "dark_vessel": true, "matched_mmsi": null, "matched_name": null, "dist_km": 10.73 }, "geometry": { "type": "Point", "coordinates": [ 15.355175781250001, 55.6080322265625 ] } },
{ "type": "Feature", "properties": { "confidence": 0.663, "dark_vessel": true, "matched_mmsi": null, "matched_name": null, "dist_km": 10.29 }, "geometry": { "type": "Point", "coordinates": [ 15.3732666015625, 55.607958984374996 ] } },
{ "type": "Feature", "properties": { "confidence": 0.666, "dark_vessel": true, "matched_mmsi": null, "matched_name": null, "dist_km": 9.64 }, "geometry": { "type": "Point", "coordinates": [ 15.423876953125001, 55.608178710937501 ] } },
{ "type": "Feature", "properties": { "confidence": 0.635, "dark_vessel": true, "matched_mmsi": null, "matched_name": null, "dist_km": 10.1 }, "geometry": { "type": "Point", "coordinates": [ 15.3830810546875, 55.607885742187499 ] } },
{ "type": "Feature", "properties": { "confidence": 0.716, "dark_vessel": true, "matched_mmsi": null, "matched_name": null, "dist_km": 9.69 }, "geometry": { "type": "Point", "coordinates": [ 15.4248291015625, 55.607739257812497 ] } },
{ "type": "Feature", "properties": { "confidence": 0.675, "dark_vessel": true, "matched_mmsi": null, "matched_name": null, "dist_km": 9.7 }, "geometry": { "type": "Point", "coordinates": [ 15.426440429687501, 55.607592773437496 ] } },
{ "type": "Feature", "properties": { "confidence": 0.895, "dark_vessel": true, "matched_mmsi": null, "matched_name": null, "dist_km": 10.5 }, "geometry": { "type": "Point", "coordinates": [ 15.370922851562501, 55.606420898437499 ] } },
{ "type": "Feature", "properties": { "confidence": 0.625, "dark_vessel": true, "matched_mmsi": null, "matched_name": null, "dist_km": 10.42 }, "geometry": { "type": "Point", "coordinates": [ 15.371728515625, 55.607006835937497 ] } },
{ "type": "Feature", "properties": { "confidence": 0.579, "dark_vessel": true, "matched_mmsi": null, "matched_name": null, "dist_km": 10.5 }, "geometry": { "type": "Point", "coordinates": [ 15.370263671875, 55.6065673828125 ] } },
{ "type": "Feature", "properties": { "confidence": 0.605, "dark_vessel": true, "matched_mmsi": null, "matched_name": null, "dist_km": 10.49 }, "geometry": { "type": "Point", "coordinates": [ 15.3720947265625, 55.606274414062497 ] } },
{ "type": "Feature", "properties": { "confidence": 0.597, "dark_vessel": true, "matched_mmsi": null, "matched_name": null, "dist_km": 10.13 }, "geometry": { "type": "Point", "coordinates": [ 15.393627929687501, 55.606054687499999 ] } },
{ "type": "Feature", "properties": { "confidence": 0.617, "dark_vessel": true, "matched_mmsi": null, "matched_name": null, "dist_km": 10.16 }, "geometry": { "type": "Point", "coordinates": [ 15.393994140625001, 55.605688476562499 ] } },
{ "type": "Feature", "properties": { "confidence": 0.759, "dark_vessel": true, "matched_mmsi": null, "matched_name": null, "dist_km": 10.59 }, "geometry": { "type": "Point", "coordinates": [ 15.372607421875001, 55.605175781249997 ] } },
{ "type": "Feature", "properties": { "confidence": 0.707, "dark_vessel": true, "matched_mmsi": null, "matched_name": null, "dist_km": 10.34 }, "geometry": { "type": "Point", "coordinates": [ 15.38359375, 55.605541992187497 ] } },
{ "type": "Feature", "properties": { "confidence": 0.76, "dark_vessel": true, "matched_mmsi": null, "matched_name": null, "dist_km": 10.64 }, "geometry": { "type": "Point", "coordinates": [ 15.370922851562501, 55.6051025390625 ] } },
{ "type": "Feature", "properties": { "confidence": 0.632, "dark_vessel": true, "matched_mmsi": null, "matched_name": null, "dist_km": 10.25 }, "geometry": { "type": "Point", "coordinates": [ 15.3926025390625, 55.605029296874996 ] } },
{ "type": "Feature", "properties": { "confidence": 0.749, "dark_vessel": true, "matched_mmsi": null, "matched_name": null, "dist_km": 10.2 }, "geometry": { "type": "Point", "coordinates": [ 15.405859375, 55.604077148437497 ] } },
{ "type": "Feature", "properties": { "confidence": 0.838, "dark_vessel": true, "matched_mmsi": null, "matched_name": null, "dist_km": 10.64 }, "geometry": { "type": "Point", "coordinates": [ 15.372241210937501, 55.604809570312497 ] } },
{ "type": "Feature", "properties": { "confidence": 0.737, "dark_vessel": true, "matched_mmsi": null, "matched_name": null, "dist_km": 10.31 }, "geometry": { "type": "Point", "coordinates": [ 15.390698242187501, 55.604736328125 ] } },
{ "type": "Feature", "properties": { "confidence": 0.771, "dark_vessel": true, "matched_mmsi": null, "matched_name": null, "dist_km": 10.23 }, "geometry": { "type": "Point", "coordinates": [ 15.400073242187501, 55.6043701171875 ] } },
{ "type": "Feature", "properties": { "confidence": 0.684, "dark_vessel": true, "matched_mmsi": null, "matched_name": null, "dist_km": 10.74 }, "geometry": { "type": "Point", "coordinates": [ 15.3703369140625, 55.604223632812499 ] } },
{ "type": "Feature", "properties": { "confidence": 0.654, "dark_vessel": true, "matched_mmsi": null, "matched_name": null, "dist_km": 10.66 }, "geometry": { "type": "Point", "coordinates": [ 15.3735595703125, 55.6043701171875 ] } },
{ "type": "Feature", "properties": { "confidence": 0.766, "dark_vessel": true, "matched_mmsi": null, "matched_name": null, "dist_km": 10.7 }, "geometry": { "type": "Point", "coordinates": [ 15.373046875, 55.604077148437497 ] } },
{ "type": "Feature", "properties": { "confidence": 0.858, "dark_vessel": true, "matched_mmsi": null, "matched_name": null, "dist_km": 10.46 }, "geometry": { "type": "Point", "coordinates": [ 15.3858642578125, 55.604077148437497 ] } },
{ "type": "Feature", "properties": { "confidence": 0.714, "dark_vessel": true, "matched_mmsi": null, "matched_name": null, "dist_km": 10.46 }, "geometry": { "type": "Point", "coordinates": [ 15.386889648437501, 55.603930664062496 ] } },
{ "type": "Feature", "properties": { "confidence": 0.684, "dark_vessel": true, "matched_mmsi": null, "matched_name": null, "dist_km": 10.43 }, "geometry": { "type": "Point", "coordinates": [ 15.387548828125, 55.604077148437497 ] } },
{ "type": "Feature", "properties": { "confidence": 0.88, "dark_vessel": true, "matched_mmsi": null, "matched_name": null, "dist_km": 10.41 }, "geometry": { "type": "Point", "coordinates": [ 15.40322265625, 55.602392578124999 ] } },
{ "type": "Feature", "properties": { "confidence": 0.761, "dark_vessel": true, "matched_mmsi": null, "matched_name": null, "dist_km": 10.8 }, "geometry": { "type": "Point", "coordinates": [ 15.370922851562501, 55.603564453124996 ] } },
{ "type": "Feature", "properties": { "confidence": 0.698, "dark_vessel": true, "matched_mmsi": null, "matched_name": null, "dist_km": 10.29 }, "geometry": { "type": "Point", "coordinates": [ 15.403002929687501, 55.603564453124996 ] } },
{ "type": "Feature", "properties": { "confidence": 0.631, "dark_vessel": true, "matched_mmsi": null, "matched_name": null, "dist_km": 10.13 }, "geometry": { "type": "Point", "coordinates": [ 15.42666015625, 55.603710937499997 ] } },
{ "type": "Feature", "properties": { "confidence": 0.717, "dark_vessel": true, "matched_mmsi": null, "matched_name": null, "dist_km": 10.28 }, "geometry": { "type": "Point", "coordinates": [ 15.4065185546875, 55.603271484375 ] } },
{ "type": "Feature", "properties": { "confidence": 0.68, "dark_vessel": true, "matched_mmsi": null, "matched_name": null, "dist_km": 10.19 }, "geometry": { "type": "Point", "coordinates": [ 15.427172851562501, 55.603198242187496 ] } },
{ "type": "Feature", "properties": { "confidence": 0.662, "dark_vessel": true, "matched_mmsi": null, "matched_name": null, "dist_km": 10.71 }, "geometry": { "type": "Point", "coordinates": [ 15.377880859375001, 55.603051757812501 ] } },
{ "type": "Feature", "properties": { "confidence": 0.716, "dark_vessel": true, "matched_mmsi": null, "matched_name": null, "dist_km": 10.37 }, "geometry": { "type": "Point", "coordinates": [ 15.4062255859375, 55.6025390625 ] } },
{ "type": "Feature", "properties": { "confidence": 0.682, "dark_vessel": true, "matched_mmsi": null, "matched_name": null, "dist_km": 10.9 }, "geometry": { "type": "Point", "coordinates": [ 15.3713623046875, 55.6025390625 ] } },
{ "type": "Feature", "properties": { "confidence": 0.594, "dark_vessel": true, "matched_mmsi": null, "matched_name": null, "dist_km": 10.25 }, "geometry": { "type": "Point", "coordinates": [ 15.42783203125, 55.602612304687497 ] } },
{ "type": "Feature", "properties": { "confidence": 0.653, "dark_vessel": true, "matched_mmsi": null, "matched_name": null, "dist_km": 10.38 }, "geometry": { "type": "Point", "coordinates": [ 15.409741210937501, 55.6021728515625 ] } },
{ "type": "Feature", "properties": { "confidence": 0.729, "dark_vessel": true, "matched_mmsi": null, "matched_name": null, "dist_km": 11.03 }, "geometry": { "type": "Point", "coordinates": [ 15.368212890625001, 55.601953125 ] } },
{ "type": "Feature", "properties": { "confidence": 0.773, "dark_vessel": true, "matched_mmsi": null, "matched_name": null, "dist_km": 10.95 }, "geometry": { "type": "Point", "coordinates": [ 15.370556640625001, 55.6021728515625 ] } },
{ "type": "Feature", "properties": { "confidence": 0.602, "dark_vessel": true, "matched_mmsi": null, "matched_name": null, "dist_km": 10.89 }, "geometry": { "type": "Point", "coordinates": [ 15.3741455078125, 55.602099609374996 ] } },
{ "type": "Feature", "properties": { "confidence": 0.622, "dark_vessel": true, "matched_mmsi": null, "matched_name": null, "dist_km": 10.42 }, "geometry": { "type": "Point", "coordinates": [ 15.40615234375, 55.602026367187499 ] } },
{ "type": "Feature", "properties": { "confidence": 0.708, "dark_vessel": true, "matched_mmsi": null, "matched_name": null, "dist_km": 10.49 }, "geometry": { "type": "Point", "coordinates": [ 15.4010986328125, 55.601879882812497 ] } },
{ "type": "Feature", "properties": { "confidence": 0.665, "dark_vessel": true, "matched_mmsi": null, "matched_name": null, "dist_km": 10.46 }, "geometry": { "type": "Point", "coordinates": [ 15.4057861328125, 55.601733398437496 ] } },
{ "type": "Feature", "properties": { "confidence": 0.717, "dark_vessel": true, "matched_mmsi": null, "matched_name": null, "dist_km": 10.48 }, "geometry": { "type": "Point", "coordinates": [ 15.4065185546875, 55.601513671874997 ] } },
{ "type": "Feature", "properties": { "confidence": 0.755, "dark_vessel": true, "matched_mmsi": null, "matched_name": null, "dist_km": 10.54 }, "geometry": { "type": "Point", "coordinates": [ 15.405859375, 55.601000976562496 ] } },
{ "type": "Feature", "properties": { "confidence": 0.666, "dark_vessel": true, "matched_mmsi": null, "matched_name": null, "dist_km": 11.69 }, "geometry": { "type": "Point", "coordinates": [ 15.345361328125, 55.601147460937497 ] } },
{ "type": "Feature", "properties": { "confidence": 0.595, "dark_vessel": true, "matched_mmsi": null, "matched_name": null, "dist_km": 11.04 }, "geometry": { "type": "Point", "coordinates": [ 15.371728515625, 55.601147460937497 ] } },
{ "type": "Feature", "properties": { "confidence": 0.77, "dark_vessel": true, "matched_mmsi": null, "matched_name": null, "dist_km": 10.57 }, "geometry": { "type": "Point", "coordinates": [ 15.401904296875001, 55.60107421875 ] } },
{ "type": "Feature", "properties": { "confidence": 0.574, "dark_vessel": true, "matched_mmsi": null, "matched_name": null, "dist_km": 11.31 }, "geometry": { "type": "Point", "coordinates": [ 15.3600830078125, 55.601000976562496 ] } },
{ "type": "Feature", "properties": { "confidence": 0.759, "dark_vessel": true, "matched_mmsi": null, "matched_name": null, "dist_km": 11.14 }, "geometry": { "type": "Point", "coordinates": [ 15.3681396484375, 55.600854492187501 ] } },
{ "type": "Feature", "properties": { "confidence": 0.733, "dark_vessel": true, "matched_mmsi": null, "matched_name": null, "dist_km": 10.59 }, "geometry": { "type": "Point", "coordinates": [ 15.40439453125, 55.6007080078125 ] } },
{ "type": "Feature", "properties": { "confidence": 0.672, "dark_vessel": true, "matched_mmsi": null, "matched_name": null, "dist_km": 11.33 }, "geometry": { "type": "Point", "coordinates": [ 15.361401367187501, 55.600561523437499 ] } },
{ "type": "Feature", "properties": { "confidence": 0.677, "dark_vessel": true, "matched_mmsi": null, "matched_name": null, "dist_km": 10.54 }, "geometry": { "type": "Point", "coordinates": [ 15.4131103515625, 55.600488281250001 ] } },
{ "type": "Feature", "properties": { "confidence": 0.822, "dark_vessel": true, "matched_mmsi": null, "matched_name": null, "dist_km": 11.35 }, "geometry": { "type": "Point", "coordinates": [ 15.362133789062501, 55.600195312499999 ] } },
{ "type": "Feature", "properties": { "confidence": 0.668, "dark_vessel": true, "matched_mmsi": null, "matched_name": null, "dist_km": 11.2 }, "geometry": { "type": "Point", "coordinates": [ 15.3677734375, 55.600341796875 ] } },
{ "type": "Feature", "properties": { "confidence": 0.612, "dark_vessel": true, "matched_mmsi": null, "matched_name": null, "dist_km": 10.56 }, "geometry": { "type": "Point", "coordinates": [ 15.4135498046875, 55.600268554687496 ] } },
{ "type": "Feature", "properties": { "confidence": 0.657, "dark_vessel": true, "matched_mmsi": null, "matched_name": null, "dist_km": 10.52 }, "geometry": { "type": "Point", "coordinates": [ 15.436474609375001, 55.600268554687496 ] } },
{ "type": "Feature", "properties": { "confidence": 0.697, "dark_vessel": true, "matched_mmsi": null, "matched_name": null, "dist_km": 11.31 }, "geometry": { "type": "Point", "coordinates": [ 15.3642578125, 55.600048828124997 ] } },
{ "type": "Feature", "properties": { "confidence": 0.704, "dark_vessel": true, "matched_mmsi": null, "matched_name": null, "dist_km": 11.23 }, "geometry": { "type": "Point", "coordinates": [ 15.3681396484375, 55.600048828124997 ] } },
{ "type": "Feature", "properties": { "confidence": 0.725, "dark_vessel": true, "matched_mmsi": null, "matched_name": null, "dist_km": 11.4 }, "geometry": { "type": "Point", "coordinates": [ 15.363598632812501, 55.599316406249997 ] } },
{ "type": "Feature", "properties": { "confidence": 0.723, "dark_vessel": true, "matched_mmsi": null, "matched_name": null, "dist_km": 11.27 }, "geometry": { "type": "Point", "coordinates": [ 15.3688720703125, 55.599462890624999 ] } },
{ "type": "Feature", "properties": { "confidence": 0.623, "dark_vessel": true, "matched_mmsi": null, "matched_name": null, "dist_km": 10.62 }, "geometry": { "type": "Point", "coordinates": [ 15.414355468750001, 55.599682617187497 ] } },
{ "type": "Feature", "properties": { "confidence": 0.674, "dark_vessel": true, "matched_mmsi": null, "matched_name": null, "dist_km": 11.37 }, "geometry": { "type": "Point", "coordinates": [ 15.3644775390625, 55.599462890624999 ] } },
{ "type": "Feature", "properties": { "confidence": 0.819, "dark_vessel": true, "matched_mmsi": null, "matched_name": null, "dist_km": 10.95 }, "geometry": { "type": "Point", "coordinates": [ 15.5402587890625, 55.599462890624999 ] } },
{ "type": "Feature", "properties": { "confidence": 0.75, "dark_vessel": true, "matched_mmsi": null, "matched_name": null, "dist_km": 11.44 }, "geometry": { "type": "Point", "coordinates": [ 15.362353515625001, 55.5992431640625 ] } },
{ "type": "Feature", "properties": { "confidence": 0.723, "dark_vessel": true, "matched_mmsi": null, "matched_name": null, "dist_km": 11.23 }, "geometry": { "type": "Point", "coordinates": [ 15.371435546875, 55.599389648437501 ] } },
{ "type": "Feature", "properties": { "confidence": 0.675, "dark_vessel": true, "matched_mmsi": null, "matched_name": null, "dist_km": 11.79 }, "geometry": { "type": "Point", "coordinates": [ 15.511767578125001, 55.599389648437501 ] } },
{ "type": "Feature", "properties": { "confidence": 0.651, "dark_vessel": true, "matched_mmsi": null, "matched_name": null, "dist_km": 11.32 }, "geometry": { "type": "Point", "coordinates": [ 15.3681396484375, 55.599169921874996 ] } },
{ "type": "Feature", "properties": { "confidence": 0.695, "dark_vessel": true, "matched_mmsi": null, "matched_name": null, "dist_km": 10.69 }, "geometry": { "type": "Point", "coordinates": [ 15.412304687500001, 55.599169921874996 ] } },
{ "type": "Feature", "properties": { "confidence": 0.624, "dark_vessel": true, "matched_mmsi": null, "matched_name": null, "dist_km": 11.42 }, "geometry": { "type": "Point", "coordinates": [ 15.364697265625001, 55.598950195312497 ] } },
{ "type": "Feature", "properties": { "confidence": 0.691, "dark_vessel": true, "matched_mmsi": null, "matched_name": null, "dist_km": 10.7 }, "geometry": { "type": "Point", "coordinates": [ 15.4145751953125, 55.598950195312497 ] } },
{ "type": "Feature", "properties": { "confidence": 0.66, "dark_vessel": true, "matched_mmsi": null, "matched_name": null, "dist_km": 11.4 }, "geometry": { "type": "Point", "coordinates": [ 15.36630859375, 55.598803710937496 ] } },
{ "type": "Feature", "properties": { "confidence": 0.763, "dark_vessel": true, "matched_mmsi": null, "matched_name": null, "dist_km": 10.87 }, "geometry": { "type": "Point", "coordinates": [ 15.546777343750001, 55.5984375 ] } },
{ "type": "Feature", "properties": { "confidence": 0.677, "dark_vessel": true, "matched_mmsi": null, "matched_name": null, "dist_km": 11.35 }, "geometry": { "type": "Point", "coordinates": [ 15.3698974609375, 55.5985107421875 ] } },
{ "type": "Feature", "properties": { "confidence": 0.926, "dark_vessel": true, "matched_mmsi": null, "matched_name": null, "dist_km": 11.32 }, "geometry": { "type": "Point", "coordinates": [ 15.530664062500001, 55.598657226562501 ] } },
{ "type": "Feature", "properties": { "confidence": 0.605, "dark_vessel": true, "matched_mmsi": null, "matched_name": null, "dist_km": 10.77 }, "geometry": { "type": "Point", "coordinates": [ 15.414794921875, 55.598364257812499 ] } },
{ "type": "Feature", "properties": { "confidence": 0.59, "dark_vessel": true, "matched_mmsi": null, "matched_name": null, "dist_km": 11.92 }, "geometry": { "type": "Point", "coordinates": [ 15.513012695312501, 55.5984375 ] } },
{ "type": "Feature", "properties": { "confidence": 0.867, "dark_vessel": true, "matched_mmsi": null, "matched_name": null, "dist_km": 11.38 }, "geometry": { "type": "Point", "coordinates": [ 15.530810546875001, 55.598071289062496 ] } },
{ "type": "Feature", "properties": { "confidence": 0.644, "dark_vessel": true, "matched_mmsi": null, "matched_name": null, "dist_km": 11.94 }, "geometry": { "type": "Point", "coordinates": [ 15.512280273437501, 55.598071289062496 ] } },
{ "type": "Feature", "properties": { "confidence": 0.664, "dark_vessel": true, "matched_mmsi": null, "matched_name": null, "dist_km": 11.43 }, "geometry": { "type": "Point", "coordinates": [ 15.3691650390625, 55.597851562499997 ] } },
{ "type": "Feature", "properties": { "confidence": 0.583, "dark_vessel": true, "matched_mmsi": null, "matched_name": null, "dist_km": 10.81 }, "geometry": { "type": "Point", "coordinates": [ 15.416259765625, 55.597924804687501 ] } },
{ "type": "Feature", "properties": { "confidence": 0.699, "dark_vessel": true, "matched_mmsi": null, "matched_name": null, "dist_km": 11.46 }, "geometry": { "type": "Point", "coordinates": [ 15.5300048828125, 55.597412109375 ] } },
{ "type": "Feature", "properties": { "confidence": 0.608, "dark_vessel": true, "matched_mmsi": null, "matched_name": null, "dist_km": 10.97 }, "geometry": { "type": "Point", "coordinates": [ 15.5455322265625, 55.5977783203125 ] } },
{ "type": "Feature", "properties": { "confidence": 0.636, "dark_vessel": true, "matched_mmsi": null, "matched_name": null, "dist_km": 11.55 }, "geometry": { "type": "Point", "coordinates": [ 15.3644775390625, 55.597705078124996 ] } },
{ "type": "Feature", "properties": { "confidence": 0.636, "dark_vessel": true, "matched_mmsi": null, "matched_name": null, "dist_km": 11.97 }, "geometry": { "type": "Point", "coordinates": [ 15.514184570312501, 55.597631835937499 ] } },
{ "type": "Feature", "properties": { "confidence": 0.592, "dark_vessel": true, "matched_mmsi": null, "matched_name": null, "dist_km": 10.96 }, "geometry": { "type": "Point", "coordinates": [ 15.546777343750001, 55.597558593750001 ] } },
{ "type": "Feature", "properties": { "confidence": 0.655, "dark_vessel": true, "matched_mmsi": null, "matched_name": null, "dist_km": 11.75 }, "geometry": { "type": "Point", "coordinates": [ 15.502612304687501, 55.597485351562497 ] } },
{ "type": "Feature", "properties": { "confidence": 0.622, "dark_vessel": true, "matched_mmsi": null, "matched_name": null, "dist_km": 11.37 }, "geometry": { "type": "Point", "coordinates": [ 15.5329345703125, 55.597485351562497 ] } },
{ "type": "Feature", "properties": { "confidence": 0.609, "dark_vessel": true, "matched_mmsi": null, "matched_name": null, "dist_km": 10.87 }, "geometry": { "type": "Point", "coordinates": [ 15.4175048828125, 55.597338867187496 ] } },
{ "type": "Feature", "properties": { "confidence": 0.755, "dark_vessel": true, "matched_mmsi": null, "matched_name": null, "dist_km": 10.86 }, "geometry": { "type": "Point", "coordinates": [ 15.4182373046875, 55.597338867187496 ] } },
{ "type": "Feature", "properties": { "confidence": 0.692, "dark_vessel": true, "matched_mmsi": null, "matched_name": null, "dist_km": 11.43 }, "geometry": { "type": "Point", "coordinates": [ 15.531542968750001, 55.597265625 ] } },
{ "type": "Feature", "properties": { "confidence": 0.669, "dark_vessel": true, "matched_mmsi": null, "matched_name": null, "dist_km": 11.37 }, "geometry": { "type": "Point", "coordinates": [ 15.5338134765625, 55.597192382812501 ] } },
{ "type": "Feature", "properties": { "confidence": 0.67, "dark_vessel": true, "matched_mmsi": null, "matched_name": null, "dist_km": 11.13 }, "geometry": { "type": "Point", "coordinates": [ 15.54150390625, 55.597338867187496 ] } },
{ "type": "Feature", "properties": { "confidence": 0.598, "dark_vessel": true, "matched_mmsi": null, "matched_name": null, "dist_km": 11.62 }, "geometry": { "type": "Point", "coordinates": [ 15.363671875, 55.597192382812501 ] } },
{ "type": "Feature", "properties": { "confidence": 0.654, "dark_vessel": true, "matched_mmsi": null, "matched_name": null, "dist_km": 10.89 }, "geometry": { "type": "Point", "coordinates": [ 15.4189697265625, 55.597119140624997 ] } },
{ "type": "Feature", "properties": { "confidence": 0.577, "dark_vessel": true, "matched_mmsi": null, "matched_name": null, "dist_km": 12.05 }, "geometry": { "type": "Point", "coordinates": [ 15.513232421875001, 55.597192382812501 ] } },
{ "type": "Feature", "properties": { "confidence": 0.687, "dark_vessel": true, "matched_mmsi": null, "matched_name": null, "dist_km": 11.52 }, "geometry": { "type": "Point", "coordinates": [ 15.369677734375001, 55.596972656249996 ] } },
{ "type": "Feature", "properties": { "confidence": 0.638, "dark_vessel": true, "matched_mmsi": null, "matched_name": null, "dist_km": 11.43 }, "geometry": { "type": "Point", "coordinates": [ 15.532275390625001, 55.5970458984375 ] } },
{ "type": "Feature", "properties": { "confidence": 0.603, "dark_vessel": true, "matched_mmsi": null, "matched_name": null, "dist_km": 11.79 }, "geometry": { "type": "Point", "coordinates": [ 15.52158203125, 55.596899414062499 ] } },
{ "type": "Feature", "properties": { "confidence": 0.605, "dark_vessel": true, "matched_mmsi": null, "matched_name": null, "dist_km": 11.25 }, "geometry": { "type": "Point", "coordinates": [ 15.5387939453125, 55.596826171875001 ] } },
{ "type": "Feature", "properties": { "confidence": 0.686, "dark_vessel": true, "matched_mmsi": null, "matched_name": null, "dist_km": 11.26 }, "geometry": { "type": "Point", "coordinates": [ 15.539379882812501, 55.596606445312496 ] } },
{ "type": "Feature", "properties": { "confidence": 0.709, "dark_vessel": true, "matched_mmsi": null, "matched_name": null, "dist_km": 11.02 }, "geometry": { "type": "Point", "coordinates": [ 15.546777343750001, 55.596972656249996 ] } },
{ "type": "Feature", "properties": { "confidence": 0.674, "dark_vessel": true, "matched_mmsi": null, "matched_name": null, "dist_km": 11.84 }, "geometry": { "type": "Point", "coordinates": [ 15.503491210937501, 55.596752929687497 ] } },
{ "type": "Feature", "properties": { "confidence": 0.662, "dark_vessel": true, "matched_mmsi": null, "matched_name": null, "dist_km": 11.97 }, "geometry": { "type": "Point", "coordinates": [ 15.516748046875001, 55.596752929687497 ] } },
{ "type": "Feature", "properties": { "confidence": 0.639, "dark_vessel": true, "matched_mmsi": null, "matched_name": null, "dist_km": 11.83 }, "geometry": { "type": "Point", "coordinates": [ 15.520849609375, 55.596752929687497 ] } },
{ "type": "Feature", "properties": { "confidence": 0.733, "dark_vessel": true, "matched_mmsi": null, "matched_name": null, "dist_km": 11.34 }, "geometry": { "type": "Point", "coordinates": [ 15.537255859375001, 55.596459960937501 ] } },
{ "type": "Feature", "properties": { "confidence": 0.849, "dark_vessel": true, "matched_mmsi": null, "matched_name": null, "dist_km": 11.05 }, "geometry": { "type": "Point", "coordinates": [ 15.546191406250001, 55.596752929687497 ] } },
{ "type": "Feature", "properties": { "confidence": 0.616, "dark_vessel": true, "matched_mmsi": null, "matched_name": null, "dist_km": 11.7 }, "geometry": { "type": "Point", "coordinates": [ 15.3630126953125, 55.596606445312496 ] } },
{ "type": "Feature", "properties": { "confidence": 0.631, "dark_vessel": true, "matched_mmsi": null, "matched_name": null, "dist_km": 10.94 }, "geometry": { "type": "Point", "coordinates": [ 15.420068359375, 55.596606445312496 ] } },
{ "type": "Feature", "properties": { "confidence": 0.752, "dark_vessel": true, "matched_mmsi": null, "matched_name": null, "dist_km": 11.89 }, "geometry": { "type": "Point", "coordinates": [ 15.519824218750001, 55.596459960937501 ] } },
{ "type": "Feature", "properties": { "confidence": 0.607, "dark_vessel": true, "matched_mmsi": null, "matched_name": null, "dist_km": 11.72 }, "geometry": { "type": "Point", "coordinates": [ 15.524365234375001, 55.596606445312496 ] } },
{ "type": "Feature", "properties": { "confidence": 0.637, "dark_vessel": true, "matched_mmsi": null, "matched_name": null, "dist_km": 11.59 }, "geometry": { "type": "Point", "coordinates": [ 15.5285400390625, 55.596533203124999 ] } },
{ "type": "Feature", "properties": { "confidence": 0.749, "dark_vessel": true, "matched_mmsi": null, "matched_name": null, "dist_km": 11.47 }, "geometry": { "type": "Point", "coordinates": [ 15.532641601562501, 55.596533203124999 ] } },
{ "type": "Feature", "properties": { "confidence": 0.67, "dark_vessel": true, "matched_mmsi": null, "matched_name": null, "dist_km": 11.1 }, "geometry": { "type": "Point", "coordinates": [ 15.545166015625, 55.596606445312496 ] } },
{ "type": "Feature", "properties": { "confidence": 0.631, "dark_vessel": true, "matched_mmsi": null, "matched_name": null, "dist_km": 11.75 }, "geometry": { "type": "Point", "coordinates": [ 15.523999023437501, 55.596459960937501 ] } },
{ "type": "Feature", "properties": { "confidence": 0.743, "dark_vessel": true, "matched_mmsi": null, "matched_name": null, "dist_km": 11.55 }, "geometry": { "type": "Point", "coordinates": [ 15.530957031250001, 55.596240234374996 ] } },
{ "type": "Feature", "properties": { "confidence": 0.695, "dark_vessel": true, "matched_mmsi": null, "matched_name": null, "dist_km": 11.44 }, "geometry": { "type": "Point", "coordinates": [ 15.534326171875001, 55.5963134765625 ] } },
{ "type": "Feature", "properties": { "confidence": 0.648, "dark_vessel": true, "matched_mmsi": null, "matched_name": null, "dist_km": 11.19 }, "geometry": { "type": "Point", "coordinates": [ 15.542675781250001, 55.596386718749997 ] } },
{ "type": "Feature", "properties": { "confidence": 0.688, "dark_vessel": true, "matched_mmsi": null, "matched_name": null, "dist_km": 11.67 }, "geometry": { "type": "Point", "coordinates": [ 15.366528320312501, 55.596166992187499 ] } },
{ "type": "Feature", "properties": { "confidence": 0.762, "dark_vessel": true, "matched_mmsi": null, "matched_name": null, "dist_km": 11.72 }, "geometry": { "type": "Point", "coordinates": [ 15.364916992187501, 55.596020507812497 ] } },
{ "type": "Feature", "properties": { "confidence": 0.73, "dark_vessel": true, "matched_mmsi": null, "matched_name": null, "dist_km": 10.99 }, "geometry": { "type": "Point", "coordinates": [ 15.419482421875001, 55.596166992187499 ] } },
{ "type": "Feature", "properties": { "confidence": 0.631, "dark_vessel": true, "matched_mmsi": null, "matched_name": null, "dist_km": 11.94 }, "geometry": { "type": "Point", "coordinates": [ 15.518872070312501, 55.596240234374996 ] } },
{ "type": "Feature", "properties": { "confidence": 0.714, "dark_vessel": true, "matched_mmsi": null, "matched_name": null, "dist_km": 11.75 }, "geometry": { "type": "Point", "coordinates": [ 15.524731445312501, 55.596166992187499 ] } },
{ "type": "Feature", "properties": { "confidence": 0.637, "dark_vessel": true, "matched_mmsi": null, "matched_name": null, "dist_km": 11.61 }, "geometry": { "type": "Point", "coordinates": [ 15.529565429687501, 55.596020507812497 ] } },
{ "type": "Feature", "properties": { "confidence": 0.755, "dark_vessel": true, "matched_mmsi": null, "matched_name": null, "dist_km": 11.42 }, "geometry": { "type": "Point", "coordinates": [ 15.535717773437501, 55.596020507812497 ] } },
{ "type": "Feature", "properties": { "confidence": 0.6, "dark_vessel": true, "matched_mmsi": null, "matched_name": null, "dist_km": 11.37 }, "geometry": { "type": "Point", "coordinates": [ 15.537402343750001, 55.596020507812497 ] } },
{ "type": "Feature", "properties": { "confidence": 0.64, "dark_vessel": true, "matched_mmsi": null, "matched_name": null, "dist_km": 11.26 }, "geometry": { "type": "Point", "coordinates": [ 15.541577148437501, 55.595947265625 ] } },
{ "type": "Feature", "properties": { "confidence": 0.888, "dark_vessel": true, "matched_mmsi": null, "matched_name": null, "dist_km": 11.23 }, "geometry": { "type": "Point", "coordinates": [ 15.543847656250001, 55.595654296874997 ] } },
{ "type": "Feature", "properties": { "confidence": 0.647, "dark_vessel": true, "matched_mmsi": null, "matched_name": null, "dist_km": 11.82 }, "geometry": { "type": "Point", "coordinates": [ 15.52451171875, 55.595507812499996 ] } },
{ "type": "Feature", "properties": { "confidence": 0.714, "dark_vessel": true, "matched_mmsi": null, "matched_name": null, "dist_km": 11.51 }, "geometry": { "type": "Point", "coordinates": [ 15.5338134765625, 55.595727539062501 ] } },
{ "type": "Feature", "properties": { "confidence": 0.795, "dark_vessel": true, "matched_mmsi": null, "matched_name": null, "dist_km": 11.14 }, "geometry": { "type": "Point", "coordinates": [ 15.546923828125001, 55.595727539062501 ] } },
{ "type": "Feature", "properties": { "confidence": 0.67, "dark_vessel": true, "matched_mmsi": null, "matched_name": null, "dist_km": 11.81 }, "geometry": { "type": "Point", "coordinates": [ 15.3625732421875, 55.5955810546875 ] } },
{ "type": "Feature", "properties": { "confidence": 0.661, "dark_vessel": true, "matched_mmsi": null, "matched_name": null, "dist_km": 11.78 }, "geometry": { "type": "Point", "coordinates": [ 15.363598632812501, 55.595654296874997 ] } },
{ "type": "Feature", "properties": { "confidence": 0.605, "dark_vessel": true, "matched_mmsi": null, "matched_name": null, "dist_km": 11.49 }, "geometry": { "type": "Point", "coordinates": [ 15.535498046875, 55.595434570312499 ] } },
{ "type": "Feature", "properties": { "confidence": 0.672, "dark_vessel": true, "matched_mmsi": null, "matched_name": null, "dist_km": 11.21 }, "geometry": { "type": "Point", "coordinates": [ 15.544946289062501, 55.5955810546875 ] } },
{ "type": "Feature", "properties": { "confidence": 0.694, "dark_vessel": true, "matched_mmsi": null, "matched_name": null, "dist_km": 11.07 }, "geometry": { "type": "Point", "coordinates": [ 15.419116210937501, 55.595434570312499 ] } },
{ "type": "Feature", "properties": { "confidence": 0.641, "dark_vessel": true, "matched_mmsi": null, "matched_name": null, "dist_km": 11.99 }, "geometry": { "type": "Point", "coordinates": [ 15.519604492187501, 55.595434570312499 ] } },
{ "type": "Feature", "properties": { "confidence": 0.723, "dark_vessel": true, "matched_mmsi": null, "matched_name": null, "dist_km": 11.32 }, "geometry": { "type": "Point", "coordinates": [ 15.541210937500001, 55.595434570312499 ] } },
{ "type": "Feature", "properties": { "confidence": 0.615, "dark_vessel": true, "matched_mmsi": null, "matched_name": null, "dist_km": 11.81 }, "geometry": { "type": "Point", "coordinates": [ 15.364331054687501, 55.595288085937497 ] } },
{ "type": "Feature", "properties": { "confidence": 0.679, "dark_vessel": true, "matched_mmsi": null, "matched_name": null, "dist_km": 11.97 }, "geometry": { "type": "Point", "coordinates": [ 15.520776367187501, 55.59521484375 ] } },
{ "type": "Feature", "properties": { "confidence": 0.719, "dark_vessel": true, "matched_mmsi": null, "matched_name": null, "dist_km": 11.79 }, "geometry": { "type": "Point", "coordinates": [ 15.526196289062501, 55.595288085937497 ] } },
{ "type": "Feature", "properties": { "confidence": 0.67, "dark_vessel": true, "matched_mmsi": null, "matched_name": null, "dist_km": 11.64 }, "geometry": { "type": "Point", "coordinates": [ 15.531542968750001, 55.595068359374999 ] } },
{ "type": "Feature", "properties": { "confidence": 0.707, "dark_vessel": true, "matched_mmsi": null, "matched_name": null, "dist_km": 11.57 }, "geometry": { "type": "Point", "coordinates": [ 15.53330078125, 55.595288085937497 ] } },
{ "type": "Feature", "properties": { "confidence": 0.726, "dark_vessel": true, "matched_mmsi": null, "matched_name": null, "dist_km": 11.96 }, "geometry": { "type": "Point", "coordinates": [ 15.521728515625, 55.594995117187501 ] } },
{ "type": "Feature", "properties": { "confidence": 0.665, "dark_vessel": true, "matched_mmsi": null, "matched_name": null, "dist_km": 11.94 }, "geometry": { "type": "Point", "coordinates": [ 15.522607421875001, 55.594921875 ] } },
{ "type": "Feature", "properties": { "confidence": 0.775, "dark_vessel": true, "matched_mmsi": null, "matched_name": null, "dist_km": 11.8 }, "geometry": { "type": "Point", "coordinates": [ 15.526928710937501, 55.594921875 ] } },
{ "type": "Feature", "properties": { "confidence": 0.687, "dark_vessel": true, "matched_mmsi": null, "matched_name": null, "dist_km": 11.55 }, "geometry": { "type": "Point", "coordinates": [ 15.534692382812501, 55.594995117187501 ] } },
{ "type": "Feature", "properties": { "confidence": 0.655, "dark_vessel": true, "matched_mmsi": null, "matched_name": null, "dist_km": 11.85 }, "geometry": { "type": "Point", "coordinates": [ 15.364331054687501, 55.5948486328125 ] } },
{ "type": "Feature", "properties": { "confidence": 0.658, "dark_vessel": true, "matched_mmsi": null, "matched_name": null, "dist_km": 11.15 }, "geometry": { "type": "Point", "coordinates": [ 15.4195556640625, 55.594702148437499 ] } },
{ "type": "Feature", "properties": { "confidence": 0.617, "dark_vessel": true, "matched_mmsi": null, "matched_name": null, "dist_km": 11.14 }, "geometry": { "type": "Point", "coordinates": [ 15.4211669921875, 55.594775390624996 ] } },
{ "type": "Feature", "properties": { "confidence": 0.602, "dark_vessel": true, "matched_mmsi": null, "matched_name": null, "dist_km": 12.19 }, "geometry": { "type": "Point", "coordinates": [ 15.515429687500001, 55.5948486328125 ] } },
{ "type": "Feature", "properties": { "confidence": 0.724, "dark_vessel": true, "matched_mmsi": null, "matched_name": null, "dist_km": 11.87 }, "geometry": { "type": "Point", "coordinates": [ 15.525317382812501, 55.594702148437499 ] } },
{ "type": "Feature", "properties": { "confidence": 0.604, "dark_vessel": true, "matched_mmsi": null, "matched_name": null, "dist_km": 11.76 }, "geometry": { "type": "Point", "coordinates": [ 15.5285400390625, 55.594775390624996 ] } },
{ "type": "Feature", "properties": { "confidence": 0.669, "dark_vessel": true, "matched_mmsi": null, "matched_name": null, "dist_km": 11.6 }, "geometry": { "type": "Point", "coordinates": [ 15.533740234375001, 55.5948486328125 ] } },
{ "type": "Feature", "properties": { "confidence": 0.614, "dark_vessel": true, "matched_mmsi": null, "matched_name": null, "dist_km": 11.53 }, "geometry": { "type": "Point", "coordinates": [ 15.536083984375001, 55.5948486328125 ] } },
{ "type": "Feature", "properties": { "confidence": 0.605, "dark_vessel": true, "matched_mmsi": null, "matched_name": null, "dist_km": 11.31 }, "geometry": { "type": "Point", "coordinates": [ 15.544140625, 55.594775390624996 ] } },
{ "type": "Feature", "properties": { "confidence": 0.637, "dark_vessel": true, "matched_mmsi": null, "matched_name": null, "dist_km": 11.27 }, "geometry": { "type": "Point", "coordinates": [ 15.5453857421875, 55.594775390624996 ] } },
{ "type": "Feature", "properties": { "confidence": 0.594, "dark_vessel": true, "matched_mmsi": null, "matched_name": null, "dist_km": 11.81 }, "geometry": { "type": "Point", "coordinates": [ 15.366528320312501, 55.594775390624996 ] } },
{ "type": "Feature", "properties": { "confidence": 0.654, "dark_vessel": true, "matched_mmsi": null, "matched_name": null, "dist_km": 11.94 }, "geometry": { "type": "Point", "coordinates": [ 15.523852539062501, 55.594482421875 ] } },
{ "type": "Feature", "properties": { "confidence": 0.681, "dark_vessel": true, "matched_mmsi": null, "matched_name": null, "dist_km": 11.72 }, "geometry": { "type": "Point", "coordinates": [ 15.530224609375001, 55.594702148437499 ] } },
{ "type": "Feature", "properties": { "confidence": 0.561, "dark_vessel": true, "matched_mmsi": null, "matched_name": null, "dist_km": 11.53 }, "geometry": { "type": "Point", "coordinates": [ 15.536523437500001, 55.594702148437499 ] } },
{ "type": "Feature", "properties": { "confidence": 0.607, "dark_vessel": true, "matched_mmsi": null, "matched_name": null, "dist_km": 12.25 }, "geometry": { "type": "Point", "coordinates": [ 15.514404296875, 55.594555664062497 ] } },
{ "type": "Feature", "properties": { "confidence": 0.824, "dark_vessel": true, "matched_mmsi": null, "matched_name": null, "dist_km": 11.68 }, "geometry": { "type": "Point", "coordinates": [ 15.532055664062501, 55.594555664062497 ] } },
{ "type": "Feature", "properties": { "confidence": 0.596, "dark_vessel": true, "matched_mmsi": null, "matched_name": null, "dist_km": 11.18 }, "geometry": { "type": "Point", "coordinates": [ 15.4193359375, 55.594409179687496 ] } },
{ "type": "Feature", "properties": { "confidence": 0.744, "dark_vessel": true, "matched_mmsi": null, "matched_name": null, "dist_km": 11.2 }, "geometry": { "type": "Point", "coordinates": [ 15.420947265625001, 55.594189453124997 ] } },
{ "type": "Feature", "properties": { "confidence": 0.696, "dark_vessel": true, "matched_mmsi": null, "matched_name": null, "dist_km": 12.06 }, "geometry": { "type": "Point", "coordinates": [ 15.520776367187501, 55.594335937499999 ] } },
{ "type": "Feature", "properties": { "confidence": 0.675, "dark_vessel": true, "matched_mmsi": null, "matched_name": null, "dist_km": 11.67 }, "geometry": { "type": "Point", "coordinates": [ 15.53330078125, 55.594262695312501 ] } },
{ "type": "Feature", "properties": { "confidence": 0.653, "dark_vessel": true, "matched_mmsi": null, "matched_name": null, "dist_km": 11.56 }, "geometry": { "type": "Point", "coordinates": [ 15.537036132812501, 55.594262695312501 ] } },
{ "type": "Feature", "properties": { "confidence": 0.71, "dark_vessel": true, "matched_mmsi": null, "matched_name": null, "dist_km": 11.91 }, "geometry": { "type": "Point", "coordinates": [ 15.526049804687501, 55.594042968749996 ] } },
{ "type": "Feature", "properties": { "confidence": 0.681, "dark_vessel": true, "matched_mmsi": null, "matched_name": null, "dist_km": 11.87 }, "geometry": { "type": "Point", "coordinates": [ 15.527294921875001, 55.5941162109375 ] } },
{ "type": "Feature", "properties": { "confidence": 0.599, "dark_vessel": true, "matched_mmsi": null, "matched_name": null, "dist_km": 11.76 }, "geometry": { "type": "Point", "coordinates": [ 15.530444335937501, 55.594189453124997 ] } },
{ "type": "Feature", "properties": { "confidence": 0.629, "dark_vessel": true, "matched_mmsi": null, "matched_name": null, "dist_km": 11.51 }, "geometry": { "type": "Point", "coordinates": [ 15.539086914062501, 55.5941162109375 ] } },
{ "type": "Feature", "properties": { "confidence": 0.596, "dark_vessel": true, "matched_mmsi": null, "matched_name": null, "dist_km": 11.47 }, "geometry": { "type": "Point", "coordinates": [ 15.540917968750001, 55.594042968749996 ] } },
{ "type": "Feature", "properties": { "confidence": 0.783, "dark_vessel": true, "matched_mmsi": null, "matched_name": null, "dist_km": 11.35 }, "geometry": { "type": "Point", "coordinates": [ 15.545751953125, 55.593969726562499 ] } },
{ "type": "Feature", "properties": { "confidence": 0.691, "dark_vessel": true, "matched_mmsi": null, "matched_name": null, "dist_km": 11.41 }, "geometry": { "type": "Point", "coordinates": [ 15.543041992187501, 55.594042968749996 ] } },
{ "type": "Feature", "properties": { "confidence": 0.655, "dark_vessel": true, "matched_mmsi": null, "matched_name": null, "dist_km": 12.12 }, "geometry": { "type": "Point", "coordinates": [ 15.520190429687501, 55.593823242187497 ] } },
{ "type": "Feature", "properties": { "confidence": 0.634, "dark_vessel": true, "matched_mmsi": null, "matched_name": null, "dist_km": 12.07 }, "geometry": { "type": "Point", "coordinates": [ 15.5220947265625, 55.593676757812496 ] } },
{ "type": "Feature", "properties": { "confidence": 0.694, "dark_vessel": true, "matched_mmsi": null, "matched_name": null, "dist_km": 12.12 }, "geometry": { "type": "Point", "coordinates": [ 15.521069335937501, 55.593530273437501 ] } },
{ "type": "Feature", "properties": { "confidence": 0.785, "dark_vessel": true, "matched_mmsi": null, "matched_name": null, "dist_km": 12.01 }, "geometry": { "type": "Point", "coordinates": [ 15.523999023437501, 55.593676757812496 ] } },
{ "type": "Feature", "properties": { "confidence": 0.624, "dark_vessel": true, "matched_mmsi": null, "matched_name": null, "dist_km": 11.27 }, "geometry": { "type": "Point", "coordinates": [ 15.4246826171875, 55.593530273437501 ] } },
{ "type": "Feature", "properties": { "confidence": 0.702, "dark_vessel": true, "matched_mmsi": null, "matched_name": null, "dist_km": 12.17 }, "geometry": { "type": "Point", "coordinates": [ 15.5201171875, 55.5933837890625 ] } },
{ "type": "Feature", "properties": { "confidence": 0.721, "dark_vessel": true, "matched_mmsi": null, "matched_name": null, "dist_km": 11.53 }, "geometry": { "type": "Point", "coordinates": [ 15.5409912109375, 55.593457031249997 ] } },
{ "type": "Feature", "properties": { "confidence": 0.628, "dark_vessel": true, "matched_mmsi": null, "matched_name": null, "dist_km": 11.48 }, "geometry": { "type": "Point", "coordinates": [ 15.542382812500001, 55.593530273437501 ] } },
{ "type": "Feature", "properties": { "confidence": 0.653, "dark_vessel": true, "matched_mmsi": null, "matched_name": null, "dist_km": 11.61 }, "geometry": { "type": "Point", "coordinates": [ 15.538867187500001, 55.593237304687499 ] } },
{ "type": "Feature", "properties": { "confidence": 0.622, "dark_vessel": true, "matched_mmsi": null, "matched_name": null, "dist_km": 12.22 }, "geometry": { "type": "Point", "coordinates": [ 15.5190185546875, 55.593164062500001 ] } },
{ "type": "Feature", "properties": { "confidence": 0.613, "dark_vessel": true, "matched_mmsi": null, "matched_name": null, "dist_km": 12.23 }, "geometry": { "type": "Point", "coordinates": [ 15.3565673828125, 55.592944335937496 ] } },
{ "type": "Feature", "properties": { "confidence": 0.601, "dark_vessel": true, "matched_mmsi": null, "matched_name": null, "dist_km": 11.33 }, "geometry": { "type": "Point", "coordinates": [ 15.4218994140625, 55.593017578125 ] } },
{ "type": "Feature", "properties": { "confidence": 0.698, "dark_vessel": true, "matched_mmsi": null, "matched_name": null, "dist_km": 12.35 }, "geometry": { "type": "Point", "coordinates": [ 15.516015625, 55.592944335937496 ] } },
{ "type": "Feature", "properties": { "confidence": 0.612, "dark_vessel": true, "matched_mmsi": null, "matched_name": null, "dist_km": 12.17 }, "geometry": { "type": "Point", "coordinates": [ 15.521508789062501, 55.592871093749999 ] } },
{ "type": "Feature", "properties": { "confidence": 0.651, "dark_vessel": true, "matched_mmsi": null, "matched_name": null, "dist_km": 11.89 }, "geometry": { "type": "Point", "coordinates": [ 15.530664062500001, 55.592797851562501 ] } },
{ "type": "Feature", "properties": { "confidence": 0.658, "dark_vessel": true, "matched_mmsi": null, "matched_name": null, "dist_km": 11.37 }, "geometry": { "type": "Point", "coordinates": [ 15.420947265625001, 55.592724609374997 ] } },
{ "type": "Feature", "properties": { "confidence": 0.68, "dark_vessel": true, "matched_mmsi": null, "matched_name": null, "dist_km": 12.3 }, "geometry": { "type": "Point", "coordinates": [ 15.517993164062501, 55.592724609374997 ] } },
{ "type": "Feature", "properties": { "confidence": 0.692, "dark_vessel": true, "matched_mmsi": null, "matched_name": null, "dist_km": 12.06 }, "geometry": { "type": "Point", "coordinates": [ 15.525317382812501, 55.592724609374997 ] } },
{ "type": "Feature", "properties": { "confidence": 0.556, "dark_vessel": true, "matched_mmsi": null, "matched_name": null, "dist_km": 11.61 }, "geometry": { "type": "Point", "coordinates": [ 15.540771484375, 55.592724609374997 ] } },
{ "type": "Feature", "properties": { "confidence": 0.741, "dark_vessel": true, "matched_mmsi": null, "matched_name": null, "dist_km": 12.48 }, "geometry": { "type": "Point", "coordinates": [ 15.5133056640625, 55.592504882812499 ] } },
{ "type": "Feature", "properties": { "confidence": 0.654, "dark_vessel": true, "matched_mmsi": null, "matched_name": null, "dist_km": 11.96 }, "geometry": { "type": "Point", "coordinates": [ 15.528979492187501, 55.5926513671875 ] } },
{ "type": "Feature", "properties": { "confidence": 0.632, "dark_vessel": true, "matched_mmsi": null, "matched_name": null, "dist_km": 11.62 }, "geometry": { "type": "Point", "coordinates": [ 15.540332031250001, 55.5926513671875 ] } },
{ "type": "Feature", "properties": { "confidence": 0.784, "dark_vessel": true, "matched_mmsi": null, "matched_name": null, "dist_km": 11.4 }, "geometry": { "type": "Point", "coordinates": [ 15.4218994140625, 55.592431640625001 ] } },
{ "type": "Feature", "properties": { "confidence": 0.599, "dark_vessel": true, "matched_mmsi": null, "matched_name": null, "dist_km": 12.31 }, "geometry": { "type": "Point", "coordinates": [ 15.519238281250001, 55.592211914062496 ] } },
{ "type": "Feature", "properties": { "confidence": 0.672, "dark_vessel": true, "matched_mmsi": null, "matched_name": null, "dist_km": 12.13 }, "geometry": { "type": "Point", "coordinates": [ 15.525683593750001, 55.5919189453125 ] } },
{ "type": "Feature", "properties": { "confidence": 0.614, "dark_vessel": true, "matched_mmsi": null, "matched_name": null, "dist_km": 11.77 }, "geometry": { "type": "Point", "coordinates": [ 15.538354492187501, 55.591699218750001 ] } },
{ "type": "Feature", "properties": { "confidence": 0.796, "dark_vessel": true, "matched_mmsi": null, "matched_name": null, "dist_km": 11.8 }, "geometry": { "type": "Point", "coordinates": [ 15.5376953125, 55.591625976562497 ] } },
{ "type": "Feature", "properties": { "confidence": 0.646, "dark_vessel": true, "matched_mmsi": null, "matched_name": null, "dist_km": 11.52 }, "geometry": { "type": "Point", "coordinates": [ 15.423657226562501, 55.591259765624997 ] } },
{ "type": "Feature", "properties": { "confidence": 0.658, "dark_vessel": true, "matched_mmsi": null, "matched_name": null, "dist_km": 11.51 }, "geometry": { "type": "Point", "coordinates": [ 15.544140625, 55.5908203125 ] } },
{ "type": "Feature", "properties": { "confidence": 0.61, "dark_vessel": true, "matched_mmsi": null, "matched_name": null, "dist_km": 11.77 }, "geometry": { "type": "Point", "coordinates": [ 15.424462890625, 55.5889892578125 ] } },
{ "type": "Feature", "properties": { "confidence": 0.735, "dark_vessel": true, "matched_mmsi": null, "matched_name": null, "dist_km": 11.79 }, "geometry": { "type": "Point", "coordinates": [ 15.4251953125, 55.588842773437499 ] } },
{ "type": "Feature", "properties": { "confidence": 0.956, "dark_vessel": true, "matched_mmsi": null, "matched_name": null, "dist_km": 12.13 }, "geometry": { "type": "Point", "coordinates": [ 15.43984375, 55.585913085937499 ] } },
{ "type": "Feature", "properties": { "confidence": 0.679, "dark_vessel": true, "matched_mmsi": null, "matched_name": null, "dist_km": 11.97 }, "geometry": { "type": "Point", "coordinates": [ 15.4591064453125, 55.588476562499999 ] } },
{ "type": "Feature", "properties": { "confidence": 0.643, "dark_vessel": true, "matched_mmsi": null, "matched_name": null, "dist_km": 11.85 }, "geometry": { "type": "Point", "coordinates": [ 15.42431640625, 55.5882568359375 ] } },
{ "type": "Feature", "properties": { "confidence": 0.86, "dark_vessel": true, "matched_mmsi": null, "matched_name": null, "dist_km": 11.97 }, "geometry": { "type": "Point", "coordinates": [ 15.4421142578125, 55.587377929687499 ] } },
{ "type": "Feature", "properties": { "confidence": 0.693, "dark_vessel": true, "matched_mmsi": null, "matched_name": null, "dist_km": 11.94 }, "geometry": { "type": "Point", "coordinates": [ 15.424755859375001, 55.5875244140625 ] } },
{ "type": "Feature", "properties": { "confidence": 0.694, "dark_vessel": true, "matched_mmsi": null, "matched_name": null, "dist_km": 12.12 }, "geometry": { "type": "Point", "coordinates": [ 15.459326171875, 55.587084960937496 ] } },
{ "type": "Feature", "properties": { "confidence": 0.618, "dark_vessel": true, "matched_mmsi": null, "matched_name": null, "dist_km": 12.15 }, "geometry": { "type": "Point", "coordinates": [ 15.441455078125001, 55.585766601562497 ] } },
{ "type": "Feature", "properties": { "confidence": 0.658, "dark_vessel": true, "matched_mmsi": null, "matched_name": null, "dist_km": 12.36 }, "geometry": { "type": "Point", "coordinates": [ 15.4547119140625, 55.5845947265625 ] } },
{ "type": "Feature", "properties": { "confidence": 0.684, "dark_vessel": true, "matched_mmsi": null, "matched_name": null, "dist_km": 12.38 }, "geometry": { "type": "Point", "coordinates": [ 15.4570556640625, 55.584521484374996 ] } },
{ "type": "Feature", "properties": { "confidence": 0.577, "dark_vessel": true, "matched_mmsi": null, "matched_name": null, "dist_km": 12.33 }, "geometry": { "type": "Point", "coordinates": [ 15.4416748046875, 55.584155273437496 ] } },
{ "type": "Feature", "properties": { "confidence": 0.839, "dark_vessel": true, "matched_mmsi": null, "matched_name": null, "dist_km": 12.37 }, "geometry": { "type": "Point", "coordinates": [ 15.4387451171875, 55.583715820312499 ] } },
{ "type": "Feature", "properties": { "confidence": 0.743, "dark_vessel": true, "matched_mmsi": null, "matched_name": null, "dist_km": 12.5 }, "geometry": { "type": "Point", "coordinates": [ 15.4580078125, 55.583569335937497 ] } },
{ "type": "Feature", "properties": { "confidence": 0.744, "dark_vessel": true, "matched_mmsi": null, "matched_name": null, "dist_km": 12.4 }, "geometry": { "type": "Point", "coordinates": [ 15.4378662109375, 55.583422851562496 ] } },
{ "type": "Feature", "properties": { "confidence": 0.584, "dark_vessel": true, "matched_mmsi": null, "matched_name": null, "dist_km": 12.43 }, "geometry": { "type": "Point", "coordinates": [ 15.438671875, 55.5831298828125 ] } },
{ "type": "Feature", "properties": { "confidence": 0.86, "dark_vessel": true, "matched_mmsi": null, "matched_name": null, "dist_km": 12.53 }, "geometry": { "type": "Point", "coordinates": [ 15.43984375, 55.582250976562499 ] } },
{ "type": "Feature", "properties": { "confidence": 0.64, "dark_vessel": true, "matched_mmsi": null, "matched_name": null, "dist_km": 12.44 }, "geometry": { "type": "Point", "coordinates": [ 15.4421142578125, 55.5831298828125 ] } },
{ "type": "Feature", "properties": { "confidence": 0.605, "dark_vessel": true, "matched_mmsi": null, "matched_name": null, "dist_km": 12.45 }, "geometry": { "type": "Point", "coordinates": [ 15.4427734375, 55.5831298828125 ] } },
{ "type": "Feature", "properties": { "confidence": 0.741, "dark_vessel": true, "matched_mmsi": null, "matched_name": null, "dist_km": 12.54 }, "geometry": { "type": "Point", "coordinates": [ 15.457861328125, 55.5831298828125 ] } },
{ "type": "Feature", "properties": { "confidence": 0.718, "dark_vessel": true, "matched_mmsi": null, "matched_name": null, "dist_km": 12.45 }, "geometry": { "type": "Point", "coordinates": [ 15.4375, 55.582983398437499 ] } },
{ "type": "Feature", "properties": { "confidence": 0.723, "dark_vessel": true, "matched_mmsi": null, "matched_name": null, "dist_km": 12.5 }, "geometry": { "type": "Point", "coordinates": [ 15.441455078125001, 55.582617187499999 ] } },
{ "type": "Feature", "properties": { "confidence": 0.627, "dark_vessel": true, "matched_mmsi": null, "matched_name": null, "dist_km": 12.59 }, "geometry": { "type": "Point", "coordinates": [ 15.4589599609375, 55.582836914062497 ] } },
{ "type": "Feature", "properties": { "confidence": 0.676, "dark_vessel": true, "matched_mmsi": null, "matched_name": null, "dist_km": 12.5 }, "geometry": { "type": "Point", "coordinates": [ 15.443066406250001, 55.582690429687496 ] } },
{ "type": "Feature", "properties": { "confidence": 0.703, "dark_vessel": true, "matched_mmsi": null, "matched_name": null, "dist_km": 12.51 }, "geometry": { "type": "Point", "coordinates": [ 15.436328125, 55.5823974609375 ] } },
{ "type": "Feature", "properties": { "confidence": 0.588, "dark_vessel": true, "matched_mmsi": null, "matched_name": null, "dist_km": 12.58 }, "geometry": { "type": "Point", "coordinates": [ 15.454418945312501, 55.582543945312501 ] } },
{ "type": "Feature", "properties": { "confidence": 0.648, "dark_vessel": true, "matched_mmsi": null, "matched_name": null, "dist_km": 12.51 }, "geometry": { "type": "Point", "coordinates": [ 15.435229492187501, 55.5823974609375 ] } },
{ "type": "Feature", "properties": { "confidence": 0.645, "dark_vessel": true, "matched_mmsi": null, "matched_name": null, "dist_km": 12.57 }, "geometry": { "type": "Point", "coordinates": [ 15.450244140625001, 55.582324218749996 ] } },
{ "type": "Feature", "properties": { "confidence": 0.703, "dark_vessel": true, "matched_mmsi": null, "matched_name": null, "dist_km": 12.58 }, "geometry": { "type": "Point", "coordinates": [ 15.45126953125, 55.582324218749996 ] } },
{ "type": "Feature", "properties": { "confidence": 0.778, "dark_vessel": true, "matched_mmsi": null, "matched_name": null, "dist_km": 12.56 }, "geometry": { "type": "Point", "coordinates": [ 15.4431396484375, 55.582104492187497 ] } },
{ "type": "Feature", "properties": { "confidence": 0.658, "dark_vessel": true, "matched_mmsi": null, "matched_name": null, "dist_km": 12.56 }, "geometry": { "type": "Point", "coordinates": [ 15.4421142578125, 55.582104492187497 ] } },
{ "type": "Feature", "properties": { "confidence": 0.726, "dark_vessel": true, "matched_mmsi": null, "matched_name": null, "dist_km": 12.59 }, "geometry": { "type": "Point", "coordinates": [ 15.441235351562501, 55.581811523437501 ] } },
{ "type": "Feature", "properties": { "confidence": 0.594, "dark_vessel": true, "matched_mmsi": null, "matched_name": null, "dist_km": 12.76 }, "geometry": { "type": "Point", "coordinates": [ 15.394287109375, 55.581811523437501 ] } },
{ "type": "Feature", "properties": { "confidence": 0.712, "dark_vessel": true, "matched_mmsi": null, "matched_name": null, "dist_km": 12.6 }, "geometry": { "type": "Point", "coordinates": [ 15.4424072265625, 55.581738281249997 ] } },
{ "type": "Feature", "properties": { "confidence": 0.77, "dark_vessel": true, "matched_mmsi": null, "matched_name": null, "dist_km": 12.69 }, "geometry": { "type": "Point", "coordinates": [ 15.450390625, 55.581298828125 ] } },
{ "type": "Feature", "properties": { "confidence": 0.799, "dark_vessel": true, "matched_mmsi": null, "matched_name": null, "dist_km": 12.66 }, "geometry": { "type": "Point", "coordinates": [ 15.440283203125, 55.581152343749999 ] } },
{ "type": "Feature", "properties": { "confidence": 0.606, "dark_vessel": true, "matched_mmsi": null, "matched_name": null, "dist_km": 12.67 }, "geometry": { "type": "Point", "coordinates": [ 15.44775390625, 55.581372070312497 ] } },
{ "type": "Feature", "properties": { "confidence": 0.851, "dark_vessel": true, "matched_mmsi": null, "matched_name": null, "dist_km": 12.76 }, "geometry": { "type": "Point", "coordinates": [ 15.43896484375, 55.5802001953125 ] } },
{ "type": "Feature", "properties": { "confidence": 0.611, "dark_vessel": true, "matched_mmsi": null, "matched_name": null, "dist_km": 12.68 }, "geometry": { "type": "Point", "coordinates": [ 15.4422607421875, 55.581005859374997 ] } },
{ "type": "Feature", "properties": { "confidence": 0.635, "dark_vessel": true, "matched_mmsi": null, "matched_name": null, "dist_km": 12.7 }, "geometry": { "type": "Point", "coordinates": [ 15.4475341796875, 55.581079101562501 ] } },
{ "type": "Feature", "properties": { "confidence": 0.633, "dark_vessel": true, "matched_mmsi": null, "matched_name": null, "dist_km": 12.74 }, "geometry": { "type": "Point", "coordinates": [ 15.4473876953125, 55.580639648437497 ] } },
{ "type": "Feature", "properties": { "confidence": 0.625, "dark_vessel": true, "matched_mmsi": null, "matched_name": null, "dist_km": 12.75 }, "geometry": { "type": "Point", "coordinates": [ 15.4488525390625, 55.580639648437497 ] } },
{ "type": "Feature", "properties": { "confidence": 0.793, "dark_vessel": true, "matched_mmsi": null, "matched_name": null, "dist_km": 12.74 }, "geometry": { "type": "Point", "coordinates": [ 15.441967773437501, 55.580493164062496 ] } },
{ "type": "Feature", "properties": { "confidence": 0.664, "dark_vessel": true, "matched_mmsi": null, "matched_name": null, "dist_km": 12.74 }, "geometry": { "type": "Point", "coordinates": [ 15.442700195312501, 55.580493164062496 ] } },
{ "type": "Feature", "properties": { "confidence": 0.646, "dark_vessel": true, "matched_mmsi": null, "matched_name": null, "dist_km": 12.81 }, "geometry": { "type": "Point", "coordinates": [ 15.448925781250001, 55.580126953124996 ] } },
{ "type": "Feature", "properties": { "confidence": 0.644, "dark_vessel": true, "matched_mmsi": null, "matched_name": null, "dist_km": 12.82 }, "geometry": { "type": "Point", "coordinates": [ 15.4421142578125, 55.579760742187496 ] } },
{ "type": "Feature", "properties": { "confidence": 0.606, "dark_vessel": true, "matched_mmsi": null, "matched_name": null, "dist_km": 12.85 }, "geometry": { "type": "Point", "coordinates": [ 15.4486328125, 55.579760742187496 ] } },
{ "type": "Feature", "properties": { "confidence": 0.64, "dark_vessel": true, "matched_mmsi": null, "matched_name": null, "dist_km": 12.87 }, "geometry": { "type": "Point", "coordinates": [ 15.445703125, 55.5794677734375 ] } },
{ "type": "Feature", "properties": { "confidence": 0.646, "dark_vessel": true, "matched_mmsi": null, "matched_name": null, "dist_km": 12.89 }, "geometry": { "type": "Point", "coordinates": [ 15.4501708984375, 55.5794677734375 ] } },
{ "type": "Feature", "properties": { "confidence": 0.649, "dark_vessel": true, "matched_mmsi": null, "matched_name": null, "dist_km": 12.89 }, "geometry": { "type": "Point", "coordinates": [ 15.441162109375, 55.5791015625 ] } },
{ "type": "Feature", "properties": { "confidence": 0.649, "dark_vessel": true, "matched_mmsi": null, "matched_name": null, "dist_km": 12.87 }, "geometry": { "type": "Point", "coordinates": [ 15.4421875, 55.579321289062499 ] } },
{ "type": "Feature", "properties": { "confidence": 0.688, "dark_vessel": true, "matched_mmsi": null, "matched_name": null, "dist_km": 12.88 }, "geometry": { "type": "Point", "coordinates": [ 15.446215820312501, 55.579321289062499 ] } },
{ "type": "Feature", "properties": { "confidence": 0.59, "dark_vessel": true, "matched_mmsi": null, "matched_name": null, "dist_km": 12.89 }, "geometry": { "type": "Point", "coordinates": [ 15.44482421875, 55.579174804687497 ] } },
{ "type": "Feature", "properties": { "confidence": 0.626, "dark_vessel": true, "matched_mmsi": null, "matched_name": null, "dist_km": 12.91 }, "geometry": { "type": "Point", "coordinates": [ 15.444091796875, 55.579028320312496 ] } },
{ "type": "Feature", "properties": { "confidence": 0.66, "dark_vessel": true, "matched_mmsi": null, "matched_name": null, "dist_km": 12.92 }, "geometry": { "type": "Point", "coordinates": [ 15.442041015625, 55.578808593749997 ] } },
{ "type": "Feature", "properties": { "confidence": 0.696, "dark_vessel": true, "matched_mmsi": null, "matched_name": null, "dist_km": 12.98 }, "geometry": { "type": "Point", "coordinates": [ 15.451123046875001, 55.5787353515625 ] } },
{ "type": "Feature", "properties": { "confidence": 0.611, "dark_vessel": true, "matched_mmsi": null, "matched_name": null, "dist_km": 12.96 }, "geometry": { "type": "Point", "coordinates": [ 15.440722656250001, 55.578442382812497 ] } },
{ "type": "Feature", "properties": { "confidence": 0.777, "dark_vessel": true, "matched_mmsi": null, "matched_name": null, "dist_km": 13.08 }, "geometry": { "type": "Point", "coordinates": [ 15.4473876953125, 55.57763671875 ] } },
{ "type": "Feature", "properties": { "confidence": 0.607, "dark_vessel": true, "matched_mmsi": null, "matched_name": null, "dist_km": 14.31 }, "geometry": { "type": "Point", "coordinates": [ 15.478076171875001, 55.567163085937501 ] } },
{ "type": "Feature", "properties": { "confidence": 0.667, "dark_vessel": true, "matched_mmsi": null, "matched_name": null, "dist_km": 14.45 }, "geometry": { "type": "Point", "coordinates": [ 15.463720703125, 55.5662841796875 ] } },
{ "type": "Feature", "properties": { "confidence": 0.62, "dark_vessel": true, "matched_mmsi": null, "matched_name": null, "dist_km": 13.19 }, "geometry": { "type": "Point", "coordinates": [ 15.4230712890625, 55.565844726562503 ] } },
{ "type": "Feature", "properties": { "confidence": 0.65, "dark_vessel": true, "matched_mmsi": null, "matched_name": null, "dist_km": 13.13 }, "geometry": { "type": "Point", "coordinates": [ 15.422998046875, 55.565112304687503 ] } },
{ "type": "Feature", "properties": { "confidence": 0.642, "dark_vessel": true, "matched_mmsi": null, "matched_name": null, "dist_km": 14.39 }, "geometry": { "type": "Point", "coordinates": [ 15.453173828125001, 55.564672851562499 ] } },
{ "type": "Feature", "properties": { "confidence": 0.558, "dark_vessel": true, "matched_mmsi": null, "matched_name": null, "dist_km": 12.26 }, "geometry": { "type": "Point", "coordinates": [ 15.4027099609375, 55.564160156249997 ] } },
{ "type": "Feature", "properties": { "confidence": 0.568, "dark_vessel": true, "matched_mmsi": null, "matched_name": null, "dist_km": 12.08 }, "geometry": { "type": "Point", "coordinates": [ 15.399121093750001, 55.563647460937503 ] } },
{ "type": "Feature", "properties": { "confidence": 0.566, "dark_vessel": true, "matched_mmsi": null, "matched_name": null, "dist_km": 12.22 }, "geometry": { "type": "Point", "coordinates": [ 15.4032958984375, 55.563500976562501 ] } },
{ "type": "Feature", "properties": { "confidence": 0.662, "dark_vessel": true, "matched_mmsi": null, "matched_name": null, "dist_km": 12.01 }, "geometry": { "type": "Point", "coordinates": [ 15.3983154296875, 55.563208007812499 ] } },
{ "type": "Feature", "properties": { "confidence": 0.633, "dark_vessel": true, "matched_mmsi": null, "matched_name": null, "dist_km": 12.05 }, "geometry": { "type": "Point", "coordinates": [ 15.399707031250001, 55.563061523437497 ] } },
{ "type": "Feature", "properties": { "confidence": 0.754, "dark_vessel": true, "matched_mmsi": null, "matched_name": null, "dist_km": 12.0 }, "geometry": { "type": "Point", "coordinates": [ 15.3999267578125, 55.562475585937499 ] } },
{ "type": "Feature", "properties": { "confidence": 0.725, "dark_vessel": true, "matched_mmsi": null, "matched_name": null, "dist_km": 11.87 }, "geometry": { "type": "Point", "coordinates": [ 15.398242187500001, 55.561669921875001 ] } },
{ "type": "Feature", "properties": { "confidence": 0.671, "dark_vessel": true, "matched_mmsi": null, "matched_name": null, "dist_km": 11.92 }, "geometry": { "type": "Point", "coordinates": [ 15.399267578125, 55.561816406250003 ] } },
{ "type": "Feature", "properties": { "confidence": 0.649, "dark_vessel": true, "matched_mmsi": null, "matched_name": null, "dist_km": 11.94 }, "geometry": { "type": "Point", "coordinates": [ 15.4018310546875, 55.561010742187499 ] } },
{ "type": "Feature", "properties": { "confidence": 0.746, "dark_vessel": true, "matched_mmsi": null, "matched_name": null, "dist_km": 11.72 }, "geometry": { "type": "Point", "coordinates": [ 15.398242187500001, 55.56005859375 ] } },
{ "type": "Feature", "properties": { "confidence": 0.672, "dark_vessel": true, "matched_mmsi": null, "matched_name": null, "dist_km": 12.46 }, "geometry": { "type": "Point", "coordinates": [ 15.4166259765625, 55.560278320312499 ] } },
{ "type": "Feature", "properties": { "confidence": 0.608, "dark_vessel": true, "matched_mmsi": null, "matched_name": null, "dist_km": 11.77 }, "geometry": { "type": "Point", "coordinates": [ 15.3991943359375, 55.560131835937497 ] } },
{ "type": "Feature", "properties": { "confidence": 0.674, "dark_vessel": true, "matched_mmsi": null, "matched_name": null, "dist_km": 12.39 }, "geometry": { "type": "Point", "coordinates": [ 15.415234375, 55.560131835937497 ] } },
{ "type": "Feature", "properties": { "confidence": 0.667, "dark_vessel": true, "matched_mmsi": null, "matched_name": null, "dist_km": 11.86 }, "geometry": { "type": "Point", "coordinates": [ 15.4019775390625, 55.559985351562503 ] } },
{ "type": "Feature", "properties": { "confidence": 0.64, "dark_vessel": true, "matched_mmsi": null, "matched_name": null, "dist_km": 12.32 }, "geometry": { "type": "Point", "coordinates": [ 15.414208984375, 55.559765625 ] } },
{ "type": "Feature", "properties": { "confidence": 0.908, "dark_vessel": true, "matched_mmsi": null, "matched_name": null, "dist_km": 11.77 }, "geometry": { "type": "Point", "coordinates": [ 15.401538085937501, 55.559179687499999 ] } },
{ "type": "Feature", "properties": { "confidence": 0.626, "dark_vessel": true, "matched_mmsi": null, "matched_name": null, "dist_km": 11.69 }, "geometry": { "type": "Point", "coordinates": [ 15.4, 55.5589599609375 ] } },
{ "type": "Feature", "properties": { "confidence": 0.724, "dark_vessel": true, "matched_mmsi": null, "matched_name": null, "dist_km": 11.6 }, "geometry": { "type": "Point", "coordinates": [ 15.398754882812501, 55.558447265624999 ] } },
{ "type": "Feature", "properties": { "confidence": 0.626, "dark_vessel": true, "matched_mmsi": null, "matched_name": null, "dist_km": 11.73 }, "geometry": { "type": "Point", "coordinates": [ 15.401611328125, 55.558666992187497 ] } },
{ "type": "Feature", "properties": { "confidence": 0.69, "dark_vessel": true, "matched_mmsi": null, "matched_name": null, "dist_km": 11.69 }, "geometry": { "type": "Point", "coordinates": [ 15.401025390625, 55.558447265624999 ] } },
{ "type": "Feature", "properties": { "confidence": 0.771, "dark_vessel": true, "matched_mmsi": null, "matched_name": null, "dist_km": 11.66 }, "geometry": { "type": "Point", "coordinates": [ 15.40146484375, 55.558007812500001 ] } },
{ "type": "Feature", "properties": { "confidence": 0.787, "dark_vessel": true, "matched_mmsi": null, "matched_name": null, "dist_km": 11.47 }, "geometry": { "type": "Point", "coordinates": [ 15.4012451171875, 55.555883789062499 ] } },
{ "type": "Feature", "properties": { "confidence": 0.699, "dark_vessel": true, "matched_mmsi": null, "matched_name": null, "dist_km": 11.54 }, "geometry": { "type": "Point", "coordinates": [ 15.3996337890625, 55.557421875 ] } },
{ "type": "Feature", "properties": { "confidence": 0.617, "dark_vessel": true, "matched_mmsi": null, "matched_name": null, "dist_km": 11.43 }, "geometry": { "type": "Point", "coordinates": [ 15.3997802734375, 55.556103515624997 ] } },
{ "type": "Feature", "properties": { "confidence": 0.82, "dark_vessel": true, "matched_mmsi": null, "matched_name": null, "dist_km": 11.53 }, "geometry": { "type": "Point", "coordinates": [ 15.403076171875, 55.555810546875001 ] } },
{ "type": "Feature", "properties": { "confidence": 0.618, "dark_vessel": true, "matched_mmsi": null, "matched_name": null, "dist_km": 11.47 }, "geometry": { "type": "Point", "coordinates": [ 15.403076171875, 55.555078125 ] } },
{ "type": "Feature", "properties": { "confidence": 0.805, "dark_vessel": true, "matched_mmsi": null, "matched_name": null, "dist_km": 11.4 }, "geometry": { "type": "Point", "coordinates": [ 15.4034423828125, 55.554052734374999 ] } },
{ "type": "Feature", "properties": { "confidence": 0.873, "dark_vessel": true, "matched_mmsi": null, "matched_name": null, "dist_km": 11.34 }, "geometry": { "type": "Point", "coordinates": [ 15.4025634765625, 55.553759765625003 ] } },
{ "type": "Feature", "properties": { "confidence": 0.602, "dark_vessel": true, "matched_mmsi": null, "matched_name": null, "dist_km": 11.3 }, "geometry": { "type": "Point", "coordinates": [ 15.403662109375, 55.552807617187497 ] } },
{ "type": "Feature", "properties": { "confidence": 0.677, "dark_vessel": true, "matched_mmsi": null, "matched_name": null, "dist_km": 11.33 }, "geometry": { "type": "Point", "coordinates": [ 15.404467773437501, 55.552734375 ] } },
{ "type": "Feature", "properties": { "confidence": 0.654, "dark_vessel": true, "matched_mmsi": null, "matched_name": null, "dist_km": 10.48 }, "geometry": { "type": "Point", "coordinates": [ 15.532788085937501, 55.545190429687501 ] } },
{ "type": "Feature", "properties": { "confidence": 0.613, "dark_vessel": true, "matched_mmsi": null, "matched_name": null, "dist_km": 10.3 }, "geometry": { "type": "Point", "coordinates": [ 15.535571289062501, 55.544897460937499 ] } },
{ "type": "Feature", "properties": { "confidence": 0.758, "dark_vessel": true, "matched_mmsi": null, "matched_name": null, "dist_km": 10.23 }, "geometry": { "type": "Point", "coordinates": [ 15.5365966796875, 55.544238281250003 ] } },
{ "type": "Feature", "properties": { "confidence": 0.676, "dark_vessel": true, "matched_mmsi": null, "matched_name": null, "dist_km": 9.96 }, "geometry": { "type": "Point", "coordinates": [ 15.540771484375, 55.543798828124999 ] } },
{ "type": "Feature", "properties": { "confidence": 0.737, "dark_vessel": true, "matched_mmsi": null, "matched_name": null, "dist_km": 10.1 }, "geometry": { "type": "Point", "coordinates": [ 15.393115234375001, 55.543725585937501 ] } },
{ "type": "Feature", "properties": { "confidence": 0.652, "dark_vessel": true, "matched_mmsi": null, "matched_name": null, "dist_km": 10.28 }, "geometry": { "type": "Point", "coordinates": [ 15.53564453125, 55.543725585937501 ] } },
{ "type": "Feature", "properties": { "confidence": 0.674, "dark_vessel": true, "matched_mmsi": null, "matched_name": null, "dist_km": 10.11 }, "geometry": { "type": "Point", "coordinates": [ 15.3945068359375, 55.543139648437503 ] } },
{ "type": "Feature", "properties": { "confidence": 0.661, "dark_vessel": true, "matched_mmsi": null, "matched_name": null, "dist_km": 10.08 }, "geometry": { "type": "Point", "coordinates": [ 15.5387939453125, 55.542993164062501 ] } },
{ "type": "Feature", "properties": { "confidence": 0.676, "dark_vessel": true, "matched_mmsi": null, "matched_name": null, "dist_km": 10.06 }, "geometry": { "type": "Point", "coordinates": [ 15.3945068359375, 55.542553710937497 ] } },
{ "type": "Feature", "properties": { "confidence": 0.759, "dark_vessel": true, "matched_mmsi": null, "matched_name": null, "dist_km": 10.1 }, "geometry": { "type": "Point", "coordinates": [ 15.395166015625, 55.542700195312499 ] } },
{ "type": "Feature", "properties": { "confidence": 0.883, "dark_vessel": true, "matched_mmsi": null, "matched_name": null, "dist_km": 10.04 }, "geometry": { "type": "Point", "coordinates": [ 15.39560546875, 55.541748046875 ] } },
{ "type": "Feature", "properties": { "confidence": 0.598, "dark_vessel": true, "matched_mmsi": null, "matched_name": null, "dist_km": 12.0 }, "geometry": { "type": "Point", "coordinates": [ 15.508105468750001, 55.5421142578125 ] } },
{ "type": "Feature", "properties": { "confidence": 0.639, "dark_vessel": true, "matched_mmsi": null, "matched_name": null, "dist_km": 10.0 }, "geometry": { "type": "Point", "coordinates": [ 15.3945068359375, 55.541894531250001 ] } },
{ "type": "Feature", "properties": { "confidence": 0.696, "dark_vessel": true, "matched_mmsi": null, "matched_name": null, "dist_km": 10.07 }, "geometry": { "type": "Point", "coordinates": [ 15.397875976562501, 55.540942382812503 ] } },
{ "type": "Feature", "properties": { "confidence": 0.712, "dark_vessel": true, "matched_mmsi": null, "matched_name": null, "dist_km": 9.94 }, "geometry": { "type": "Point", "coordinates": [ 15.3953857421875, 55.5406494140625 ] } },
{ "type": "Feature", "properties": { "confidence": 0.761, "dark_vessel": true, "matched_mmsi": null, "matched_name": null, "dist_km": 9.94 }, "geometry": { "type": "Point", "coordinates": [ 15.396777343750001, 55.5399169921875 ] } },
{ "type": "Feature", "properties": { "confidence": 0.621, "dark_vessel": true, "matched_mmsi": null, "matched_name": null, "dist_km": 11.15 }, "geometry": { "type": "Point", "coordinates": [ 15.521435546875001, 55.5406494140625 ] } },
{ "type": "Feature", "properties": { "confidence": 0.687, "dark_vessel": true, "matched_mmsi": null, "matched_name": null, "dist_km": 11.14 }, "geometry": { "type": "Point", "coordinates": [ 15.52158203125, 55.540209960937503 ] } },
{ "type": "Feature", "properties": { "confidence": 0.801, "dark_vessel": true, "matched_mmsi": null, "matched_name": null, "dist_km": 9.98 }, "geometry": { "type": "Point", "coordinates": [ 15.39765625, 55.539990234374997 ] } },
{ "type": "Feature", "properties": { "confidence": 0.718, "dark_vessel": true, "matched_mmsi": null, "matched_name": null, "dist_km": 10.06 }, "geometry": { "type": "Point", "coordinates": [ 15.3994140625, 55.539990234374997 ] } },
{ "type": "Feature", "properties": { "confidence": 0.74, "dark_vessel": true, "matched_mmsi": null, "matched_name": null, "dist_km": 10.0 }, "geometry": { "type": "Point", "coordinates": [ 15.398388671875001, 55.539770507812499 ] } },
{ "type": "Feature", "properties": { "confidence": 0.638, "dark_vessel": true, "matched_mmsi": null, "matched_name": null, "dist_km": 12.07 }, "geometry": { "type": "Point", "coordinates": [ 15.506640625, 55.539697265625001 ] } },
{ "type": "Feature", "properties": { "confidence": 0.636, "dark_vessel": true, "matched_mmsi": null, "matched_name": null, "dist_km": 11.09 }, "geometry": { "type": "Point", "coordinates": [ 15.522314453125, 55.539770507812499 ] } },
{ "type": "Feature", "properties": { "confidence": 0.803, "dark_vessel": true, "matched_mmsi": null, "matched_name": null, "dist_km": 9.91 }, "geometry": { "type": "Point", "coordinates": [ 15.397875976562501, 55.538964843750001 ] } },
{ "type": "Feature", "properties": { "confidence": 0.615, "dark_vessel": true, "matched_mmsi": null, "matched_name": null, "dist_km": 9.95 }, "geometry": { "type": "Point", "coordinates": [ 15.3989013671875, 55.538891601562497 ] } },
{ "type": "Feature", "properties": { "confidence": 0.721, "dark_vessel": true, "matched_mmsi": null, "matched_name": null, "dist_km": 9.85 }, "geometry": { "type": "Point", "coordinates": [ 15.396923828125001, 55.538745117187503 ] } },
{ "type": "Feature", "properties": { "confidence": 0.612, "dark_vessel": true, "matched_mmsi": null, "matched_name": null, "dist_km": 12.15 }, "geometry": { "type": "Point", "coordinates": [ 15.505322265625001, 55.538525390624997 ] } },
{ "type": "Feature", "properties": { "confidence": 0.797, "dark_vessel": true, "matched_mmsi": null, "matched_name": null, "dist_km": 9.81 }, "geometry": { "type": "Point", "coordinates": [ 15.3975830078125, 55.537866210937501 ] } },
{ "type": "Feature", "properties": { "confidence": 0.65, "dark_vessel": true, "matched_mmsi": null, "matched_name": null, "dist_km": 10.08 }, "geometry": { "type": "Point", "coordinates": [ 15.4034423828125, 55.537939453124999 ] } },
{ "type": "Feature", "properties": { "confidence": 0.603, "dark_vessel": true, "matched_mmsi": null, "matched_name": null, "dist_km": 9.72 }, "geometry": { "type": "Point", "coordinates": [ 15.3967041015625, 55.537280273437503 ] } },
{ "type": "Feature", "properties": { "confidence": 0.62, "dark_vessel": true, "matched_mmsi": null, "matched_name": null, "dist_km": 10.32 }, "geometry": { "type": "Point", "coordinates": [ 15.4098876953125, 55.537207031249999 ] } },
{ "type": "Feature", "properties": { "confidence": 0.583, "dark_vessel": true, "matched_mmsi": null, "matched_name": null, "dist_km": 5.39 }, "geometry": { "type": "Point", "coordinates": [ 15.261791992187501, 55.537133789062501 ] } },
{ "type": "Feature", "properties": { "confidence": 0.71, "dark_vessel": true, "matched_mmsi": null, "matched_name": null, "dist_km": 9.74 }, "geometry": { "type": "Point", "coordinates": [ 15.397802734375, 55.536840820312499 ] } },
{ "type": "Feature", "properties": { "confidence": 0.602, "dark_vessel": true, "matched_mmsi": null, "matched_name": null, "dist_km": 10.26 }, "geometry": { "type": "Point", "coordinates": [ 15.409008789062501, 55.5369873046875 ] } },
{ "type": "Feature", "properties": { "confidence": 0.715, "dark_vessel": true, "matched_mmsi": null, "matched_name": null, "dist_km": 9.76 }, "geometry": { "type": "Point", "coordinates": [ 15.3984619140625, 55.536767578125001 ] } },
{ "type": "Feature", "properties": { "confidence": 0.687, "dark_vessel": true, "matched_mmsi": null, "matched_name": null, "dist_km": 9.8 }, "geometry": { "type": "Point", "coordinates": [ 15.399340820312501, 55.536767578125001 ] } },
{ "type": "Feature", "properties": { "confidence": 0.746, "dark_vessel": true, "matched_mmsi": null, "matched_name": null, "dist_km": 9.85 }, "geometry": { "type": "Point", "coordinates": [ 15.401025390625, 55.536401367187501 ] } },
{ "type": "Feature", "properties": { "confidence": 0.611, "dark_vessel": true, "matched_mmsi": null, "matched_name": null, "dist_km": 10.27 }, "geometry": { "type": "Point", "coordinates": [ 15.410327148437501, 55.5362548828125 ] } },
{ "type": "Feature", "properties": { "confidence": 0.726, "dark_vessel": true, "matched_mmsi": null, "matched_name": null, "dist_km": 9.87 }, "geometry": { "type": "Point", "coordinates": [ 15.4021240234375, 55.536035156250001 ] } },
{ "type": "Feature", "properties": { "confidence": 0.733, "dark_vessel": true, "matched_mmsi": null, "matched_name": null, "dist_km": 9.77 }, "geometry": { "type": "Point", "coordinates": [ 15.4003662109375, 55.535815429687503 ] } },
{ "type": "Feature", "properties": { "confidence": 0.692, "dark_vessel": true, "matched_mmsi": null, "matched_name": null, "dist_km": 9.82 }, "geometry": { "type": "Point", "coordinates": [ 15.402197265625, 55.535302734375001 ] } },
{ "type": "Feature", "properties": { "confidence": 0.607, "dark_vessel": true, "matched_mmsi": null, "matched_name": null, "dist_km": 9.73 }, "geometry": { "type": "Point", "coordinates": [ 15.4010986328125, 55.5347900390625 ] } },
{ "type": "Feature", "properties": { "confidence": 0.598, "dark_vessel": true, "matched_mmsi": null, "matched_name": null, "dist_km": 9.77 }, "geometry": { "type": "Point", "coordinates": [ 15.4017578125, 55.534936523437501 ] } },
{ "type": "Feature", "properties": { "confidence": 0.656, "dark_vessel": true, "matched_mmsi": null, "matched_name": null, "dist_km": 7.38 }, "geometry": { "type": "Point", "coordinates": [ 15.3398681640625, 55.534497070312497 ] } },
{ "type": "Feature", "properties": { "confidence": 0.71, "dark_vessel": true, "matched_mmsi": null, "matched_name": null, "dist_km": 9.55 }, "geometry": { "type": "Point", "coordinates": [ 15.398095703125, 55.534277343749999 ] } },
{ "type": "Feature", "properties": { "confidence": 0.698, "dark_vessel": true, "matched_mmsi": null, "matched_name": null, "dist_km": 9.72 }, "geometry": { "type": "Point", "coordinates": [ 15.401904296875001, 55.534204101562501 ] } },
{ "type": "Feature", "properties": { "confidence": 0.623, "dark_vessel": true, "matched_mmsi": null, "matched_name": null, "dist_km": 9.65 }, "geometry": { "type": "Point", "coordinates": [ 15.4006591796875, 55.5340576171875 ] } },
{ "type": "Feature", "properties": { "confidence": 0.605, "dark_vessel": true, "matched_mmsi": null, "matched_name": null, "dist_km": 9.48 }, "geometry": { "type": "Point", "coordinates": [ 15.397290039062501, 55.533837890625001 ] } },
{ "type": "Feature", "properties": { "confidence": 0.604, "dark_vessel": true, "matched_mmsi": null, "matched_name": null, "dist_km": 9.71 }, "geometry": { "type": "Point", "coordinates": [ 15.402416992187501, 55.533764648437497 ] } },
{ "type": "Feature", "properties": { "confidence": 0.664, "dark_vessel": true, "matched_mmsi": null, "matched_name": null, "dist_km": 9.59 }, "geometry": { "type": "Point", "coordinates": [ 15.4, 55.533618164062503 ] } },
{ "type": "Feature", "properties": { "confidence": 0.725, "dark_vessel": true, "matched_mmsi": null, "matched_name": null, "dist_km": 9.4 }, "geometry": { "type": "Point", "coordinates": [ 15.3975830078125, 55.5325927734375 ] } },
{ "type": "Feature", "properties": { "confidence": 0.835, "dark_vessel": true, "matched_mmsi": null, "matched_name": null, "dist_km": 10.4 }, "geometry": { "type": "Point", "coordinates": [ 15.53330078125, 55.530541992187501 ] } },
{ "type": "Feature", "properties": { "confidence": 0.778, "dark_vessel": true, "matched_mmsi": null, "matched_name": null, "dist_km": 10.25 }, "geometry": { "type": "Point", "coordinates": [ 15.535717773437501, 55.530102539062497 ] } },
{ "type": "Feature", "properties": { "confidence": 0.604, "dark_vessel": true, "matched_mmsi": null, "matched_name": null, "dist_km": 10.29 }, "geometry": { "type": "Point", "coordinates": [ 15.5351318359375, 55.529736328124997 ] } },
{ "type": "Feature", "properties": { "confidence": 0.704, "dark_vessel": true, "matched_mmsi": null, "matched_name": null, "dist_km": 9.57 }, "geometry": { "type": "Point", "coordinates": [ 15.546484375, 55.529736328124997 ] } },
{ "type": "Feature", "properties": { "confidence": 0.608, "dark_vessel": true, "matched_mmsi": null, "matched_name": null, "dist_km": 10.19 }, "geometry": { "type": "Point", "coordinates": [ 15.536669921875001, 55.5296630859375 ] } },
{ "type": "Feature", "properties": { "confidence": 0.576, "dark_vessel": true, "matched_mmsi": null, "matched_name": null, "dist_km": 10.41 }, "geometry": { "type": "Point", "coordinates": [ 15.533227539062501, 55.529296875 ] } },
{ "type": "Feature", "properties": { "confidence": 0.689, "dark_vessel": true, "matched_mmsi": null, "matched_name": null, "dist_km": 10.37 }, "geometry": { "type": "Point", "coordinates": [ 15.5338134765625, 55.529223632812503 ] } },
{ "type": "Feature", "properties": { "confidence": 0.831, "dark_vessel": true, "matched_mmsi": null, "matched_name": null, "dist_km": 9.56 }, "geometry": { "type": "Point", "coordinates": [ 15.5468505859375, 55.5289306640625 ] } },
{ "type": "Feature", "properties": { "confidence": 0.679, "dark_vessel": true, "matched_mmsi": null, "matched_name": null, "dist_km": 6.16 }, "geometry": { "type": "Point", "coordinates": [ 15.308154296874999, 55.529077148437501 ] } },
{ "type": "Feature", "properties": { "confidence": 0.648, "dark_vessel": true, "matched_mmsi": null, "matched_name": null, "dist_km": 10.24 }, "geometry": { "type": "Point", "coordinates": [ 15.5360107421875, 55.529077148437501 ] } },
{ "type": "Feature", "properties": { "confidence": 0.807, "dark_vessel": true, "matched_mmsi": null, "matched_name": null, "dist_km": 10.19 }, "geometry": { "type": "Point", "coordinates": [ 15.536669921875001, 55.529077148437501 ] } },
{ "type": "Feature", "properties": { "confidence": 0.778, "dark_vessel": true, "matched_mmsi": null, "matched_name": null, "dist_km": 10.32 }, "geometry": { "type": "Point", "coordinates": [ 15.534619140625001, 55.5289306640625 ] } },
{ "type": "Feature", "properties": { "confidence": 0.804, "dark_vessel": true, "matched_mmsi": null, "matched_name": null, "dist_km": 10.24 }, "geometry": { "type": "Point", "coordinates": [ 15.5360107421875, 55.528564453125 ] } },
{ "type": "Feature", "properties": { "confidence": 0.6, "dark_vessel": true, "matched_mmsi": null, "matched_name": null, "dist_km": 10.15 }, "geometry": { "type": "Point", "coordinates": [ 15.537402343750001, 55.528857421875003 ] } },
{ "type": "Feature", "properties": { "confidence": 0.725, "dark_vessel": true, "matched_mmsi": null, "matched_name": null, "dist_km": 10.03 }, "geometry": { "type": "Point", "coordinates": [ 15.539379882812501, 55.528710937500001 ] } },
{ "type": "Feature", "properties": { "confidence": 0.762, "dark_vessel": true, "matched_mmsi": null, "matched_name": null, "dist_km": 9.57 }, "geometry": { "type": "Point", "coordinates": [ 15.546630859375, 55.528564453125 ] } },
{ "type": "Feature", "properties": { "confidence": 0.61, "dark_vessel": true, "matched_mmsi": null, "matched_name": null, "dist_km": 10.55 }, "geometry": { "type": "Point", "coordinates": [ 15.531103515625, 55.528637695312497 ] } },
{ "type": "Feature", "properties": { "confidence": 0.776, "dark_vessel": true, "matched_mmsi": null, "matched_name": null, "dist_km": 10.06 }, "geometry": { "type": "Point", "coordinates": [ 15.5389404296875, 55.528125 ] } },
{ "type": "Feature", "properties": { "confidence": 0.681, "dark_vessel": true, "matched_mmsi": null, "matched_name": null, "dist_km": 9.98 }, "geometry": { "type": "Point", "coordinates": [ 15.5402587890625, 55.528344726562501 ] } },
{ "type": "Feature", "properties": { "confidence": 0.622, "dark_vessel": true, "matched_mmsi": null, "matched_name": null, "dist_km": 10.45 }, "geometry": { "type": "Point", "coordinates": [ 15.53271484375, 55.528051757812499 ] } },
{ "type": "Feature", "properties": { "confidence": 0.611, "dark_vessel": true, "matched_mmsi": null, "matched_name": null, "dist_km": 9.68 }, "geometry": { "type": "Point", "coordinates": [ 15.545092773437501, 55.527978515625001 ] } },
{ "type": "Feature", "properties": { "confidence": 0.625, "dark_vessel": true, "matched_mmsi": null, "matched_name": null, "dist_km": 11.65 }, "geometry": { "type": "Point", "coordinates": [ 15.513598632812501, 55.527905273437497 ] } },
{ "type": "Feature", "properties": { "confidence": 0.668, "dark_vessel": true, "matched_mmsi": null, "matched_name": null, "dist_km": 10.16 }, "geometry": { "type": "Point", "coordinates": [ 15.537402343750001, 55.52783203125 ] } },
{ "type": "Feature", "properties": { "confidence": 0.699, "dark_vessel": true, "matched_mmsi": null, "matched_name": null, "dist_km": 11.61 }, "geometry": { "type": "Point", "coordinates": [ 15.5142578125, 55.527758789062503 ] } },
{ "type": "Feature", "properties": { "confidence": 0.719, "dark_vessel": true, "matched_mmsi": null, "matched_name": null, "dist_km": 10.51 }, "geometry": { "type": "Point", "coordinates": [ 15.5318359375, 55.527758789062503 ] } },
{ "type": "Feature", "properties": { "confidence": 0.776, "dark_vessel": true, "matched_mmsi": null, "matched_name": null, "dist_km": 9.84 }, "geometry": { "type": "Point", "coordinates": [ 15.5424560546875, 55.527685546874999 ] } },
{ "type": "Feature", "properties": { "confidence": 0.595, "dark_vessel": true, "matched_mmsi": null, "matched_name": null, "dist_km": 10.25 }, "geometry": { "type": "Point", "coordinates": [ 15.5360107421875, 55.527612304687501 ] } },
{ "type": "Feature", "properties": { "confidence": 0.693, "dark_vessel": true, "matched_mmsi": null, "matched_name": null, "dist_km": 9.77 }, "geometry": { "type": "Point", "coordinates": [ 15.543627929687501, 55.527392578125003 ] } },
{ "type": "Feature", "properties": { "confidence": 0.775, "dark_vessel": true, "matched_mmsi": null, "matched_name": null, "dist_km": 9.6 }, "geometry": { "type": "Point", "coordinates": [ 15.546337890625001, 55.5274658203125 ] } },
{ "type": "Feature", "properties": { "confidence": 0.63, "dark_vessel": true, "matched_mmsi": null, "matched_name": null, "dist_km": 10.3 }, "geometry": { "type": "Point", "coordinates": [ 15.5352783203125, 55.527246093750001 ] } },
{ "type": "Feature", "properties": { "confidence": 0.598, "dark_vessel": true, "matched_mmsi": null, "matched_name": null, "dist_km": 11.62 }, "geometry": { "type": "Point", "coordinates": [ 15.5142578125, 55.5267333984375 ] } },
{ "type": "Feature", "properties": { "confidence": 0.654, "dark_vessel": true, "matched_mmsi": null, "matched_name": null, "dist_km": 10.25 }, "geometry": { "type": "Point", "coordinates": [ 15.536157226562501, 55.526513671875001 ] } },
{ "type": "Feature", "properties": { "confidence": 0.725, "dark_vessel": true, "matched_mmsi": null, "matched_name": null, "dist_km": 9.59 }, "geometry": { "type": "Point", "coordinates": [ 15.546777343750001, 55.526220703124999 ] } },
{ "type": "Feature", "properties": { "confidence": 0.667, "dark_vessel": true, "matched_mmsi": null, "matched_name": null, "dist_km": 11.97 }, "geometry": { "type": "Point", "coordinates": [ 15.508837890625001, 55.52578125 ] } },
{ "type": "Feature", "properties": { "confidence": 0.624, "dark_vessel": true, "matched_mmsi": null, "matched_name": null, "dist_km": 10.1 }, "geometry": { "type": "Point", "coordinates": [ 15.53857421875, 55.526147460937501 ] } },
{ "type": "Feature", "properties": { "confidence": 0.683, "dark_vessel": true, "matched_mmsi": null, "matched_name": null, "dist_km": 12.15 }, "geometry": { "type": "Point", "coordinates": [ 15.505908203125001, 55.5260009765625 ] } },
{ "type": "Feature", "properties": { "confidence": 0.6, "dark_vessel": true, "matched_mmsi": null, "matched_name": null, "dist_km": 12.19 }, "geometry": { "type": "Point", "coordinates": [ 15.5052490234375, 55.525854492187499 ] } },
{ "type": "Feature", "properties": { "confidence": 0.677, "dark_vessel": true, "matched_mmsi": null, "matched_name": null, "dist_km": 11.62 }, "geometry": { "type": "Point", "coordinates": [ 15.514404296875, 55.52578125 ] } },
{ "type": "Feature", "properties": { "confidence": 0.689, "dark_vessel": true, "matched_mmsi": null, "matched_name": null, "dist_km": 11.44 }, "geometry": { "type": "Point", "coordinates": [ 15.517333984375, 55.525341796874997 ] } },
{ "type": "Feature", "properties": { "confidence": 0.783, "dark_vessel": true, "matched_mmsi": null, "matched_name": null, "dist_km": 11.34 }, "geometry": { "type": "Point", "coordinates": [ 15.518945312500001, 55.525195312500003 ] } },
{ "type": "Feature", "properties": { "confidence": 0.759, "dark_vessel": true, "matched_mmsi": null, "matched_name": null, "dist_km": 11.29 }, "geometry": { "type": "Point", "coordinates": [ 15.5197509765625, 55.5252685546875 ] } },
{ "type": "Feature", "properties": { "confidence": 0.574, "dark_vessel": true, "matched_mmsi": null, "matched_name": null, "dist_km": 11.39 }, "geometry": { "type": "Point", "coordinates": [ 15.518139648437501, 55.525122070312499 ] } },
{ "type": "Feature", "properties": { "confidence": 0.665, "dark_vessel": true, "matched_mmsi": null, "matched_name": null, "dist_km": 11.24 }, "geometry": { "type": "Point", "coordinates": [ 15.520556640625001, 55.524975585937497 ] } },
{ "type": "Feature", "properties": { "confidence": 0.65, "dark_vessel": true, "matched_mmsi": null, "matched_name": null, "dist_km": 11.49 }, "geometry": { "type": "Point", "coordinates": [ 15.516748046875001, 55.524609375 ] } },
{ "type": "Feature", "properties": { "confidence": 0.639, "dark_vessel": true, "matched_mmsi": null, "matched_name": null, "dist_km": 11.42 }, "geometry": { "type": "Point", "coordinates": [ 15.517846679687501, 55.524682617187501 ] } },
{ "type": "Feature", "properties": { "confidence": 0.629, "dark_vessel": true, "matched_mmsi": null, "matched_name": null, "dist_km": 10.28 }, "geometry": { "type": "Point", "coordinates": [ 15.536083984375001, 55.5245361328125 ] } },
{ "type": "Feature", "properties": { "confidence": 0.608, "dark_vessel": true, "matched_mmsi": null, "matched_name": null, "dist_km": 10.25 }, "geometry": { "type": "Point", "coordinates": [ 15.536523437500001, 55.524243164062497 ] } },
{ "type": "Feature", "properties": { "confidence": 0.601, "dark_vessel": true, "matched_mmsi": null, "matched_name": null, "dist_km": 11.22 }, "geometry": { "type": "Point", "coordinates": [ 15.521142578125001, 55.524023437499999 ] } },
{ "type": "Feature", "properties": { "confidence": 0.64, "dark_vessel": true, "matched_mmsi": null, "matched_name": null, "dist_km": 13.33 }, "geometry": { "type": "Point", "coordinates": [ 15.487377929687501, 55.523950195312501 ] } },
{ "type": "Feature", "properties": { "confidence": 0.575, "dark_vessel": true, "matched_mmsi": null, "matched_name": null, "dist_km": 10.32 }, "geometry": { "type": "Point", "coordinates": [ 15.535571289062501, 55.523730468750003 ] } },
{ "type": "Feature", "properties": { "confidence": 0.678, "dark_vessel": true, "matched_mmsi": null, "matched_name": null, "dist_km": 11.23 }, "geometry": { "type": "Point", "coordinates": [ 15.521142578125001, 55.5234375 ] } },
{ "type": "Feature", "properties": { "confidence": 0.668, "dark_vessel": true, "matched_mmsi": null, "matched_name": null, "dist_km": 12.89 }, "geometry": { "type": "Point", "coordinates": [ 15.494555664062501, 55.523291015624999 ] } },
{ "type": "Feature", "properties": { "confidence": 0.663, "dark_vessel": true, "matched_mmsi": null, "matched_name": null, "dist_km": 12.83 }, "geometry": { "type": "Point", "coordinates": [ 15.495507812500001, 55.523364257812503 ] } },
{ "type": "Feature", "properties": { "confidence": 0.568, "dark_vessel": true, "matched_mmsi": null, "matched_name": null, "dist_km": 11.52 }, "geometry": { "type": "Point", "coordinates": [ 15.516528320312501, 55.523291015624999 ] } },
{ "type": "Feature", "properties": { "confidence": 0.676, "dark_vessel": true, "matched_mmsi": null, "matched_name": null, "dist_km": 11.16 }, "geometry": { "type": "Point", "coordinates": [ 15.522241210937501, 55.523217773437501 ] } },
{ "type": "Feature", "properties": { "confidence": 0.614, "dark_vessel": true, "matched_mmsi": null, "matched_name": null, "dist_km": 11.14 }, "geometry": { "type": "Point", "coordinates": [ 15.522607421875001, 55.522778320312497 ] } },
{ "type": "Feature", "properties": { "confidence": 0.75, "dark_vessel": true, "matched_mmsi": null, "matched_name": null, "dist_km": 11.16 }, "geometry": { "type": "Point", "coordinates": [ 15.5224609375, 55.522265625 ] } },
{ "type": "Feature", "properties": { "confidence": 0.735, "dark_vessel": true, "matched_mmsi": null, "matched_name": null, "dist_km": 11.13 }, "geometry": { "type": "Point", "coordinates": [ 15.523046875, 55.52197265625 ] } },
{ "type": "Feature", "properties": { "confidence": 0.704, "dark_vessel": true, "matched_mmsi": null, "matched_name": null, "dist_km": 11.3 }, "geometry": { "type": "Point", "coordinates": [ 15.5204833984375, 55.521313476562497 ] } },
{ "type": "Feature", "properties": { "confidence": 0.699, "dark_vessel": true, "matched_mmsi": null, "matched_name": null, "dist_km": 11.26 }, "geometry": { "type": "Point", "coordinates": [ 15.521142578125001, 55.52109375 ] } },
{ "type": "Feature", "properties": { "confidence": 0.619, "dark_vessel": true, "matched_mmsi": null, "matched_name": null, "dist_km": 11.11 }, "geometry": { "type": "Point", "coordinates": [ 15.523632812500001, 55.520434570312503 ] } },
{ "type": "Feature", "properties": { "confidence": 0.696, "dark_vessel": true, "matched_mmsi": null, "matched_name": null, "dist_km": 11.07 }, "geometry": { "type": "Point", "coordinates": [ 15.524365234375001, 55.520434570312503 ] } },
{ "type": "Feature", "properties": { "confidence": 0.763, "dark_vessel": true, "matched_mmsi": null, "matched_name": null, "dist_km": 11.11 }, "geometry": { "type": "Point", "coordinates": [ 15.523779296875, 55.519995117187499 ] } },
{ "type": "Feature", "properties": { "confidence": 0.609, "dark_vessel": true, "matched_mmsi": null, "matched_name": null, "dist_km": 11.02 }, "geometry": { "type": "Point", "coordinates": [ 15.525170898437501, 55.520068359375003 ] } },
{ "type": "Feature", "properties": { "confidence": 0.675, "dark_vessel": true, "matched_mmsi": null, "matched_name": null, "dist_km": 11.37 }, "geometry": { "type": "Point", "coordinates": [ 15.519824218750001, 55.519555664062501 ] } },
{ "type": "Feature", "properties": { "confidence": 0.688, "dark_vessel": true, "matched_mmsi": null, "matched_name": null, "dist_km": 10.72 }, "geometry": { "type": "Point", "coordinates": [ 15.530517578125, 55.51875 ] } },
{ "type": "Feature", "properties": { "confidence": 0.665, "dark_vessel": true, "matched_mmsi": null, "matched_name": null, "dist_km": 5.4 }, "geometry": { "type": "Point", "coordinates": [ 15.325366210937499, 55.5186767578125 ] } },
{ "type": "Feature", "properties": { "confidence": 0.631, "dark_vessel": true, "matched_mmsi": null, "matched_name": null, "dist_km": 10.63 }, "geometry": { "type": "Point", "coordinates": [ 15.532055664062501, 55.518310546875 ] } },
{ "type": "Feature", "properties": { "confidence": 0.606, "dark_vessel": true, "matched_mmsi": null, "matched_name": null, "dist_km": 4.7 }, "geometry": { "type": "Point", "coordinates": [ 15.288818359375, 55.517065429687499 ] } },
{ "type": "Feature", "properties": { "confidence": 0.707, "dark_vessel": true, "matched_mmsi": null, "matched_name": null, "dist_km": 10.79 }, "geometry": { "type": "Point", "coordinates": [ 15.529931640625001, 55.517065429687499 ] } },
{ "type": "Feature", "properties": { "confidence": 0.666, "dark_vessel": true, "matched_mmsi": null, "matched_name": null, "dist_km": 10.58 }, "geometry": { "type": "Point", "coordinates": [ 15.53359375, 55.516186523437497 ] } },
{ "type": "Feature", "properties": { "confidence": 0.606, "dark_vessel": true, "matched_mmsi": null, "matched_name": null, "dist_km": 10.49 }, "geometry": { "type": "Point", "coordinates": [ 15.535058593750001, 55.516040039062503 ] } },
{ "type": "Feature", "properties": { "confidence": 0.71, "dark_vessel": true, "matched_mmsi": null, "matched_name": null, "dist_km": 10.79 }, "geometry": { "type": "Point", "coordinates": [ 15.530224609375001, 55.515893554687501 ] } },
{ "type": "Feature", "properties": { "confidence": 0.652, "dark_vessel": true, "matched_mmsi": null, "matched_name": null, "dist_km": 10.65 }, "geometry": { "type": "Point", "coordinates": [ 15.532495117187501, 55.515966796874999 ] } },
{ "type": "Feature", "properties": { "confidence": 0.703, "dark_vessel": true, "matched_mmsi": null, "matched_name": null, "dist_km": 10.57 }, "geometry": { "type": "Point", "coordinates": [ 15.533886718750001, 55.515820312499997 ] } },
{ "type": "Feature", "properties": { "confidence": 0.762, "dark_vessel": true, "matched_mmsi": null, "matched_name": null, "dist_km": 10.63 }, "geometry": { "type": "Point", "coordinates": [ 15.5330810546875, 55.515454101562497 ] } },
{ "type": "Feature", "properties": { "confidence": 0.694, "dark_vessel": true, "matched_mmsi": null, "matched_name": null, "dist_km": 10.7 }, "geometry": { "type": "Point", "coordinates": [ 15.531762695312501, 55.515600585937499 ] } },
{ "type": "Feature", "properties": { "confidence": 0.606, "dark_vessel": true, "matched_mmsi": null, "matched_name": null, "dist_km": 10.53 }, "geometry": { "type": "Point", "coordinates": [ 15.534619140625001, 55.515454101562497 ] } },
{ "type": "Feature", "properties": { "confidence": 0.734, "dark_vessel": true, "matched_mmsi": null, "matched_name": null, "dist_km": 10.49 }, "geometry": { "type": "Point", "coordinates": [ 15.535351562500001, 55.515307617187503 ] } },
{ "type": "Feature", "properties": { "confidence": 0.748, "dark_vessel": true, "matched_mmsi": null, "matched_name": null, "dist_km": 10.77 }, "geometry": { "type": "Point", "coordinates": [ 15.5308837890625, 55.515087890624997 ] } },
{ "type": "Feature", "properties": { "confidence": 0.671, "dark_vessel": true, "matched_mmsi": null, "matched_name": null, "dist_km": 10.92 }, "geometry": { "type": "Point", "coordinates": [ 15.528466796875001, 55.514941406250003 ] } },
{ "type": "Feature", "properties": { "confidence": 0.658, "dark_vessel": true, "matched_mmsi": null, "matched_name": null, "dist_km": 10.88 }, "geometry": { "type": "Point", "coordinates": [ 15.5292724609375, 55.514575195312503 ] } },
{ "type": "Feature", "properties": { "confidence": 0.63, "dark_vessel": true, "matched_mmsi": null, "matched_name": null, "dist_km": 10.68 }, "geometry": { "type": "Point", "coordinates": [ 15.532495117187501, 55.514575195312503 ] } },
{ "type": "Feature", "properties": { "confidence": 0.726, "dark_vessel": true, "matched_mmsi": null, "matched_name": null, "dist_km": 10.85 }, "geometry": { "type": "Point", "coordinates": [ 15.5300048828125, 55.514135742187499 ] } },
{ "type": "Feature", "properties": { "confidence": 0.629, "dark_vessel": true, "matched_mmsi": null, "matched_name": null, "dist_km": 10.58 }, "geometry": { "type": "Point", "coordinates": [ 15.534326171875001, 55.514135742187499 ] } },
{ "type": "Feature", "properties": { "confidence": 0.661, "dark_vessel": true, "matched_mmsi": null, "matched_name": null, "dist_km": 10.6 }, "geometry": { "type": "Point", "coordinates": [ 15.5341796875, 55.5135498046875 ] } },
{ "type": "Feature", "properties": { "confidence": 0.78, "dark_vessel": true, "matched_mmsi": null, "matched_name": null, "dist_km": 12.6 }, "geometry": { "type": "Point", "coordinates": [ 15.501879882812501, 55.513037109374999 ] } },
{ "type": "Feature", "properties": { "confidence": 0.631, "dark_vessel": true, "matched_mmsi": null, "matched_name": null, "dist_km": 12.67 }, "geometry": { "type": "Point", "coordinates": [ 15.5008544921875, 55.512963867187501 ] } },
{ "type": "Feature", "properties": { "confidence": 0.667, "dark_vessel": true, "matched_mmsi": null, "matched_name": null, "dist_km": 10.59 }, "geometry": { "type": "Point", "coordinates": [ 15.534692382812501, 55.5128173828125 ] } },
{ "type": "Feature", "properties": { "confidence": 0.712, "dark_vessel": true, "matched_mmsi": null, "matched_name": null, "dist_km": 10.48 }, "geometry": { "type": "Point", "coordinates": [ 15.536450195312501, 55.512963867187501 ] } },
{ "type": "Feature", "properties": { "confidence": 0.72, "dark_vessel": true, "matched_mmsi": null, "matched_name": null, "dist_km": 12.53 }, "geometry": { "type": "Point", "coordinates": [ 15.503125, 55.5128173828125 ] } },
{ "type": "Feature", "properties": { "confidence": 0.745, "dark_vessel": true, "matched_mmsi": null, "matched_name": null, "dist_km": 12.98 }, "geometry": { "type": "Point", "coordinates": [ 15.495947265625, 55.512597656250001 ] } },
{ "type": "Feature", "properties": { "confidence": 0.73, "dark_vessel": true, "matched_mmsi": null, "matched_name": null, "dist_km": 10.53 }, "geometry": { "type": "Point", "coordinates": [ 15.535717773437501, 55.512670898437499 ] } },
{ "type": "Feature", "properties": { "confidence": 0.627, "dark_vessel": true, "matched_mmsi": null, "matched_name": null, "dist_km": 12.58 }, "geometry": { "type": "Point", "coordinates": [ 15.5025390625, 55.5120849609375 ] } },
{ "type": "Feature", "properties": { "confidence": 0.639, "dark_vessel": true, "matched_mmsi": null, "matched_name": null, "dist_km": 10.53 }, "geometry": { "type": "Point", "coordinates": [ 15.5360107421875, 55.511938476562499 ] } },
{ "type": "Feature", "properties": { "confidence": 0.612, "dark_vessel": true, "matched_mmsi": null, "matched_name": null, "dist_km": 10.21 }, "geometry": { "type": "Point", "coordinates": [ 15.541284179687501, 55.512011718750003 ] } },
{ "type": "Feature", "properties": { "confidence": 0.628, "dark_vessel": true, "matched_mmsi": null, "matched_name": null, "dist_km": 12.91 }, "geometry": { "type": "Point", "coordinates": [ 15.497265625, 55.511938476562499 ] } },
{ "type": "Feature", "properties": { "confidence": 0.739, "dark_vessel": true, "matched_mmsi": null, "matched_name": null, "dist_km": 12.56 }, "geometry": { "type": "Point", "coordinates": [ 15.5030517578125, 55.511645507812503 ] } },
{ "type": "Feature", "properties": { "confidence": 0.817, "dark_vessel": true, "matched_mmsi": null, "matched_name": null, "dist_km": 10.63 }, "geometry": { "type": "Point", "coordinates": [ 15.534692382812501, 55.511425781249997 ] } },
{ "type": "Feature", "properties": { "confidence": 0.82, "dark_vessel": true, "matched_mmsi": null, "matched_name": null, "dist_km": 10.49 }, "geometry": { "type": "Point", "coordinates": [ 15.5367431640625, 55.511938476562499 ] } },
{ "type": "Feature", "properties": { "confidence": 0.685, "dark_vessel": true, "matched_mmsi": null, "matched_name": null, "dist_km": 12.01 }, "geometry": { "type": "Point", "coordinates": [ 15.467822265625001, 55.511645507812503 ] } },
{ "type": "Feature", "properties": { "confidence": 0.638, "dark_vessel": true, "matched_mmsi": null, "matched_name": null, "dist_km": 12.26 }, "geometry": { "type": "Point", "coordinates": [ 15.471997070312501, 55.511645507812503 ] } },
{ "type": "Feature", "properties": { "confidence": 0.764, "dark_vessel": true, "matched_mmsi": null, "matched_name": null, "dist_km": 12.04 }, "geometry": { "type": "Point", "coordinates": [ 15.4684814453125, 55.5113525390625 ] } },
{ "type": "Feature", "properties": { "confidence": 0.759, "dark_vessel": true, "matched_mmsi": null, "matched_name": null, "dist_km": 12.81 }, "geometry": { "type": "Point", "coordinates": [ 15.499316406250001, 55.511132812500001 ] } },
{ "type": "Feature", "properties": { "confidence": 0.654, "dark_vessel": true, "matched_mmsi": null, "matched_name": null, "dist_km": 10.66 }, "geometry": { "type": "Point", "coordinates": [ 15.534252929687501, 55.511206054687499 ] } },
{ "type": "Feature", "properties": { "confidence": 0.623, "dark_vessel": true, "matched_mmsi": null, "matched_name": null, "dist_km": 13.34 }, "geometry": { "type": "Point", "coordinates": [ 15.490673828125001, 55.510766601562501 ] } },
{ "type": "Feature", "properties": { "confidence": 0.655, "dark_vessel": true, "matched_mmsi": null, "matched_name": null, "dist_km": 12.95 }, "geometry": { "type": "Point", "coordinates": [ 15.4971923828125, 55.510473632812499 ] } },
{ "type": "Feature", "properties": { "confidence": 0.769, "dark_vessel": true, "matched_mmsi": null, "matched_name": null, "dist_km": 13.05 }, "geometry": { "type": "Point", "coordinates": [ 15.495507812500001, 55.510473632812499 ] } },
{ "type": "Feature", "properties": { "confidence": 0.636, "dark_vessel": true, "matched_mmsi": null, "matched_name": null, "dist_km": 12.79 }, "geometry": { "type": "Point", "coordinates": [ 15.499829101562501, 55.5106201171875 ] } },
{ "type": "Feature", "properties": { "confidence": 0.591, "dark_vessel": true, "matched_mmsi": null, "matched_name": null, "dist_km": 13.32 }, "geometry": { "type": "Point", "coordinates": [ 15.491259765625001, 55.510327148437497 ] } },
{ "type": "Feature", "properties": { "confidence": 0.65, "dark_vessel": true, "matched_mmsi": null, "matched_name": null, "dist_km": 13.03 }, "geometry": { "type": "Point", "coordinates": [ 15.496166992187501, 55.509960937499997 ] } },
{ "type": "Feature", "properties": { "confidence": 0.584, "dark_vessel": true, "matched_mmsi": null, "matched_name": null, "dist_km": 13.31 }, "geometry": { "type": "Point", "coordinates": [ 15.491479492187501, 55.509960937499997 ] } },
{ "type": "Feature", "properties": { "confidence": 0.846, "dark_vessel": true, "matched_mmsi": null, "matched_name": null, "dist_km": 13.19 }, "geometry": { "type": "Point", "coordinates": [ 15.493676757812501, 55.509448242187503 ] } },
{ "type": "Feature", "properties": { "confidence": 0.671, "dark_vessel": true, "matched_mmsi": null, "matched_name": null, "dist_km": 13.07 }, "geometry": { "type": "Point", "coordinates": [ 15.495434570312501, 55.5098876953125 ] } },
{ "type": "Feature", "properties": { "confidence": 0.775, "dark_vessel": true, "matched_mmsi": null, "matched_name": null, "dist_km": 12.76 }, "geometry": { "type": "Point", "coordinates": [ 15.500634765625001, 55.509741210937499 ] } },
{ "type": "Feature", "properties": { "confidence": 0.649, "dark_vessel": true, "matched_mmsi": null, "matched_name": null, "dist_km": 10.26 }, "geometry": { "type": "Point", "coordinates": [ 15.5417236328125, 55.509448242187503 ] } },
{ "type": "Feature", "properties": { "confidence": 0.64, "dark_vessel": true, "matched_mmsi": null, "matched_name": null, "dist_km": 12.74 }, "geometry": { "type": "Point", "coordinates": [ 15.50107421875, 55.509301757812501 ] } },
{ "type": "Feature", "properties": { "confidence": 0.632, "dark_vessel": true, "matched_mmsi": null, "matched_name": null, "dist_km": 10.2 }, "geometry": { "type": "Point", "coordinates": [ 15.542822265625, 55.509301757812501 ] } },
{ "type": "Feature", "properties": { "confidence": 0.618, "dark_vessel": true, "matched_mmsi": null, "matched_name": null, "dist_km": 11.38 }, "geometry": { "type": "Point", "coordinates": [ 15.458740234375, 55.5091552734375 ] } },
{ "type": "Feature", "properties": { "confidence": 0.611, "dark_vessel": true, "matched_mmsi": null, "matched_name": null, "dist_km": 12.4 }, "geometry": { "type": "Point", "coordinates": [ 15.506787109375001, 55.509082031250003 ] } },
{ "type": "Feature", "properties": { "confidence": 0.59, "dark_vessel": true, "matched_mmsi": null, "matched_name": null, "dist_km": 12.07 }, "geometry": { "type": "Point", "coordinates": [ 15.51220703125, 55.509008789062499 ] } },
{ "type": "Feature", "properties": { "confidence": 0.651, "dark_vessel": true, "matched_mmsi": null, "matched_name": null, "dist_km": 13.17 }, "geometry": { "type": "Point", "coordinates": [ 15.494409179687501, 55.508569335937501 ] } },
{ "type": "Feature", "properties": { "confidence": 0.68, "dark_vessel": true, "matched_mmsi": null, "matched_name": null, "dist_km": 12.11 }, "geometry": { "type": "Point", "coordinates": [ 15.5116943359375, 55.508569335937501 ] } },
{ "type": "Feature", "properties": { "confidence": 0.588, "dark_vessel": true, "matched_mmsi": null, "matched_name": null, "dist_km": 12.05 }, "geometry": { "type": "Point", "coordinates": [ 15.512719726562501, 55.508569335937501 ] } },
{ "type": "Feature", "properties": { "confidence": 0.636, "dark_vessel": true, "matched_mmsi": null, "matched_name": null, "dist_km": 11.96 }, "geometry": { "type": "Point", "coordinates": [ 15.514331054687501, 55.508349609375003 ] } },
{ "type": "Feature", "properties": { "confidence": 0.615, "dark_vessel": true, "matched_mmsi": null, "matched_name": null, "dist_km": 12.94 }, "geometry": { "type": "Point", "coordinates": [ 15.4853271484375, 55.508203125 ] } },
{ "type": "Feature", "properties": { "confidence": 0.649, "dark_vessel": true, "matched_mmsi": null, "matched_name": null, "dist_km": 12.58 }, "geometry": { "type": "Point", "coordinates": [ 15.504150390625, 55.508129882812497 ] } },
{ "type": "Feature", "properties": { "confidence": 0.782, "dark_vessel": true, "matched_mmsi": null, "matched_name": null, "dist_km": 12.53 }, "geometry": { "type": "Point", "coordinates": [ 15.505029296875001, 55.508129882812497 ] } },
{ "type": "Feature", "properties": { "confidence": 0.613, "dark_vessel": true, "matched_mmsi": null, "matched_name": null, "dist_km": 13.03 }, "geometry": { "type": "Point", "coordinates": [ 15.487011718750001, 55.508056640625 ] } },
{ "type": "Feature", "properties": { "confidence": 0.682, "dark_vessel": true, "matched_mmsi": null, "matched_name": null, "dist_km": 12.34 }, "geometry": { "type": "Point", "coordinates": [ 15.5080322265625, 55.508203125 ] } },
{ "type": "Feature", "properties": { "confidence": 0.65, "dark_vessel": true, "matched_mmsi": null, "matched_name": null, "dist_km": 12.27 }, "geometry": { "type": "Point", "coordinates": [ 15.509716796875001, 55.50732421875 ] } },
{ "type": "Feature", "properties": { "confidence": 0.607, "dark_vessel": true, "matched_mmsi": null, "matched_name": null, "dist_km": 13.27 }, "geometry": { "type": "Point", "coordinates": [ 15.493310546875001, 55.507104492187501 ] } },
{ "type": "Feature", "properties": { "confidence": 0.642, "dark_vessel": true, "matched_mmsi": null, "matched_name": null, "dist_km": 11.79 }, "geometry": { "type": "Point", "coordinates": [ 15.5177001953125, 55.506811523437499 ] } },
{ "type": "Feature", "properties": { "confidence": 0.588, "dark_vessel": true, "matched_mmsi": null, "matched_name": null, "dist_km": 13.28 }, "geometry": { "type": "Point", "coordinates": [ 15.493457031250001, 55.506665039062497 ] } },
{ "type": "Feature", "properties": { "confidence": 0.613, "dark_vessel": true, "matched_mmsi": null, "matched_name": null, "dist_km": 13.25 }, "geometry": { "type": "Point", "coordinates": [ 15.4913330078125, 55.506591796875 ] } },
{ "type": "Feature", "properties": { "confidence": 0.611, "dark_vessel": true, "matched_mmsi": null, "matched_name": null, "dist_km": 13.25 }, "geometry": { "type": "Point", "coordinates": [ 15.493969726562501, 55.506445312499999 ] } },
{ "type": "Feature", "properties": { "confidence": 0.677, "dark_vessel": true, "matched_mmsi": null, "matched_name": null, "dist_km": 3.4 }, "geometry": { "type": "Point", "coordinates": [ 15.3083740234375, 55.5032958984375 ] } },
{ "type": "Feature", "properties": { "confidence": 0.566, "dark_vessel": true, "matched_mmsi": null, "matched_name": null, "dist_km": 3.19 }, "geometry": { "type": "Point", "coordinates": [ 15.306396484375, 55.501684570312499 ] } },
{ "type": "Feature", "properties": { "confidence": 0.706, "dark_vessel": true, "matched_mmsi": null, "matched_name": null, "dist_km": 7.16 }, "geometry": { "type": "Point", "coordinates": [ 15.3939208984375, 55.498974609374997 ] } },
{ "type": "Feature", "properties": { "confidence": 0.593, "dark_vessel": true, "matched_mmsi": null, "matched_name": null, "dist_km": 2.92 }, "geometry": { "type": "Point", "coordinates": [ 15.262451171875, 55.496557617187499 ] } },
{ "type": "Feature", "properties": { "confidence": 0.585, "dark_vessel": true, "matched_mmsi": null, "matched_name": null, "dist_km": 2.42 }, "geometry": { "type": "Point", "coordinates": [ 15.2998046875, 55.495678710937497 ] } },
{ "type": "Feature", "properties": { "confidence": 0.66, "dark_vessel": true, "matched_mmsi": null, "matched_name": null, "dist_km": 2.38 }, "geometry": { "type": "Point", "coordinates": [ 15.2790771484375, 55.495532226562503 ] } },
{ "type": "Feature", "properties": { "confidence": 0.726, "dark_vessel": true, "matched_mmsi": null, "matched_name": null, "dist_km": 2.39 }, "geometry": { "type": "Point", "coordinates": [ 15.2728515625, 55.494360351562499 ] } },
{ "type": "Feature", "properties": { "confidence": 0.722, "dark_vessel": true, "matched_mmsi": null, "matched_name": null, "dist_km": 2.2 }, "geometry": { "type": "Point", "coordinates": [ 15.294604492187499, 55.494360351562499 ] } },
{ "type": "Feature", "properties": { "confidence": 0.688, "dark_vessel": true, "matched_mmsi": null, "matched_name": null, "dist_km": 2.3 }, "geometry": { "type": "Point", "coordinates": [ 15.274462890624999, 55.493920898437501 ] } },
{ "type": "Feature", "properties": { "confidence": 0.638, "dark_vessel": true, "matched_mmsi": null, "matched_name": null, "dist_km": 2.23 }, "geometry": { "type": "Point", "coordinates": [ 15.275341796875001, 55.493408203125 ] } },
{ "type": "Feature", "properties": { "confidence": 0.646, "dark_vessel": true, "matched_mmsi": null, "matched_name": null, "dist_km": 2.94 }, "geometry": { "type": "Point", "coordinates": [ 15.254541015625, 55.492895507812499 ] } },
{ "type": "Feature", "properties": { "confidence": 0.648, "dark_vessel": true, "matched_mmsi": null, "matched_name": null, "dist_km": 2.16 }, "geometry": { "type": "Point", "coordinates": [ 15.2751220703125, 55.492749023437497 ] } },
{ "type": "Feature", "properties": { "confidence": 0.632, "dark_vessel": true, "matched_mmsi": null, "matched_name": null, "dist_km": 2.33 }, "geometry": { "type": "Point", "coordinates": [ 15.2685302734375, 55.492456054687501 ] } },
{ "type": "Feature", "properties": { "confidence": 0.636, "dark_vessel": true, "matched_mmsi": null, "matched_name": null, "dist_km": 2.03 }, "geometry": { "type": "Point", "coordinates": [ 15.279956054687499, 55.492456054687501 ] } },
{ "type": "Feature", "properties": { "confidence": 0.846, "dark_vessel": false, "matched_mmsi": 220189000.0, "matched_name": "HDMS ABSALON", "dist_km": 1.97 }, "geometry": { "type": "Point", "coordinates": [ 15.278564453125, 55.491650390624997 ] } },
{ "type": "Feature", "properties": { "confidence": 0.626, "dark_vessel": false, "matched_mmsi": 220189000.0, "matched_name": "HDMS ABSALON", "dist_km": 1.9 }, "geometry": { "type": "Point", "coordinates": [ 15.290209960937499, 55.491943359375 ] } },
{ "type": "Feature", "properties": { "confidence": 0.759, "dark_vessel": false, "matched_mmsi": 220189000.0, "matched_name": "HDMS ABSALON", "dist_km": 1.9 }, "geometry": { "type": "Point", "coordinates": [ 15.281787109374999, 55.491503906250003 ] } },
{ "type": "Feature", "properties": { "confidence": 0.651, "dark_vessel": false, "matched_mmsi": 220189000.0, "matched_name": "HDMS ABSALON", "dist_km": 1.85 }, "geometry": { "type": "Point", "coordinates": [ 15.291015625, 55.491430664062499 ] } },
{ "type": "Feature", "properties": { "confidence": 0.636, "dark_vessel": false, "matched_mmsi": 220189000.0, "matched_name": "HDMS ABSALON", "dist_km": 1.92 }, "geometry": { "type": "Point", "coordinates": [ 15.298046875, 55.491284179687497 ] } },
{ "type": "Feature", "properties": { "confidence": 0.692, "dark_vessel": true, "matched_mmsi": null, "matched_name": null, "dist_km": 5.76 }, "geometry": { "type": "Point", "coordinates": [ 15.375317382812501, 55.491284179687497 ] } },
{ "type": "Feature", "properties": { "confidence": 0.617, "dark_vessel": true, "matched_mmsi": null, "matched_name": null, "dist_km": 2.08 }, "geometry": { "type": "Point", "coordinates": [ 15.2724853515625, 55.491137695312503 ] } },
{ "type": "Feature", "properties": { "confidence": 0.758, "dark_vessel": false, "matched_mmsi": 220189000.0, "matched_name": "HDMS ABSALON", "dist_km": 1.82 }, "geometry": { "type": "Point", "coordinates": [ 15.2878662109375, 55.4912109375 ] } },
{ "type": "Feature", "properties": { "confidence": 0.702, "dark_vessel": false, "matched_mmsi": 220189000.0, "matched_name": "HDMS ABSALON", "dist_km": 1.82 }, "geometry": { "type": "Point", "coordinates": [ 15.290209960937499, 55.491137695312503 ] } },
{ "type": "Feature", "properties": { "confidence": 0.708, "dark_vessel": false, "matched_mmsi": 220189000.0, "matched_name": "HDMS ABSALON", "dist_km": 1.9 }, "geometry": { "type": "Point", "coordinates": [ 15.2781982421875, 55.490917968749997 ] } },
{ "type": "Feature", "properties": { "confidence": 0.674, "dark_vessel": false, "matched_mmsi": 220189000.0, "matched_name": "HDMS ABSALON", "dist_km": 1.81 }, "geometry": { "type": "Point", "coordinates": [ 15.282299804687501, 55.490698242187499 ] } },
{ "type": "Feature", "properties": { "confidence": 0.759, "dark_vessel": false, "matched_mmsi": 220189000.0, "matched_name": "HDMS ABSALON", "dist_km": 1.81 }, "geometry": { "type": "Point", "coordinates": [ 15.281567382812501, 55.490625 ] } },
{ "type": "Feature", "properties": { "confidence": 0.626, "dark_vessel": false, "matched_mmsi": 220189000.0, "matched_name": "HDMS ABSALON", "dist_km": 1.83 }, "geometry": { "type": "Point", "coordinates": [ 15.278271484375001, 55.490258789062501 ] } },
{ "type": "Feature", "properties": { "confidence": 0.661, "dark_vessel": false, "matched_mmsi": 220189000.0, "matched_name": "HDMS ABSALON", "dist_km": 1.89 }, "geometry": { "type": "Point", "coordinates": [ 15.2761474609375, 55.490258789062501 ] } },
{ "type": "Feature", "properties": { "confidence": 0.798, "dark_vessel": false, "matched_mmsi": 220189000.0, "matched_name": "HDMS ABSALON", "dist_km": 1.75 }, "geometry": { "type": "Point", "coordinates": [ 15.280688476562499, 55.489965820312499 ] } },
{ "type": "Feature", "properties": { "confidence": 0.622, "dark_vessel": true, "matched_mmsi": null, "matched_name": null, "dist_km": 2.21 }, "geometry": { "type": "Point", "coordinates": [ 15.310717773437499, 55.490258789062501 ] } },
{ "type": "Feature", "properties": { "confidence": 0.647, "dark_vessel": true, "matched_mmsi": null, "matched_name": null, "dist_km": 2.25 }, "geometry": { "type": "Point", "coordinates": [ 15.311596679687501, 55.490258789062501 ] } },
{ "type": "Feature", "properties": { "confidence": 0.632, "dark_vessel": true, "matched_mmsi": null, "matched_name": null, "dist_km": 2.35 }, "geometry": { "type": "Point", "coordinates": [ 15.2626708984375, 55.490039062500003 ] } },
{ "type": "Feature", "properties": { "confidence": 0.667, "dark_vessel": false, "matched_mmsi": 220189000.0, "matched_name": "HDMS ABSALON", "dist_km": 1.87 }, "geometry": { "type": "Point", "coordinates": [ 15.3022216796875, 55.489819335937497 ] } },
{ "type": "Feature", "properties": { "confidence": 0.652, "dark_vessel": true, "matched_mmsi": null, "matched_name": null, "dist_km": 2.21 }, "geometry": { "type": "Point", "coordinates": [ 15.3117431640625, 55.489819335937497 ] } },
{ "type": "Feature", "properties": { "confidence": 0.682, "dark_vessel": true, "matched_mmsi": null, "matched_name": null, "dist_km": 2.2 }, "geometry": { "type": "Point", "coordinates": [ 15.264575195312499, 55.489160156250001 ] } },
{ "type": "Feature", "properties": { "confidence": 0.681, "dark_vessel": false, "matched_mmsi": 220189000.0, "matched_name": "HDMS ABSALON", "dist_km": 1.72 }, "geometry": { "type": "Point", "coordinates": [ 15.296948242187501, 55.489526367187501 ] } },
{ "type": "Feature", "properties": { "confidence": 0.715, "dark_vessel": false, "matched_mmsi": 220189000.0, "matched_name": "HDMS ABSALON", "dist_km": 1.66 }, "geometry": { "type": "Point", "coordinates": [ 15.2822265625, 55.489306640625003 ] } },
{ "type": "Feature", "properties": { "confidence": 0.725, "dark_vessel": false, "matched_mmsi": 220189000.0, "matched_name": "HDMS ABSALON", "dist_km": 1.64 }, "geometry": { "type": "Point", "coordinates": [ 15.283984375, 55.4893798828125 ] } },
{ "type": "Feature", "properties": { "confidence": 0.574, "dark_vessel": false, "matched_mmsi": 220189000.0, "matched_name": "HDMS ABSALON", "dist_km": 1.97 }, "geometry": { "type": "Point", "coordinates": [ 15.306323242187499, 55.4893798828125 ] } },
{ "type": "Feature", "properties": { "confidence": 0.766, "dark_vessel": true, "matched_mmsi": null, "matched_name": null, "dist_km": 2.51 }, "geometry": { "type": "Point", "coordinates": [ 15.257617187499999, 55.489086914062497 ] } },
{ "type": "Feature", "properties": { "confidence": 0.865, "dark_vessel": false, "matched_mmsi": 220189000.0, "matched_name": "HDMS ABSALON", "dist_km": 1.97 }, "geometry": { "type": "Point", "coordinates": [ 15.26875, 55.488574218750003 ] } },
{ "type": "Feature", "properties": { "confidence": 0.7, "dark_vessel": false, "matched_mmsi": 220189000.0, "matched_name": "HDMS ABSALON", "dist_km": 1.67 }, "geometry": { "type": "Point", "coordinates": [ 15.28017578125, 55.489086914062497 ] } },
{ "type": "Feature", "properties": { "confidence": 0.584, "dark_vessel": false, "matched_mmsi": 220189000.0, "matched_name": "HDMS ABSALON", "dist_km": 1.88 }, "geometry": { "type": "Point", "coordinates": [ 15.272265625, 55.488940429687503 ] } },
{ "type": "Feature", "properties": { "confidence": 0.668, "dark_vessel": false, "matched_mmsi": 220189000.0, "matched_name": "HDMS ABSALON", "dist_km": 1.57 }, "geometry": { "type": "Point", "coordinates": [ 15.2900634765625, 55.488940429687503 ] } },
{ "type": "Feature", "properties": { "confidence": 0.608, "dark_vessel": true, "matched_mmsi": null, "matched_name": null, "dist_km": 2.47 }, "geometry": { "type": "Point", "coordinates": [ 15.25791015625, 55.488720703124997 ] } },
{ "type": "Feature", "properties": { "confidence": 0.84, "dark_vessel": true, "matched_mmsi": null, "matched_name": null, "dist_km": 2.05 }, "geometry": { "type": "Point", "coordinates": [ 15.266552734375001, 55.488427734375001 ] } },
{ "type": "Feature", "properties": { "confidence": 0.694, "dark_vessel": false, "matched_mmsi": 220189000.0, "matched_name": "HDMS ABSALON", "dist_km": 1.63 }, "geometry": { "type": "Point", "coordinates": [ 15.280908203125, 55.488793945312501 ] } },
{ "type": "Feature", "properties": { "confidence": 0.73, "dark_vessel": false, "matched_mmsi": 220189000.0, "matched_name": "HDMS ABSALON", "dist_km": 1.57 }, "geometry": { "type": "Point", "coordinates": [ 15.2839111328125, 55.488720703124997 ] } },
{ "type": "Feature", "properties": { "confidence": 0.66, "dark_vessel": false, "matched_mmsi": 220189000.0, "matched_name": "HDMS ABSALON", "dist_km": 1.93 }, "geometry": { "type": "Point", "coordinates": [ 15.306689453124999, 55.488793945312501 ] } },
{ "type": "Feature", "properties": { "confidence": 0.683, "dark_vessel": true, "matched_mmsi": null, "matched_name": null, "dist_km": 2.18 }, "geometry": { "type": "Point", "coordinates": [ 15.313061523437501, 55.488720703124997 ] } },
{ "type": "Feature", "properties": { "confidence": 0.659, "dark_vessel": false, "matched_mmsi": 220189000.0, "matched_name": "HDMS ABSALON", "dist_km": 1.76 }, "geometry": { "type": "Point", "coordinates": [ 15.274829101562499, 55.4886474609375 ] } },
{ "type": "Feature", "properties": { "confidence": 0.677, "dark_vessel": false, "matched_mmsi": 220189000.0, "matched_name": "HDMS ABSALON", "dist_km": 1.65 }, "geometry": { "type": "Point", "coordinates": [ 15.278637695312501, 55.488574218750003 ] } },
{ "type": "Feature", "properties": { "confidence": 0.761, "dark_vessel": false, "matched_mmsi": 220189000.0, "matched_name": "HDMS ABSALON", "dist_km": 1.55 }, "geometry": { "type": "Point", "coordinates": [ 15.282373046875, 55.48828125 ] } },
{ "type": "Feature", "properties": { "confidence": 0.726, "dark_vessel": false, "matched_mmsi": 220189000.0, "matched_name": "HDMS ABSALON", "dist_km": 1.53 }, "geometry": { "type": "Point", "coordinates": [ 15.28515625, 55.488427734375001 ] } },
{ "type": "Feature", "properties": { "confidence": 0.745, "dark_vessel": false, "matched_mmsi": 220189000.0, "matched_name": "HDMS ABSALON", "dist_km": 1.56 }, "geometry": { "type": "Point", "coordinates": [ 15.293359375, 55.4886474609375 ] } },
{ "type": "Feature", "properties": { "confidence": 0.61, "dark_vessel": false, "matched_mmsi": 220189000.0, "matched_name": "HDMS ABSALON", "dist_km": 1.83 }, "geometry": { "type": "Point", "coordinates": [ 15.304345703125, 55.4886474609375 ] } },
{ "type": "Feature", "properties": { "confidence": 0.789, "dark_vessel": true, "matched_mmsi": null, "matched_name": null, "dist_km": 2.66 }, "geometry": { "type": "Point", "coordinates": [ 15.253955078124999, 55.488500976562499 ] } },
{ "type": "Feature", "properties": { "confidence": 0.697, "dark_vessel": false, "matched_mmsi": 220189000.0, "matched_name": "HDMS ABSALON", "dist_km": 1.52 }, "geometry": { "type": "Point", "coordinates": [ 15.288378906249999, 55.488500976562499 ] } },
{ "type": "Feature", "properties": { "confidence": 0.608, "dark_vessel": true, "matched_mmsi": null, "matched_name": null, "dist_km": 2.1 }, "geometry": { "type": "Point", "coordinates": [ 15.311450195312499, 55.488574218750003 ] } },
{ "type": "Feature", "properties": { "confidence": 0.784, "dark_vessel": false, "matched_mmsi": 220189000.0, "matched_name": "HDMS ABSALON", "dist_km": 1.56 }, "geometry": { "type": "Point", "coordinates": [ 15.281420898437499, 55.48828125 ] } },
{ "type": "Feature", "properties": { "confidence": 0.8, "dark_vessel": false, "matched_mmsi": 220189000.0, "matched_name": "HDMS ABSALON", "dist_km": 1.89 }, "geometry": { "type": "Point", "coordinates": [ 15.3073486328125, 55.488134765624999 ] } },
{ "type": "Feature", "properties": { "confidence": 0.554, "dark_vessel": false, "matched_mmsi": 220189000.0, "matched_name": "HDMS ABSALON", "dist_km": 1.87 }, "geometry": { "type": "Point", "coordinates": [ 15.270654296875, 55.488208007812503 ] } },
{ "type": "Feature", "properties": { "confidence": 0.655, "dark_vessel": true, "matched_mmsi": null, "matched_name": null, "dist_km": 2.62 }, "geometry": { "type": "Point", "coordinates": [ 15.254248046875, 55.488061523437501 ] } },
{ "type": "Feature", "properties": { "confidence": 0.683, "dark_vessel": false, "matched_mmsi": 220189000.0, "matched_name": "HDMS ABSALON", "dist_km": 1.53 }, "geometry": { "type": "Point", "coordinates": [ 15.280908203125, 55.4879150390625 ] } },
{ "type": "Feature", "properties": { "confidence": 0.782, "dark_vessel": false, "matched_mmsi": 220189000.0, "matched_name": "HDMS ABSALON", "dist_km": 1.48 }, "geometry": { "type": "Point", "coordinates": [ 15.283618164062499, 55.487841796875003 ] } },
{ "type": "Feature", "properties": { "confidence": 0.79, "dark_vessel": false, "matched_mmsi": 220189000.0, "matched_name": "HDMS ABSALON", "dist_km": 1.48 }, "geometry": { "type": "Point", "coordinates": [ 15.2846435546875, 55.4879150390625 ] } },
{ "type": "Feature", "properties": { "confidence": 0.63, "dark_vessel": false, "matched_mmsi": 220189000.0, "matched_name": "HDMS ABSALON", "dist_km": 1.45 }, "geometry": { "type": "Point", "coordinates": [ 15.2875, 55.487841796875003 ] } },
{ "type": "Feature", "properties": { "confidence": 0.612, "dark_vessel": false, "matched_mmsi": 220189000.0, "matched_name": "HDMS ABSALON", "dist_km": 1.76 }, "geometry": { "type": "Point", "coordinates": [ 15.2721923828125, 55.487622070312497 ] } },
{ "type": "Feature", "properties": { "confidence": 0.733, "dark_vessel": false, "matched_mmsi": 220189000.0, "matched_name": "HDMS ABSALON", "dist_km": 1.5 }, "geometry": { "type": "Point", "coordinates": [ 15.281787109374999, 55.487768554687499 ] } },
{ "type": "Feature", "properties": { "confidence": 0.628, "dark_vessel": true, "matched_mmsi": null, "matched_name": null, "dist_km": 2.01 }, "geometry": { "type": "Point", "coordinates": [ 15.265673828124999, 55.487475585937503 ] } },
{ "type": "Feature", "properties": { "confidence": 0.776, "dark_vessel": false, "matched_mmsi": 220189000.0, "matched_name": "HDMS ABSALON", "dist_km": 1.42 }, "geometry": { "type": "Point", "coordinates": [ 15.2827392578125, 55.4871826171875 ] } },
{ "type": "Feature", "properties": { "confidence": 0.632, "dark_vessel": false, "matched_mmsi": 220189000.0, "matched_name": "HDMS ABSALON", "dist_km": 1.61 }, "geometry": { "type": "Point", "coordinates": [ 15.3009033203125, 55.487475585937503 ] } },
{ "type": "Feature", "properties": { "confidence": 0.689, "dark_vessel": false, "matched_mmsi": 220189000.0, "matched_name": "HDMS ABSALON", "dist_km": 1.41 }, "geometry": { "type": "Point", "coordinates": [ 15.283984375, 55.487255859374997 ] } },
{ "type": "Feature", "properties": { "confidence": 0.715, "dark_vessel": false, "matched_mmsi": 220189000.0, "matched_name": "HDMS ABSALON", "dist_km": 1.61 }, "geometry": { "type": "Point", "coordinates": [ 15.3017822265625, 55.487255859374997 ] } },
{ "type": "Feature", "properties": { "confidence": 0.691, "dark_vessel": false, "matched_mmsi": 220189000.0, "matched_name": "HDMS ABSALON", "dist_km": 1.4 }, "geometry": { "type": "Point", "coordinates": [ 15.284863281250001, 55.487255859374997 ] } },
{ "type": "Feature", "properties": { "confidence": 0.692, "dark_vessel": false, "matched_mmsi": 220189000.0, "matched_name": "HDMS ABSALON", "dist_km": 1.37 }, "geometry": { "type": "Point", "coordinates": [ 15.2880859375, 55.4871826171875 ] } },
{ "type": "Feature", "properties": { "confidence": 0.803, "dark_vessel": false, "matched_mmsi": 220189000.0, "matched_name": "HDMS ABSALON", "dist_km": 1.37 }, "geometry": { "type": "Point", "coordinates": [ 15.2890380859375, 55.4871826171875 ] } },
{ "type": "Feature", "properties": { "confidence": 0.601, "dark_vessel": true, "matched_mmsi": null, "matched_name": null, "dist_km": 2.38 }, "geometry": { "type": "Point", "coordinates": [ 15.319506835937499, 55.4871826171875 ] } },
{ "type": "Feature", "properties": { "confidence": 0.833, "dark_vessel": false, "matched_mmsi": 220189000.0, "matched_name": "HDMS ABSALON", "dist_km": 1.97 }, "geometry": { "type": "Point", "coordinates": [ 15.2656005859375, 55.486889648437497 ] } },
{ "type": "Feature", "properties": { "confidence": 0.644, "dark_vessel": false, "matched_mmsi": 220189000.0, "matched_name": "HDMS ABSALON", "dist_km": 1.37 }, "geometry": { "type": "Point", "coordinates": [ 15.283618164062499, 55.48681640625 ] } },
{ "type": "Feature", "properties": { "confidence": 0.76, "dark_vessel": false, "matched_mmsi": 220189000.0, "matched_name": "HDMS ABSALON", "dist_km": 1.35 }, "geometry": { "type": "Point", "coordinates": [ 15.2847900390625, 55.486743164062503 ] } },
{ "type": "Feature", "properties": { "confidence": 0.75, "dark_vessel": false, "matched_mmsi": 220189000.0, "matched_name": "HDMS ABSALON", "dist_km": 1.4 }, "geometry": { "type": "Point", "coordinates": [ 15.280102539062501, 55.4864501953125 ] } },
{ "type": "Feature", "properties": { "confidence": 0.679, "dark_vessel": false, "matched_mmsi": 220189000.0, "matched_name": "HDMS ABSALON", "dist_km": 1.82 }, "geometry": { "type": "Point", "coordinates": [ 15.3083740234375, 55.486743164062503 ] } },
{ "type": "Feature", "properties": { "confidence": 0.699, "dark_vessel": false, "matched_mmsi": 220189000.0, "matched_name": "HDMS ABSALON", "dist_km": 1.42 }, "geometry": { "type": "Point", "coordinates": [ 15.279223632812499, 55.4864501953125 ] } },
{ "type": "Feature", "properties": { "confidence": 0.743, "dark_vessel": true, "matched_mmsi": null, "matched_name": null, "dist_km": 2.35 }, "geometry": { "type": "Point", "coordinates": [ 15.257470703125, 55.4864501953125 ] } },
{ "type": "Feature", "properties": { "confidence": 0.648, "dark_vessel": true, "matched_mmsi": null, "matched_name": null, "dist_km": 2.34 }, "geometry": { "type": "Point", "coordinates": [ 15.319873046874999, 55.486157226562497 ] } },
{ "type": "Feature", "properties": { "confidence": 0.76, "dark_vessel": true, "matched_mmsi": null, "matched_name": null, "dist_km": 2.32 }, "geometry": { "type": "Point", "coordinates": [ 15.257177734375, 55.4857177734375 ] } },
{ "type": "Feature", "properties": { "confidence": 0.625, "dark_vessel": false, "matched_mmsi": 220189000.0, "matched_name": "HDMS ABSALON", "dist_km": 1.4 }, "geometry": { "type": "Point", "coordinates": [ 15.278564453125, 55.486083984375 ] } },
{ "type": "Feature", "properties": { "confidence": 0.664, "dark_vessel": true, "matched_mmsi": null, "matched_name": null, "dist_km": 2.0 }, "geometry": { "type": "Point", "coordinates": [ 15.31357421875, 55.4859375 ] } },
{ "type": "Feature", "properties": { "confidence": 0.777, "dark_vessel": true, "matched_mmsi": null, "matched_name": null, "dist_km": 2.27 }, "geometry": { "type": "Point", "coordinates": [ 15.258056640625, 55.4857177734375 ] } },
{ "type": "Feature", "properties": { "confidence": 0.802, "dark_vessel": false, "matched_mmsi": 220189000.0, "matched_name": "HDMS ABSALON", "dist_km": 1.23 }, "geometry": { "type": "Point", "coordinates": [ 15.2842041015625, 55.485571289062499 ] } },
{ "type": "Feature", "properties": { "confidence": 0.674, "dark_vessel": false, "matched_mmsi": 220189000.0, "matched_name": "HDMS ABSALON", "dist_km": 1.25 }, "geometry": { "type": "Point", "coordinates": [ 15.284863281250001, 55.485864257812501 ] } },
{ "type": "Feature", "properties": { "confidence": 0.575, "dark_vessel": true, "matched_mmsi": null, "matched_name": null, "dist_km": 2.88 }, "geometry": { "type": "Point", "coordinates": [ 15.32998046875, 55.4857177734375 ] } },
{ "type": "Feature", "properties": { "confidence": 0.684, "dark_vessel": false, "matched_mmsi": 220189000.0, "matched_name": "HDMS ABSALON", "dist_km": 1.51 }, "geometry": { "type": "Point", "coordinates": [ 15.273876953125001, 55.485571289062499 ] } },
{ "type": "Feature", "properties": { "confidence": 0.715, "dark_vessel": false, "matched_mmsi": 220189000.0, "matched_name": "HDMS ABSALON", "dist_km": 1.19 }, "geometry": { "type": "Point", "coordinates": [ 15.2885986328125, 55.485498046875001 ] } },
{ "type": "Feature", "properties": { "confidence": 0.725, "dark_vessel": true, "matched_mmsi": null, "matched_name": null, "dist_km": 2.28 }, "geometry": { "type": "Point", "coordinates": [ 15.2575439453125, 55.4853515625 ] } },
{ "type": "Feature", "properties": { "confidence": 0.68, "dark_vessel": true, "matched_mmsi": null, "matched_name": null, "dist_km": 2.22 }, "geometry": { "type": "Point", "coordinates": [ 15.31884765625, 55.485058593749997 ] } },
{ "type": "Feature", "properties": { "confidence": 0.777, "dark_vessel": false, "matched_mmsi": 220189000.0, "matched_name": "HDMS ABSALON", "dist_km": 1.17 }, "geometry": { "type": "Point", "coordinates": [ 15.2834716796875, 55.4849853515625 ] } },
{ "type": "Feature", "properties": { "confidence": 0.631, "dark_vessel": false, "matched_mmsi": 220189000.0, "matched_name": "HDMS ABSALON", "dist_km": 1.74 }, "geometry": { "type": "Point", "coordinates": [ 15.309326171875, 55.485131835937501 ] } },
{ "type": "Feature", "properties": { "confidence": 0.66, "dark_vessel": false, "matched_mmsi": 220189000.0, "matched_name": "HDMS ABSALON", "dist_km": 1.97 }, "geometry": { "type": "Point", "coordinates": [ 15.314160156250001, 55.4849853515625 ] } },
{ "type": "Feature", "properties": { "confidence": 0.874, "dark_vessel": true, "matched_mmsi": null, "matched_name": null, "dist_km": 2.23 }, "geometry": { "type": "Point", "coordinates": [ 15.2576904296875, 55.484692382812497 ] } },
{ "type": "Feature", "properties": { "confidence": 0.671, "dark_vessel": false, "matched_mmsi": 220189000.0, "matched_name": "HDMS ABSALON", "dist_km": 1.92 }, "geometry": { "type": "Point", "coordinates": [ 15.3133544921875, 55.484838867187499 ] } },
{ "type": "Feature", "properties": { "confidence": 0.673, "dark_vessel": true, "matched_mmsi": null, "matched_name": null, "dist_km": 2.34 }, "geometry": { "type": "Point", "coordinates": [ 15.32119140625, 55.484838867187499 ] } },
{ "type": "Feature", "properties": { "confidence": 0.604, "dark_vessel": true, "matched_mmsi": null, "matched_name": null, "dist_km": 2.86 }, "geometry": { "type": "Point", "coordinates": [ 15.33056640625, 55.484692382812497 ] } },
{ "type": "Feature", "properties": { "confidence": 0.641, "dark_vessel": true, "matched_mmsi": null, "matched_name": null, "dist_km": 8.47 }, "geometry": { "type": "Point", "coordinates": [ 15.421826171875001, 55.484692382812497 ] } },
{ "type": "Feature", "properties": { "confidence": 0.709, "dark_vessel": false, "matched_mmsi": 220189000.0, "matched_name": "HDMS ABSALON", "dist_km": 1.83 }, "geometry": { "type": "Point", "coordinates": [ 15.311962890625001, 55.484545898437503 ] } },
{ "type": "Feature", "properties": { "confidence": 0.632, "dark_vessel": false, "matched_mmsi": 220189000.0, "matched_name": "HDMS ABSALON", "dist_km": 1.48 }, "geometry": { "type": "Point", "coordinates": [ 15.27197265625, 55.4842529296875 ] } },
{ "type": "Feature", "properties": { "confidence": 0.687, "dark_vessel": true, "matched_mmsi": null, "matched_name": null, "dist_km": 2.33 }, "geometry": { "type": "Point", "coordinates": [ 15.321630859375, 55.4842529296875 ] } },
{ "type": "Feature", "properties": { "confidence": 0.752, "dark_vessel": true, "matched_mmsi": null, "matched_name": null, "dist_km": 2.2 }, "geometry": { "type": "Point", "coordinates": [ 15.319506835937499, 55.484106445312499 ] } },
{ "type": "Feature", "properties": { "confidence": 0.798, "dark_vessel": true, "matched_mmsi": null, "matched_name": null, "dist_km": 2.1 }, "geometry": { "type": "Point", "coordinates": [ 15.317822265625001, 55.48388671875 ] } },
{ "type": "Feature", "properties": { "confidence": 0.578, "dark_vessel": true, "matched_mmsi": null, "matched_name": null, "dist_km": 2.16 }, "geometry": { "type": "Point", "coordinates": [ 15.318920898437501, 55.48388671875 ] } },
{ "type": "Feature", "properties": { "confidence": 0.581, "dark_vessel": false, "matched_mmsi": 220189000.0, "matched_name": "HDMS ABSALON", "dist_km": 1.05 }, "geometry": { "type": "Point", "coordinates": [ 15.283032226562501, 55.483740234374999 ] } },
{ "type": "Feature", "properties": { "confidence": 1.0, "dark_vessel": false, "matched_mmsi": 220189000.0, "matched_name": "HDMS ABSALON", "dist_km": 1.01 }, "geometry": { "type": "Point", "coordinates": [ 15.291308593749999, 55.483813476562503 ] } },
{ "type": "Feature", "properties": { "confidence": 0.628, "dark_vessel": true, "matched_mmsi": null, "matched_name": null, "dist_km": 2.3 }, "geometry": { "type": "Point", "coordinates": [ 15.3214111328125, 55.483813476562503 ] } },
{ "type": "Feature", "properties": { "confidence": 0.608, "dark_vessel": true, "matched_mmsi": null, "matched_name": null, "dist_km": 2.47 }, "geometry": { "type": "Point", "coordinates": [ 15.3244873046875, 55.483666992187501 ] } },
{ "type": "Feature", "properties": { "confidence": 0.83, "dark_vessel": true, "matched_mmsi": null, "matched_name": null, "dist_km": 2.13 }, "geometry": { "type": "Point", "coordinates": [ 15.31884765625, 55.483374023437499 ] } },
{ "type": "Feature", "properties": { "confidence": 0.693, "dark_vessel": true, "matched_mmsi": null, "matched_name": null, "dist_km": 2.3 }, "geometry": { "type": "Point", "coordinates": [ 15.321850585937501, 55.483447265625003 ] } },
{ "type": "Feature", "properties": { "confidence": 0.647, "dark_vessel": true, "matched_mmsi": null, "matched_name": null, "dist_km": 9.23 }, "geometry": { "type": "Point", "coordinates": [ 15.434277343750001, 55.483447265625003 ] } },
{ "type": "Feature", "properties": { "confidence": 0.827, "dark_vessel": true, "matched_mmsi": null, "matched_name": null, "dist_km": 2.26 }, "geometry": { "type": "Point", "coordinates": [ 15.255932617187501, 55.483300781250001 ] } },
{ "type": "Feature", "properties": { "confidence": 0.737, "dark_vessel": true, "matched_mmsi": null, "matched_name": null, "dist_km": 2.23 }, "geometry": { "type": "Point", "coordinates": [ 15.320605468749999, 55.483300781250001 ] } },
{ "type": "Feature", "properties": { "confidence": 0.687, "dark_vessel": true, "matched_mmsi": null, "matched_name": null, "dist_km": 2.19 }, "geometry": { "type": "Point", "coordinates": [ 15.3199462890625, 55.483227539062497 ] } },
{ "type": "Feature", "properties": { "confidence": 0.573, "dark_vessel": true, "matched_mmsi": null, "matched_name": null, "dist_km": 2.86 }, "geometry": { "type": "Point", "coordinates": [ 15.3315185546875, 55.483081054687503 ] } },
{ "type": "Feature", "properties": { "confidence": 0.707, "dark_vessel": true, "matched_mmsi": null, "matched_name": null, "dist_km": 2.14 }, "geometry": { "type": "Point", "coordinates": [ 15.31943359375, 55.4827880859375 ] } },
{ "type": "Feature", "properties": { "confidence": 0.738, "dark_vessel": false, "matched_mmsi": 220189000.0, "matched_name": "HDMS ABSALON", "dist_km": 1.05 }, "geometry": { "type": "Point", "coordinates": [ 15.299365234374999, 55.481982421875003 ] } },
{ "type": "Feature", "properties": { "confidence": 0.854, "dark_vessel": true, "matched_mmsi": null, "matched_name": null, "dist_km": 4.11 }, "geometry": { "type": "Point", "coordinates": [ 15.352465820312501, 55.4820556640625 ] } },
{ "type": "Feature", "properties": { "confidence": 0.645, "dark_vessel": true, "matched_mmsi": null, "matched_name": null, "dist_km": 2.1 }, "geometry": { "type": "Point", "coordinates": [ 15.3193603515625, 55.481982421875003 ] } },
{ "type": "Feature", "properties": { "confidence": 0.645, "dark_vessel": true, "matched_mmsi": null, "matched_name": null, "dist_km": 2.82 }, "geometry": { "type": "Point", "coordinates": [ 15.3316650390625, 55.481835937500001 ] } },
{ "type": "Feature", "properties": { "confidence": 0.944, "dark_vessel": true, "matched_mmsi": null, "matched_name": null, "dist_km": 2.08 }, "geometry": { "type": "Point", "coordinates": [ 15.257470703125, 55.48095703125 ] } },
{ "type": "Feature", "properties": { "confidence": 0.586, "dark_vessel": true, "matched_mmsi": null, "matched_name": null, "dist_km": 3.57 }, "geometry": { "type": "Point", "coordinates": [ 15.344775390625001, 55.478686523437503 ] } },
{ "type": "Feature", "properties": { "confidence": 0.698, "dark_vessel": true, "matched_mmsi": null, "matched_name": null, "dist_km": 3.42 }, "geometry": { "type": "Point", "coordinates": [ 15.342431640625, 55.478540039062501 ] } },
{ "type": "Feature", "properties": { "confidence": 0.664, "dark_vessel": true, "matched_mmsi": null, "matched_name": null, "dist_km": 3.49 }, "geometry": { "type": "Point", "coordinates": [ 15.343603515625, 55.478466796874997 ] } },
{ "type": "Feature", "properties": { "confidence": 0.722, "dark_vessel": true, "matched_mmsi": null, "matched_name": null, "dist_km": 9.94 }, "geometry": { "type": "Point", "coordinates": [ 15.446142578125, 55.478247070312499 ] } },
{ "type": "Feature", "properties": { "confidence": 0.78, "dark_vessel": false, "matched_mmsi": 220189000.0, "matched_name": "HDMS ABSALON", "dist_km": 0.77 }, "geometry": { "type": "Point", "coordinates": [ 15.299511718750001, 55.477954101562503 ] } },
{ "type": "Feature", "properties": { "confidence": 0.725, "dark_vessel": true, "matched_mmsi": null, "matched_name": null, "dist_km": 3.43 }, "geometry": { "type": "Point", "coordinates": [ 15.3427978515625, 55.477954101562503 ] } },
{ "type": "Feature", "properties": { "confidence": 0.631, "dark_vessel": true, "matched_mmsi": null, "matched_name": null, "dist_km": 9.88 }, "geometry": { "type": "Point", "coordinates": [ 15.445263671875001, 55.477954101562503 ] } },
{ "type": "Feature", "properties": { "confidence": 0.928, "dark_vessel": false, "matched_mmsi": 220189000.0, "matched_name": "HDMS ABSALON", "dist_km": 0.67 }, "geometry": { "type": "Point", "coordinates": [ 15.298266601562499, 55.477294921875 ] } },
{ "type": "Feature", "properties": { "confidence": 0.747, "dark_vessel": true, "matched_mmsi": null, "matched_name": null, "dist_km": 3.39 }, "geometry": { "type": "Point", "coordinates": [ 15.342138671875, 55.477441406250001 ] } },
{ "type": "Feature", "properties": { "confidence": 0.651, "dark_vessel": true, "matched_mmsi": null, "matched_name": null, "dist_km": 3.45 }, "geometry": { "type": "Point", "coordinates": [ 15.3431640625, 55.477368164062497 ] } },
{ "type": "Feature", "properties": { "confidence": 0.717, "dark_vessel": false, "matched_mmsi": 220189000.0, "matched_name": "HDMS ABSALON", "dist_km": 0.3 }, "geometry": { "type": "Point", "coordinates": [ 15.285449218749999, 55.476855468750003 ] } },
{ "type": "Feature", "properties": { "confidence": 0.929, "dark_vessel": false, "matched_mmsi": 220189000.0, "matched_name": "HDMS ABSALON", "dist_km": 0.93 }, "geometry": { "type": "Point", "coordinates": [ 15.303027343749999, 55.476635742187497 ] } },
{ "type": "Feature", "properties": { "confidence": 1.0, "dark_vessel": false, "matched_mmsi": 220189000.0, "matched_name": "HDMS ABSALON", "dist_km": 0.15 }, "geometry": { "type": "Point", "coordinates": [ 15.2862548828125, 55.475170898437497 ] } },
{ "type": "Feature", "properties": { "confidence": 0.953, "dark_vessel": false, "matched_mmsi": 220189000.0, "matched_name": "HDMS ABSALON", "dist_km": 0.45 }, "geometry": { "type": "Point", "coordinates": [ 15.2956298828125, 55.475317382812499 ] } },
{ "type": "Feature", "properties": { "confidence": 0.639, "dark_vessel": true, "matched_mmsi": null, "matched_name": null, "dist_km": 2.51 }, "geometry": { "type": "Point", "coordinates": [ 15.328442382812501, 55.475830078125 ] } },
{ "type": "Feature", "properties": { "confidence": 0.576, "dark_vessel": true, "matched_mmsi": null, "matched_name": null, "dist_km": 9.95 }, "geometry": { "type": "Point", "coordinates": [ 15.446435546875, 55.475610351562501 ] } },
{ "type": "Feature", "properties": { "confidence": 0.998, "dark_vessel": false, "matched_mmsi": 220189000.0, "matched_name": "HDMS ABSALON", "dist_km": 1.86 }, "geometry": { "type": "Point", "coordinates": [ 15.318041992187499, 55.473852539062499 ] } },
{ "type": "Feature", "properties": { "confidence": 0.969, "dark_vessel": false, "matched_mmsi": 220189000.0, "matched_name": "HDMS ABSALON", "dist_km": 1.3 }, "geometry": { "type": "Point", "coordinates": [ 15.309252929687499, 55.4747314453125 ] } },
{ "type": "Feature", "properties": { "confidence": 0.59, "dark_vessel": true, "matched_mmsi": null, "matched_name": null, "dist_km": 2.49 }, "geometry": { "type": "Point", "coordinates": [ 15.3281494140625, 55.474951171874999 ] } },
{ "type": "Feature", "properties": { "confidence": 0.91, "dark_vessel": false, "matched_mmsi": 220189000.0, "matched_name": "HDMS ABSALON", "dist_km": 0.1 }, "geometry": { "type": "Point", "coordinates": [ 15.2893310546875, 55.474072265624997 ] } },
{ "type": "Feature", "properties": { "confidence": 0.657, "dark_vessel": true, "matched_mmsi": null, "matched_name": null, "dist_km": 5.18 }, "geometry": { "type": "Point", "coordinates": [ 15.370703125, 55.473706054687497 ] } },
{ "type": "Feature", "properties": { "confidence": 0.616, "dark_vessel": true, "matched_mmsi": null, "matched_name": null, "dist_km": 3.33 }, "geometry": { "type": "Point", "coordinates": [ 15.341259765625001, 55.473046875 ] } },
{ "type": "Feature", "properties": { "confidence": 1.0, "dark_vessel": false, "matched_mmsi": 220189000.0, "matched_name": "HDMS ABSALON", "dist_km": 1.44 }, "geometry": { "type": "Point", "coordinates": [ 15.3111572265625, 55.472680664062501 ] } },
{ "type": "Feature", "properties": { "confidence": 1.0, "dark_vessel": false, "matched_mmsi": 220189000.0, "matched_name": "HDMS ABSALON", "dist_km": 0.37 }, "geometry": { "type": "Point", "coordinates": [ 15.285229492187501, 55.472094726562503 ] } },
{ "type": "Feature", "properties": { "confidence": 0.79, "dark_vessel": false, "matched_mmsi": 220189000.0, "matched_name": "HDMS ABSALON", "dist_km": 1.55 }, "geometry": { "type": "Point", "coordinates": [ 15.312841796875, 55.4725341796875 ] } },
{ "type": "Feature", "properties": { "confidence": 0.876, "dark_vessel": false, "matched_mmsi": 220189000.0, "matched_name": "HDMS ABSALON", "dist_km": 1.83 }, "geometry": { "type": "Point", "coordinates": [ 15.317309570312499, 55.47216796875 ] } },
{ "type": "Feature", "properties": { "confidence": 1.0, "dark_vessel": false, "matched_mmsi": 220189000.0, "matched_name": "HDMS ABSALON", "dist_km": 1.66 }, "geometry": { "type": "Point", "coordinates": [ 15.314013671874999, 55.470996093750003 ] } },
{ "type": "Feature", "properties": { "confidence": 0.74, "dark_vessel": true, "matched_mmsi": null, "matched_name": null, "dist_km": 3.54 }, "geometry": { "type": "Point", "coordinates": [ 15.344409179687501, 55.471508789062497 ] } },
{ "type": "Feature", "properties": { "confidence": 0.947, "dark_vessel": false, "matched_mmsi": 220189000.0, "matched_name": "HDMS ABSALON", "dist_km": 0.44 }, "geometry": { "type": "Point", "coordinates": [ 15.291088867187501, 55.471142578124997 ] } },
{ "type": "Feature", "properties": { "confidence": 1.0, "dark_vessel": false, "matched_mmsi": 220189000.0, "matched_name": "HDMS ABSALON", "dist_km": 0.6 }, "geometry": { "type": "Point", "coordinates": [ 15.284130859375001, 55.470043945312497 ] } },
{ "type": "Feature", "properties": { "confidence": 1.0, "dark_vessel": false, "matched_mmsi": 220189000.0, "matched_name": "HDMS ABSALON", "dist_km": 0.54 }, "geometry": { "type": "Point", "coordinates": [ 15.2885986328125, 55.469970703125 ] } },
{ "type": "Feature", "properties": { "confidence": 0.6, "dark_vessel": true, "matched_mmsi": null, "matched_name": null, "dist_km": 10.51 }, "geometry": { "type": "Point", "coordinates": [ 15.455151367187501, 55.4703369140625 ] } },
{ "type": "Feature", "properties": { "confidence": 1.0, "dark_vessel": false, "matched_mmsi": 220189000.0, "matched_name": "HDMS ABSALON", "dist_km": 0.66 }, "geometry": { "type": "Point", "coordinates": [ 15.283984375, 55.469458007812499 ] } },
{ "type": "Feature", "properties": { "confidence": 0.66, "dark_vessel": true, "matched_mmsi": null, "matched_name": null, "dist_km": 10.28 }, "geometry": { "type": "Point", "coordinates": [ 15.451489257812501, 55.4696044921875 ] } },
{ "type": "Feature", "properties": { "confidence": 0.676, "dark_vessel": true, "matched_mmsi": null, "matched_name": null, "dist_km": 6.56 }, "geometry": { "type": "Point", "coordinates": [ 15.39208984375, 55.469018554687501 ] } },
{ "type": "Feature", "properties": { "confidence": 0.753, "dark_vessel": true, "matched_mmsi": null, "matched_name": null, "dist_km": 10.53 }, "geometry": { "type": "Point", "coordinates": [ 15.455224609375, 55.468579101562497 ] } },
{ "type": "Feature", "properties": { "confidence": 0.725, "dark_vessel": true, "matched_mmsi": null, "matched_name": null, "dist_km": 9.93 }, "geometry": { "type": "Point", "coordinates": [ 15.445629882812501, 55.468212890624997 ] } },
{ "type": "Feature", "properties": { "confidence": 0.853, "dark_vessel": true, "matched_mmsi": null, "matched_name": null, "dist_km": 9.9 }, "geometry": { "type": "Point", "coordinates": [ 15.445117187500001, 55.467846679687497 ] } },
{ "type": "Feature", "properties": { "confidence": 0.687, "dark_vessel": true, "matched_mmsi": null, "matched_name": null, "dist_km": 10.21 }, "geometry": { "type": "Point", "coordinates": [ 15.45009765625, 55.4677734375 ] } },
{ "type": "Feature", "properties": { "confidence": 0.671, "dark_vessel": true, "matched_mmsi": null, "matched_name": null, "dist_km": 9.9 }, "geometry": { "type": "Point", "coordinates": [ 15.445117187500001, 55.467114257812497 ] } },
{ "type": "Feature", "properties": { "confidence": 0.775, "dark_vessel": true, "matched_mmsi": null, "matched_name": null, "dist_km": 10.28 }, "geometry": { "type": "Point", "coordinates": [ 15.451123046875001, 55.466894531249999 ] } },
{ "type": "Feature", "properties": { "confidence": 0.63, "dark_vessel": true, "matched_mmsi": null, "matched_name": null, "dist_km": 10.52 }, "geometry": { "type": "Point", "coordinates": [ 15.4547119140625, 55.466088867187501 ] } },
{ "type": "Feature", "properties": { "confidence": 0.677, "dark_vessel": true, "matched_mmsi": null, "matched_name": null, "dist_km": 4.21 }, "geometry": { "type": "Point", "coordinates": [ 15.3534912109375, 55.465795898437499 ] } },
{ "type": "Feature", "properties": { "confidence": 0.589, "dark_vessel": true, "matched_mmsi": null, "matched_name": null, "dist_km": 10.29 }, "geometry": { "type": "Point", "coordinates": [ 15.451123046875001, 55.465795898437499 ] } },
{ "type": "Feature", "properties": { "confidence": 0.849, "dark_vessel": true, "matched_mmsi": null, "matched_name": null, "dist_km": 9.93 }, "geometry": { "type": "Point", "coordinates": [ 15.4451904296875, 55.465283203124997 ] } },
{ "type": "Feature", "properties": { "confidence": 0.603, "dark_vessel": true, "matched_mmsi": null, "matched_name": null, "dist_km": 4.72 }, "geometry": { "type": "Point", "coordinates": [ 15.361328125, 55.464916992187497 ] } },
{ "type": "Feature", "properties": { "confidence": 0.756, "dark_vessel": true, "matched_mmsi": null, "matched_name": null, "dist_km": 10.44 }, "geometry": { "type": "Point", "coordinates": [ 15.453173828125001, 55.464624023437501 ] } },
{ "type": "Feature", "properties": { "confidence": 0.652, "dark_vessel": true, "matched_mmsi": null, "matched_name": null, "dist_km": 3.67 }, "geometry": { "type": "Point", "coordinates": [ 15.343823242187501, 55.464404296875003 ] } },
{ "type": "Feature", "properties": { "confidence": 1.0, "dark_vessel": true, "matched_mmsi": null, "matched_name": null, "dist_km": 2.1 }, "geometry": { "type": "Point", "coordinates": [ 15.261425781250001, 55.463964843749999 ] } },
{ "type": "Feature", "properties": { "confidence": 0.717, "dark_vessel": true, "matched_mmsi": null, "matched_name": null, "dist_km": 3.59 }, "geometry": { "type": "Point", "coordinates": [ 15.342211914062501, 55.463891601562501 ] } },
{ "type": "Feature", "properties": { "confidence": 0.872, "dark_vessel": true, "matched_mmsi": null, "matched_name": null, "dist_km": 3.17 }, "geometry": { "type": "Point", "coordinates": [ 15.334814453125, 55.463671875 ] } },
{ "type": "Feature", "properties": { "confidence": 0.751, "dark_vessel": true, "matched_mmsi": null, "matched_name": null, "dist_km": 3.55 }, "geometry": { "type": "Point", "coordinates": [ 15.3413330078125, 55.463598632812499 ] } },
{ "type": "Feature", "properties": { "confidence": 0.659, "dark_vessel": true, "matched_mmsi": null, "matched_name": null, "dist_km": 10.02 }, "geometry": { "type": "Point", "coordinates": [ 15.4462890625, 55.463598632812499 ] } },
{ "type": "Feature", "properties": { "confidence": 0.554, "dark_vessel": true, "matched_mmsi": null, "matched_name": null, "dist_km": 10.59 }, "geometry": { "type": "Point", "coordinates": [ 15.455371093750001, 55.463452148437497 ] } },
{ "type": "Feature", "properties": { "confidence": 0.691, "dark_vessel": true, "matched_mmsi": null, "matched_name": null, "dist_km": 10.04 }, "geometry": { "type": "Point", "coordinates": [ 15.446582031250001, 55.463305664062503 ] } },
{ "type": "Feature", "properties": { "confidence": 1.0, "dark_vessel": true, "matched_mmsi": null, "matched_name": null, "dist_km": 2.26 }, "geometry": { "type": "Point", "coordinates": [ 15.259960937500001, 55.462573242187503 ] } },
{ "type": "Feature", "properties": { "confidence": 0.687, "dark_vessel": true, "matched_mmsi": null, "matched_name": null, "dist_km": 3.62 }, "geometry": { "type": "Point", "coordinates": [ 15.341992187500001, 55.462939453125003 ] } },
{ "type": "Feature", "properties": { "confidence": 0.758, "dark_vessel": true, "matched_mmsi": null, "matched_name": null, "dist_km": 10.03 }, "geometry": { "type": "Point", "coordinates": [ 15.446215820312501, 55.462719726562497 ] } },
{ "type": "Feature", "properties": { "confidence": 0.666, "dark_vessel": true, "matched_mmsi": null, "matched_name": null, "dist_km": 10.48 }, "geometry": { "type": "Point", "coordinates": [ 15.453466796875, 55.462866210937499 ] } },
{ "type": "Feature", "properties": { "confidence": 0.705, "dark_vessel": true, "matched_mmsi": null, "matched_name": null, "dist_km": 10.57 }, "geometry": { "type": "Point", "coordinates": [ 15.454931640625, 55.462866210937499 ] } },
{ "type": "Feature", "properties": { "confidence": 0.707, "dark_vessel": true, "matched_mmsi": null, "matched_name": null, "dist_km": 10.08 }, "geometry": { "type": "Point", "coordinates": [ 15.4468017578125, 55.4619140625 ] } },
{ "type": "Feature", "properties": { "confidence": 0.819, "dark_vessel": true, "matched_mmsi": null, "matched_name": null, "dist_km": 3.48 }, "geometry": { "type": "Point", "coordinates": [ 15.338549804687501, 55.4615478515625 ] } },
{ "type": "Feature", "properties": { "confidence": 0.654, "dark_vessel": true, "matched_mmsi": null, "matched_name": null, "dist_km": 3.39 }, "geometry": { "type": "Point", "coordinates": [ 15.3366455078125, 55.461181640625 ] } },
{ "type": "Feature", "properties": { "confidence": 0.633, "dark_vessel": true, "matched_mmsi": null, "matched_name": null, "dist_km": 4.14 }, "geometry": { "type": "Point", "coordinates": [ 15.3498291015625, 55.461401367187499 ] } },
{ "type": "Feature", "properties": { "confidence": 0.667, "dark_vessel": true, "matched_mmsi": null, "matched_name": null, "dist_km": 9.18 }, "geometry": { "type": "Point", "coordinates": [ 15.4322265625, 55.461401367187499 ] } },
{ "type": "Feature", "properties": { "confidence": 0.557, "dark_vessel": true, "matched_mmsi": null, "matched_name": null, "dist_km": 4.69 }, "geometry": { "type": "Point", "coordinates": [ 15.3589111328125, 55.461181640625 ] } },
{ "type": "Feature", "properties": { "confidence": 0.749, "dark_vessel": true, "matched_mmsi": null, "matched_name": null, "dist_km": 10.4 }, "geometry": { "type": "Point", "coordinates": [ 15.451708984375001, 55.460742187500003 ] } },
{ "type": "Feature", "properties": { "confidence": 0.632, "dark_vessel": true, "matched_mmsi": null, "matched_name": null, "dist_km": 10.46 }, "geometry": { "type": "Point", "coordinates": [ 15.4526611328125, 55.460888671874997 ] } },
{ "type": "Feature", "properties": { "confidence": 0.888, "dark_vessel": true, "matched_mmsi": null, "matched_name": null, "dist_km": 3.35 }, "geometry": { "type": "Point", "coordinates": [ 15.3351806640625, 55.460375976562503 ] } },
{ "type": "Feature", "properties": { "confidence": 0.746, "dark_vessel": true, "matched_mmsi": null, "matched_name": null, "dist_km": 3.69 }, "geometry": { "type": "Point", "coordinates": [ 15.341479492187501, 55.460522460937497 ] } },
{ "type": "Feature", "properties": { "confidence": 1.0, "dark_vessel": true, "matched_mmsi": null, "matched_name": null, "dist_km": 2.18 }, "geometry": { "type": "Point", "coordinates": [ 15.3118896484375, 55.460375976562503 ] } },
{ "type": "Feature", "properties": { "confidence": 0.874, "dark_vessel": true, "matched_mmsi": null, "matched_name": null, "dist_km": 10.3 }, "geometry": { "type": "Point", "coordinates": [ 15.449877929687501, 55.460009765625003 ] } },
{ "type": "Feature", "properties": { "confidence": 1.0, "dark_vessel": true, "matched_mmsi": null, "matched_name": null, "dist_km": 2.63 }, "geometry": { "type": "Point", "coordinates": [ 15.32119140625, 55.4600830078125 ] } },
{ "type": "Feature", "properties": { "confidence": 0.831, "dark_vessel": true, "matched_mmsi": null, "matched_name": null, "dist_km": 3.17 }, "geometry": { "type": "Point", "coordinates": [ 15.331372070312501, 55.459936523437499 ] } },
{ "type": "Feature", "properties": { "confidence": 0.7, "dark_vessel": true, "matched_mmsi": null, "matched_name": null, "dist_km": 9.23 }, "geometry": { "type": "Point", "coordinates": [ 15.4327392578125, 55.4600830078125 ] } },
{ "type": "Feature", "properties": { "confidence": 0.853, "dark_vessel": true, "matched_mmsi": null, "matched_name": null, "dist_km": 10.23 }, "geometry": { "type": "Point", "coordinates": [ 15.448779296875001, 55.4600830078125 ] } },
{ "type": "Feature", "properties": { "confidence": 0.686, "dark_vessel": true, "matched_mmsi": null, "matched_name": null, "dist_km": 3.74 }, "geometry": { "type": "Point", "coordinates": [ 15.341479492187501, 55.459643554687503 ] } },
{ "type": "Feature", "properties": { "confidence": 0.669, "dark_vessel": true, "matched_mmsi": null, "matched_name": null, "dist_km": 4.77 }, "geometry": { "type": "Point", "coordinates": [ 15.358984375, 55.459057617187497 ] } },
{ "type": "Feature", "properties": { "confidence": 0.84, "dark_vessel": true, "matched_mmsi": null, "matched_name": null, "dist_km": 3.52 }, "geometry": { "type": "Point", "coordinates": [ 15.336572265625, 55.4586181640625 ] } },
{ "type": "Feature", "properties": { "confidence": 0.909, "dark_vessel": true, "matched_mmsi": null, "matched_name": null, "dist_km": 2.9 }, "geometry": { "type": "Point", "coordinates": [ 15.323901367187499, 55.458105468749999 ] } },
{ "type": "Feature", "properties": { "confidence": 0.956, "dark_vessel": false, "matched_mmsi": 220189000.0, "matched_name": "HDMS ABSALON", "dist_km": 1.97 }, "geometry": { "type": "Point", "coordinates": [ 15.27841796875, 55.458105468749999 ] } },
{ "type": "Feature", "properties": { "confidence": 0.637, "dark_vessel": true, "matched_mmsi": null, "matched_name": null, "dist_km": 5.41 }, "geometry": { "type": "Point", "coordinates": [ 15.368945312500001, 55.4578857421875 ] } },
{ "type": "Feature", "properties": { "confidence": 0.978, "dark_vessel": true, "matched_mmsi": null, "matched_name": null, "dist_km": 3.76 }, "geometry": { "type": "Point", "coordinates": [ 15.336499023437501, 55.454736328125001 ] } },
{ "type": "Feature", "properties": { "confidence": 0.711, "dark_vessel": true, "matched_mmsi": null, "matched_name": null, "dist_km": 4.02 }, "geometry": { "type": "Point", "coordinates": [ 15.3443359375, 55.457299804687501 ] } },
{ "type": "Feature", "properties": { "confidence": 1.0, "dark_vessel": true, "matched_mmsi": null, "matched_name": null, "dist_km": 2.83 }, "geometry": { "type": "Point", "coordinates": [ 15.3206787109375, 55.457006835937499 ] } },
{ "type": "Feature", "properties": { "confidence": 1.0, "dark_vessel": true, "matched_mmsi": null, "matched_name": null, "dist_km": 2.86 }, "geometry": { "type": "Point", "coordinates": [ 15.321484375, 55.457080078125003 ] } },
{ "type": "Feature", "properties": { "confidence": 0.642, "dark_vessel": true, "matched_mmsi": null, "matched_name": null, "dist_km": 4.08 }, "geometry": { "type": "Point", "coordinates": [ 15.345068359375, 55.456860351562497 ] } },
{ "type": "Feature", "properties": { "confidence": 0.862, "dark_vessel": true, "matched_mmsi": null, "matched_name": null, "dist_km": 2.84 }, "geometry": { "type": "Point", "coordinates": [ 15.320166015625, 55.456567382812501 ] } },
{ "type": "Feature", "properties": { "confidence": 0.624, "dark_vessel": true, "matched_mmsi": null, "matched_name": null, "dist_km": 3.85 }, "geometry": { "type": "Point", "coordinates": [ 15.340380859375001, 55.456494140624997 ] } },
{ "type": "Feature", "properties": { "confidence": 0.872, "dark_vessel": true, "matched_mmsi": null, "matched_name": null, "dist_km": 3.63 }, "geometry": { "type": "Point", "coordinates": [ 15.335034179687501, 55.455615234375003 ] } },
{ "type": "Feature", "properties": { "confidence": 0.676, "dark_vessel": true, "matched_mmsi": null, "matched_name": null, "dist_km": 3.88 }, "geometry": { "type": "Point", "coordinates": [ 15.3404541015625, 55.455981445312503 ] } },
{ "type": "Feature", "properties": { "confidence": 0.606, "dark_vessel": true, "matched_mmsi": null, "matched_name": null, "dist_km": 11.51 }, "geometry": { "type": "Point", "coordinates": [ 15.4680419921875, 55.455981445312503 ] } },
{ "type": "Feature", "properties": { "confidence": 0.945, "dark_vessel": true, "matched_mmsi": null, "matched_name": null, "dist_km": 3.29 }, "geometry": { "type": "Point", "coordinates": [ 15.328515625, 55.455761718749997 ] } },
{ "type": "Feature", "properties": { "confidence": 0.704, "dark_vessel": true, "matched_mmsi": null, "matched_name": null, "dist_km": 4.58 }, "geometry": { "type": "Point", "coordinates": [ 15.3529052734375, 55.455761718749997 ] } },
{ "type": "Feature", "properties": { "confidence": 0.744, "dark_vessel": true, "matched_mmsi": null, "matched_name": null, "dist_km": 10.33 }, "geometry": { "type": "Point", "coordinates": [ 15.448925781250001, 55.455615234375003 ] } },
{ "type": "Feature", "properties": { "confidence": 0.972, "dark_vessel": true, "matched_mmsi": null, "matched_name": null, "dist_km": 3.24 }, "geometry": { "type": "Point", "coordinates": [ 15.3267578125, 55.455395507812497 ] } },
{ "type": "Feature", "properties": { "confidence": 1.0, "dark_vessel": true, "matched_mmsi": null, "matched_name": null, "dist_km": 3.5 }, "geometry": { "type": "Point", "coordinates": [ 15.33115234375, 55.45458984375 ] } },
{ "type": "Feature", "properties": { "confidence": 0.878, "dark_vessel": true, "matched_mmsi": null, "matched_name": null, "dist_km": 3.57 }, "geometry": { "type": "Point", "coordinates": [ 15.333642578125, 55.455322265625 ] } },
{ "type": "Feature", "properties": { "confidence": 0.765, "dark_vessel": true, "matched_mmsi": null, "matched_name": null, "dist_km": 3.34 }, "geometry": { "type": "Point", "coordinates": [ 15.328955078125, 55.455322265625 ] } },
{ "type": "Feature", "properties": { "confidence": 0.628, "dark_vessel": true, "matched_mmsi": null, "matched_name": null, "dist_km": 4.67 }, "geometry": { "type": "Point", "coordinates": [ 15.354150390625, 55.455249023437503 ] } },
{ "type": "Feature", "properties": { "confidence": 0.959, "dark_vessel": true, "matched_mmsi": null, "matched_name": null, "dist_km": 3.18 }, "geometry": { "type": "Point", "coordinates": [ 15.3249267578125, 55.4549560546875 ] } },
{ "type": "Feature", "properties": { "confidence": 0.923, "dark_vessel": true, "matched_mmsi": null, "matched_name": null, "dist_km": 3.39 }, "geometry": { "type": "Point", "coordinates": [ 15.3291015625, 55.454736328125001 ] } },
{ "type": "Feature", "properties": { "confidence": 0.64, "dark_vessel": true, "matched_mmsi": null, "matched_name": null, "dist_km": 3.62 }, "geometry": { "type": "Point", "coordinates": [ 15.33408203125, 55.4549560546875 ] } },
{ "type": "Feature", "properties": { "confidence": 0.668, "dark_vessel": true, "matched_mmsi": null, "matched_name": null, "dist_km": 10.93 }, "geometry": { "type": "Point", "coordinates": [ 15.458300781250001, 55.454809570312499 ] } },
{ "type": "Feature", "properties": { "confidence": 0.832, "dark_vessel": true, "matched_mmsi": null, "matched_name": null, "dist_km": 3.46 }, "geometry": { "type": "Point", "coordinates": [ 15.329907226562501, 55.454370117187501 ] } },
{ "type": "Feature", "properties": { "confidence": 0.762, "dark_vessel": true, "matched_mmsi": null, "matched_name": null, "dist_km": 10.6 }, "geometry": { "type": "Point", "coordinates": [ 15.452807617187501, 55.4542236328125 ] } },
{ "type": "Feature", "properties": { "confidence": 1.0, "dark_vessel": true, "matched_mmsi": null, "matched_name": null, "dist_km": 2.98 }, "geometry": { "type": "Point", "coordinates": [ 15.3176025390625, 55.453710937499999 ] } },
{ "type": "Feature", "properties": { "confidence": 0.641, "dark_vessel": true, "matched_mmsi": null, "matched_name": null, "dist_km": 4.35 }, "geometry": { "type": "Point", "coordinates": [ 15.346972656250001, 55.454003906250001 ] } },
{ "type": "Feature", "properties": { "confidence": 0.801, "dark_vessel": true, "matched_mmsi": null, "matched_name": null, "dist_km": 3.69 }, "geometry": { "type": "Point", "coordinates": [ 15.333642578125, 55.453710937499999 ] } },
{ "type": "Feature", "properties": { "confidence": 1.0, "dark_vessel": true, "matched_mmsi": null, "matched_name": null, "dist_km": 2.4 }, "geometry": { "type": "Point", "coordinates": [ 15.2817138671875, 55.453564453124997 ] } },
{ "type": "Feature", "properties": { "confidence": 0.947, "dark_vessel": true, "matched_mmsi": null, "matched_name": null, "dist_km": 3.26 }, "geometry": { "type": "Point", "coordinates": [ 15.323828125, 55.453344726562499 ] } },
{ "type": "Feature", "properties": { "confidence": 0.787, "dark_vessel": true, "matched_mmsi": null, "matched_name": null, "dist_km": 3.86 }, "geometry": { "type": "Point", "coordinates": [ 15.3369384765625, 55.4534912109375 ] } },
{ "type": "Feature", "properties": { "confidence": 0.692, "dark_vessel": true, "matched_mmsi": null, "matched_name": null, "dist_km": 11.79 }, "geometry": { "type": "Point", "coordinates": [ 15.47177734375, 55.453637695312501 ] } },
{ "type": "Feature", "properties": { "confidence": 0.684, "dark_vessel": true, "matched_mmsi": null, "matched_name": null, "dist_km": 3.53 }, "geometry": { "type": "Point", "coordinates": [ 15.32998046875, 55.453417968750003 ] } },
{ "type": "Feature", "properties": { "confidence": 0.888, "dark_vessel": true, "matched_mmsi": null, "matched_name": null, "dist_km": 3.6 }, "geometry": { "type": "Point", "coordinates": [ 15.33056640625, 55.452832031249997 ] } },
{ "type": "Feature", "properties": { "confidence": 0.759, "dark_vessel": true, "matched_mmsi": null, "matched_name": null, "dist_km": 4.38 }, "geometry": { "type": "Point", "coordinates": [ 15.3468994140625, 55.453417968750003 ] } },
{ "type": "Feature", "properties": { "confidence": 0.985, "dark_vessel": true, "matched_mmsi": null, "matched_name": null, "dist_km": 3.32 }, "geometry": { "type": "Point", "coordinates": [ 15.324633789062499, 55.453125 ] } },
{ "type": "Feature", "properties": { "confidence": 0.681, "dark_vessel": true, "matched_mmsi": null, "matched_name": null, "dist_km": 3.73 }, "geometry": { "type": "Point", "coordinates": [ 15.333642578125, 55.453125 ] } },
{ "type": "Feature", "properties": { "confidence": 0.608, "dark_vessel": true, "matched_mmsi": null, "matched_name": null, "dist_km": 10.62 }, "geometry": { "type": "Point", "coordinates": [ 15.4526611328125, 55.453198242187497 ] } },
{ "type": "Feature", "properties": { "confidence": 0.577, "dark_vessel": true, "matched_mmsi": null, "matched_name": null, "dist_km": 11.67 }, "geometry": { "type": "Point", "coordinates": [ 15.4697265625, 55.453198242187497 ] } },
{ "type": "Feature", "properties": { "confidence": 1.0, "dark_vessel": true, "matched_mmsi": null, "matched_name": null, "dist_km": 3.13 }, "geometry": { "type": "Point", "coordinates": [ 15.319287109375001, 55.4527587890625 ] } },
{ "type": "Feature", "properties": { "confidence": 0.734, "dark_vessel": true, "matched_mmsi": null, "matched_name": null, "dist_km": 4.41 }, "geometry": { "type": "Point", "coordinates": [ 15.346826171875, 55.452905273437501 ] } },
{ "type": "Feature", "properties": { "confidence": 0.632, "dark_vessel": true, "matched_mmsi": null, "matched_name": null, "dist_km": 3.73 }, "geometry": { "type": "Point", "coordinates": [ 15.333203125, 55.4527587890625 ] } },
{ "type": "Feature", "properties": { "confidence": 0.654, "dark_vessel": true, "matched_mmsi": null, "matched_name": null, "dist_km": 11.06 }, "geometry": { "type": "Point", "coordinates": [ 15.459619140625, 55.452685546875003 ] } },
{ "type": "Feature", "properties": { "confidence": 0.8, "dark_vessel": true, "matched_mmsi": null, "matched_name": null, "dist_km": 3.85 }, "geometry": { "type": "Point", "coordinates": [ 15.335400390625001, 55.452539062500001 ] } },
{ "type": "Feature", "properties": { "confidence": 0.661, "dark_vessel": true, "matched_mmsi": null, "matched_name": null, "dist_km": 4.4 }, "geometry": { "type": "Point", "coordinates": [ 15.346020507812501, 55.452392578125 ] } },
{ "type": "Feature", "properties": { "confidence": 0.934, "dark_vessel": true, "matched_mmsi": null, "matched_name": null, "dist_km": 3.12 }, "geometry": { "type": "Point", "coordinates": [ 15.317822265625001, 55.452246093749999 ] } },
{ "type": "Feature", "properties": { "confidence": 1.0, "dark_vessel": true, "matched_mmsi": null, "matched_name": null, "dist_km": 3.98 }, "geometry": { "type": "Point", "coordinates": [ 15.3360595703125, 55.4512939453125 ] } },
{ "type": "Feature", "properties": { "confidence": 0.665, "dark_vessel": true, "matched_mmsi": null, "matched_name": null, "dist_km": 4.14 }, "geometry": { "type": "Point", "coordinates": [ 15.340380859375001, 55.451879882812499 ] } },
{ "type": "Feature", "properties": { "confidence": 0.645, "dark_vessel": true, "matched_mmsi": null, "matched_name": null, "dist_km": 12.31 }, "geometry": { "type": "Point", "coordinates": [ 15.479541015625001, 55.451806640625001 ] } },
{ "type": "Feature", "properties": { "confidence": 0.692, "dark_vessel": true, "matched_mmsi": null, "matched_name": null, "dist_km": 11.87 }, "geometry": { "type": "Point", "coordinates": [ 15.472216796875001, 55.451440429687501 ] } },
{ "type": "Feature", "properties": { "confidence": 0.753, "dark_vessel": true, "matched_mmsi": null, "matched_name": null, "dist_km": 3.64 }, "geometry": { "type": "Point", "coordinates": [ 15.3285888671875, 55.451220703125003 ] } },
{ "type": "Feature", "properties": { "confidence": 0.639, "dark_vessel": true, "matched_mmsi": null, "matched_name": null, "dist_km": 10.45 }, "geometry": { "type": "Point", "coordinates": [ 15.4489990234375, 55.4512939453125 ] } },
{ "type": "Feature", "properties": { "confidence": 1.0, "dark_vessel": true, "matched_mmsi": null, "matched_name": null, "dist_km": 2.74 }, "geometry": { "type": "Point", "coordinates": [ 15.287426757812501, 55.4501953125 ] } },
{ "type": "Feature", "properties": { "confidence": 0.667, "dark_vessel": true, "matched_mmsi": null, "matched_name": null, "dist_km": 12.29 }, "geometry": { "type": "Point", "coordinates": [ 15.479028320312501, 55.451220703125003 ] } },
{ "type": "Feature", "properties": { "confidence": 0.689, "dark_vessel": true, "matched_mmsi": null, "matched_name": null, "dist_km": 13.59 }, "geometry": { "type": "Point", "coordinates": [ 15.500048828125001, 55.451000976562497 ] } },
{ "type": "Feature", "properties": { "confidence": 0.649, "dark_vessel": true, "matched_mmsi": null, "matched_name": null, "dist_km": 3.94 }, "geometry": { "type": "Point", "coordinates": [ 15.334301757812501, 55.450634765624997 ] } },
{ "type": "Feature", "properties": { "confidence": 0.86, "dark_vessel": true, "matched_mmsi": null, "matched_name": null, "dist_km": 3.68 }, "geometry": { "type": "Point", "coordinates": [ 15.328515625, 55.450708007812501 ] } },
{ "type": "Feature", "properties": { "confidence": 0.746, "dark_vessel": true, "matched_mmsi": null, "matched_name": null, "dist_km": 4.83 }, "geometry": { "type": "Point", "coordinates": [ 15.3523193359375, 55.450708007812501 ] } },
{ "type": "Feature", "properties": { "confidence": 0.674, "dark_vessel": true, "matched_mmsi": null, "matched_name": null, "dist_km": 13.43 }, "geometry": { "type": "Point", "coordinates": [ 15.497265625, 55.450708007812501 ] } },
{ "type": "Feature", "properties": { "confidence": 0.74, "dark_vessel": true, "matched_mmsi": null, "matched_name": null, "dist_km": 3.98 }, "geometry": { "type": "Point", "coordinates": [ 15.334887695312501, 55.450488281250003 ] } },
{ "type": "Feature", "properties": { "confidence": 0.977, "dark_vessel": true, "matched_mmsi": null, "matched_name": null, "dist_km": 12.3 }, "geometry": { "type": "Point", "coordinates": [ 15.4787353515625, 55.450268554687497 ] } },
{ "type": "Feature", "properties": { "confidence": 0.605, "dark_vessel": true, "matched_mmsi": null, "matched_name": null, "dist_km": 4.04 }, "geometry": { "type": "Point", "coordinates": [ 15.3354736328125, 55.450048828124999 ] } },
{ "type": "Feature", "properties": { "confidence": 0.58, "dark_vessel": true, "matched_mmsi": null, "matched_name": null, "dist_km": 12.28 }, "geometry": { "type": "Point", "coordinates": [ 15.478369140625, 55.4498291015625 ] } },
{ "type": "Feature", "properties": { "confidence": 1.0, "dark_vessel": true, "matched_mmsi": null, "matched_name": null, "dist_km": 2.83 }, "geometry": { "type": "Point", "coordinates": [ 15.294677734375, 55.449609375 ] } },
{ "type": "Feature", "properties": { "confidence": 0.688, "dark_vessel": true, "matched_mmsi": null, "matched_name": null, "dist_km": 5.11 }, "geometry": { "type": "Point", "coordinates": [ 15.356274414062501, 55.449609375 ] } },
{ "type": "Feature", "properties": { "confidence": 0.712, "dark_vessel": true, "matched_mmsi": null, "matched_name": null, "dist_km": 4.24 }, "geometry": { "type": "Point", "coordinates": [ 15.3388427734375, 55.449536132812497 ] } },
{ "type": "Feature", "properties": { "confidence": 0.773, "dark_vessel": true, "matched_mmsi": null, "matched_name": null, "dist_km": 4.31 }, "geometry": { "type": "Point", "coordinates": [ 15.3404541015625, 55.449536132812497 ] } },
{ "type": "Feature", "properties": { "confidence": 1.0, "dark_vessel": true, "matched_mmsi": null, "matched_name": null, "dist_km": 2.89 }, "geometry": { "type": "Point", "coordinates": [ 15.292626953125, 55.448950195312499 ] } },
{ "type": "Feature", "properties": { "confidence": 0.772, "dark_vessel": true, "matched_mmsi": null, "matched_name": null, "dist_km": 4.45 }, "geometry": { "type": "Point", "coordinates": [ 15.343090820312501, 55.449389648437503 ] } },
{ "type": "Feature", "properties": { "confidence": 0.558, "dark_vessel": true, "matched_mmsi": null, "matched_name": null, "dist_km": 10.53 }, "geometry": { "type": "Point", "coordinates": [ 15.449511718750001, 55.449389648437503 ] } },
{ "type": "Feature", "properties": { "confidence": 1.0, "dark_vessel": true, "matched_mmsi": null, "matched_name": null, "dist_km": 3.01 }, "geometry": { "type": "Point", "coordinates": [ 15.294384765625001, 55.447998046875 ] } },
{ "type": "Feature", "properties": { "confidence": 0.616, "dark_vessel": true, "matched_mmsi": null, "matched_name": null, "dist_km": 10.52 }, "geometry": { "type": "Point", "coordinates": [ 15.449145507812501, 55.448950195312499 ] } },
{ "type": "Feature", "properties": { "confidence": 0.71, "dark_vessel": true, "matched_mmsi": null, "matched_name": null, "dist_km": 4.78 }, "geometry": { "type": "Point", "coordinates": [ 15.348803710937501, 55.44873046875 ] } },
{ "type": "Feature", "properties": { "confidence": 0.564, "dark_vessel": true, "matched_mmsi": null, "matched_name": null, "dist_km": 10.85 }, "geometry": { "type": "Point", "coordinates": [ 15.454418945312501, 55.448583984374999 ] } },
{ "type": "Feature", "properties": { "confidence": 0.583, "dark_vessel": true, "matched_mmsi": null, "matched_name": null, "dist_km": 4.82 }, "geometry": { "type": "Point", "coordinates": [ 15.3490966796875, 55.448291015625003 ] } },
{ "type": "Feature", "properties": { "confidence": 0.65, "dark_vessel": true, "matched_mmsi": null, "matched_name": null, "dist_km": 12.21 }, "geometry": { "type": "Point", "coordinates": [ 15.476464843750001, 55.448291015625003 ] } },
{ "type": "Feature", "properties": { "confidence": 0.61, "dark_vessel": true, "matched_mmsi": null, "matched_name": null, "dist_km": 14.7 }, "geometry": { "type": "Point", "coordinates": [ 15.522607421875001, 55.448071289062497 ] } },
{ "type": "Feature", "properties": { "confidence": 0.622, "dark_vessel": true, "matched_mmsi": null, "matched_name": null, "dist_km": 5.07 }, "geometry": { "type": "Point", "coordinates": [ 15.353344726562501, 55.447778320312501 ] } },
{ "type": "Feature", "properties": { "confidence": 0.717, "dark_vessel": true, "matched_mmsi": null, "matched_name": null, "dist_km": 4.05 }, "geometry": { "type": "Point", "coordinates": [ 15.331005859375001, 55.447485351562499 ] } },
{ "type": "Feature", "properties": { "confidence": 0.784, "dark_vessel": true, "matched_mmsi": null, "matched_name": null, "dist_km": 4.97 }, "geometry": { "type": "Point", "coordinates": [ 15.35107421875, 55.447558593750003 ] } },
{ "type": "Feature", "properties": { "confidence": 0.987, "dark_vessel": true, "matched_mmsi": null, "matched_name": null, "dist_km": 3.72 }, "geometry": { "type": "Point", "coordinates": [ 15.321923828125, 55.447192382812503 ] } },
{ "type": "Feature", "properties": { "confidence": 0.589, "dark_vessel": true, "matched_mmsi": null, "matched_name": null, "dist_km": 5.72 }, "geometry": { "type": "Point", "coordinates": [ 15.365063476562501, 55.447192382812503 ] } },
{ "type": "Feature", "properties": { "confidence": 0.684, "dark_vessel": true, "matched_mmsi": null, "matched_name": null, "dist_km": 11.44 }, "geometry": { "type": "Point", "coordinates": [ 15.4633544921875, 55.447192382812503 ] } },
{ "type": "Feature", "properties": { "confidence": 0.822, "dark_vessel": true, "matched_mmsi": null, "matched_name": null, "dist_km": 4.14 }, "geometry": { "type": "Point", "coordinates": [ 15.3314453125, 55.446679687500001 ] } },
{ "type": "Feature", "properties": { "confidence": 0.62, "dark_vessel": true, "matched_mmsi": null, "matched_name": null, "dist_km": 11.4 }, "geometry": { "type": "Point", "coordinates": [ 15.462548828125, 55.4468994140625 ] } },
{ "type": "Feature", "properties": { "confidence": 0.605, "dark_vessel": true, "matched_mmsi": null, "matched_name": null, "dist_km": 14.65 }, "geometry": { "type": "Point", "coordinates": [ 15.515576171875001, 55.446826171875003 ] } },
{ "type": "Feature", "properties": { "confidence": 0.696, "dark_vessel": true, "matched_mmsi": null, "matched_name": null, "dist_km": 10.99 }, "geometry": { "type": "Point", "coordinates": [ 15.4556640625, 55.446752929687499 ] } },
{ "type": "Feature", "properties": { "confidence": 1.0, "dark_vessel": true, "matched_mmsi": null, "matched_name": null, "dist_km": 3.46 }, "geometry": { "type": "Point", "coordinates": [ 15.3096923828125, 55.44609375 ] } },
{ "type": "Feature", "properties": { "confidence": 0.638, "dark_vessel": true, "matched_mmsi": null, "matched_name": null, "dist_km": 5.33 }, "geometry": { "type": "Point", "coordinates": [ 15.3565673828125, 55.446386718749999 ] } },
{ "type": "Feature", "properties": { "confidence": 1.0, "dark_vessel": true, "matched_mmsi": null, "matched_name": null, "dist_km": 3.66 }, "geometry": { "type": "Point", "coordinates": [ 15.315112304687499, 55.445581054687501 ] } },
{ "type": "Feature", "properties": { "confidence": 0.75, "dark_vessel": true, "matched_mmsi": null, "matched_name": null, "dist_km": 14.14 }, "geometry": { "type": "Point", "coordinates": [ 15.506787109375001, 55.445288085937499 ] } },
{ "type": "Feature", "properties": { "confidence": 0.813, "dark_vessel": true, "matched_mmsi": null, "matched_name": null, "dist_km": 13.38 }, "geometry": { "type": "Point", "coordinates": [ 15.493969726562501, 55.444409179687497 ] } },
{ "type": "Feature", "properties": { "confidence": 0.662, "dark_vessel": true, "matched_mmsi": null, "matched_name": null, "dist_km": 5.16 }, "geometry": { "type": "Point", "coordinates": [ 15.35078125, 55.4447021484375 ] } },
{ "type": "Feature", "properties": { "confidence": 1.0, "dark_vessel": true, "matched_mmsi": null, "matched_name": null, "dist_km": 4.06 }, "geometry": { "type": "Point", "coordinates": [ 15.2538818359375, 55.444116210937501 ] } },
{ "type": "Feature", "properties": { "confidence": 1.0, "dark_vessel": true, "matched_mmsi": null, "matched_name": null, "dist_km": 3.52 }, "geometry": { "type": "Point", "coordinates": [ 15.3029541015625, 55.444262695312503 ] } },
{ "type": "Feature", "properties": { "confidence": 0.768, "dark_vessel": true, "matched_mmsi": null, "matched_name": null, "dist_km": 5.43 }, "geometry": { "type": "Point", "coordinates": [ 15.3560546875, 55.444555664062499 ] } },
{ "type": "Feature", "properties": { "confidence": 0.723, "dark_vessel": true, "matched_mmsi": null, "matched_name": null, "dist_km": 13.44 }, "geometry": { "type": "Point", "coordinates": [ 15.4948486328125, 55.444262695312503 ] } },
{ "type": "Feature", "properties": { "confidence": 0.635, "dark_vessel": true, "matched_mmsi": null, "matched_name": null, "dist_km": 14.72 }, "geometry": { "type": "Point", "coordinates": [ 15.515795898437501, 55.444189453124999 ] } },
{ "type": "Feature", "properties": { "confidence": 0.737, "dark_vessel": true, "matched_mmsi": null, "matched_name": null, "dist_km": 3.98 }, "geometry": { "type": "Point", "coordinates": [ 15.3208984375, 55.444116210937501 ] } },
{ "type": "Feature", "properties": { "confidence": 1.0, "dark_vessel": true, "matched_mmsi": null, "matched_name": null, "dist_km": 4.02 }, "geometry": { "type": "Point", "coordinates": [ 15.320605468749999, 55.443603515625 ] } },
{ "type": "Feature", "properties": { "confidence": 0.736, "dark_vessel": true, "matched_mmsi": null, "matched_name": null, "dist_km": 5.47 }, "geometry": { "type": "Point", "coordinates": [ 15.355761718750001, 55.443676757812497 ] } },
{ "type": "Feature", "properties": { "confidence": 0.775, "dark_vessel": true, "matched_mmsi": null, "matched_name": null, "dist_km": 14.75 }, "geometry": { "type": "Point", "coordinates": [ 15.529345703125001, 55.4432373046875 ] } },
{ "type": "Feature", "properties": { "confidence": 1.0, "dark_vessel": true, "matched_mmsi": null, "matched_name": null, "dist_km": 4.24 }, "geometry": { "type": "Point", "coordinates": [ 15.325366210937499, 55.44287109375 ] } },
{ "type": "Feature", "properties": { "confidence": 0.661, "dark_vessel": true, "matched_mmsi": null, "matched_name": null, "dist_km": 14.79 }, "geometry": { "type": "Point", "coordinates": [ 15.515795898437501, 55.441845703124997 ] } },
{ "type": "Feature", "properties": { "confidence": 0.836, "dark_vessel": true, "matched_mmsi": null, "matched_name": null, "dist_km": 3.83 }, "geometry": { "type": "Point", "coordinates": [ 15.302880859375, 55.441333007812503 ] } },
{ "type": "Feature", "properties": { "confidence": 1.0, "dark_vessel": true, "matched_mmsi": null, "matched_name": null, "dist_km": 4.21 }, "geometry": { "type": "Point", "coordinates": [ 15.2576904296875, 55.441259765624999 ] } },
{ "type": "Feature", "properties": { "confidence": 0.942, "dark_vessel": true, "matched_mmsi": null, "matched_name": null, "dist_km": 3.84 }, "geometry": { "type": "Point", "coordinates": [ 15.302441406250001, 55.441186523437501 ] } },
{ "type": "Feature", "properties": { "confidence": 0.672, "dark_vessel": true, "matched_mmsi": null, "matched_name": null, "dist_km": 12.58 }, "geometry": { "type": "Point", "coordinates": [ 15.4791015625, 55.441186523437501 ] } },
{ "type": "Feature", "properties": { "confidence": 0.935, "dark_vessel": true, "matched_mmsi": null, "matched_name": null, "dist_km": 4.37 }, "geometry": { "type": "Point", "coordinates": [ 15.324047851562501, 55.4410400390625 ] } },
{ "type": "Feature", "properties": { "confidence": 0.782, "dark_vessel": true, "matched_mmsi": null, "matched_name": null, "dist_km": 4.39 }, "geometry": { "type": "Point", "coordinates": [ 15.32470703125, 55.4410400390625 ] } },
{ "type": "Feature", "properties": { "confidence": 0.727, "dark_vessel": true, "matched_mmsi": null, "matched_name": null, "dist_km": 4.5 }, "geometry": { "type": "Point", "coordinates": [ 15.327709960937501, 55.440966796875003 ] } },
{ "type": "Feature", "properties": { "confidence": 0.688, "dark_vessel": true, "matched_mmsi": null, "matched_name": null, "dist_km": 11.63 }, "geometry": { "type": "Point", "coordinates": [ 15.46298828125, 55.440893554687499 ] } },
{ "type": "Feature", "properties": { "confidence": 0.654, "dark_vessel": true, "matched_mmsi": null, "matched_name": null, "dist_km": 14.83 }, "geometry": { "type": "Point", "coordinates": [ 15.515942382812501, 55.440820312500001 ] } },
{ "type": "Feature", "properties": { "confidence": 0.924, "dark_vessel": true, "matched_mmsi": null, "matched_name": null, "dist_km": 4.76 }, "geometry": { "type": "Point", "coordinates": [ 15.3322509765625, 55.439868164062503 ] } },
{ "type": "Feature", "properties": { "confidence": 0.89, "dark_vessel": true, "matched_mmsi": null, "matched_name": null, "dist_km": 4.77 }, "geometry": { "type": "Point", "coordinates": [ 15.3340087890625, 55.440527343749999 ] } },
{ "type": "Feature", "properties": { "confidence": 0.664, "dark_vessel": true, "matched_mmsi": null, "matched_name": null, "dist_km": 5.43 }, "geometry": { "type": "Point", "coordinates": [ 15.350341796875, 55.440747070312497 ] } },
{ "type": "Feature", "properties": { "confidence": 0.934, "dark_vessel": true, "matched_mmsi": null, "matched_name": null, "dist_km": 4.14 }, "geometry": { "type": "Point", "coordinates": [ 15.31328125, 55.4403076171875 ] } },
{ "type": "Feature", "properties": { "confidence": 0.67, "dark_vessel": true, "matched_mmsi": null, "matched_name": null, "dist_km": 4.45 }, "geometry": { "type": "Point", "coordinates": [ 15.325, 55.440600585937503 ] } },
{ "type": "Feature", "properties": { "confidence": 0.766, "dark_vessel": true, "matched_mmsi": null, "matched_name": null, "dist_km": 14.81 }, "geometry": { "type": "Point", "coordinates": [ 15.515576171875001, 55.440454101562501 ] } },
{ "type": "Feature", "properties": { "confidence": 0.889, "dark_vessel": true, "matched_mmsi": null, "matched_name": null, "dist_km": 4.03 }, "geometry": { "type": "Point", "coordinates": [ 15.30712890625, 55.440161132812499 ] } },
{ "type": "Feature", "properties": { "confidence": 0.89, "dark_vessel": true, "matched_mmsi": null, "matched_name": null, "dist_km": 4.58 }, "geometry": { "type": "Point", "coordinates": [ 15.3274169921875, 55.440014648437497 ] } },
{ "type": "Feature", "properties": { "confidence": 0.696, "dark_vessel": true, "matched_mmsi": null, "matched_name": null, "dist_km": 4.62 }, "geometry": { "type": "Point", "coordinates": [ 15.3293212890625, 55.4403076171875 ] } },
{ "type": "Feature", "properties": { "confidence": 0.736, "dark_vessel": true, "matched_mmsi": null, "matched_name": null, "dist_km": 4.83 }, "geometry": { "type": "Point", "coordinates": [ 15.335034179687501, 55.4403076171875 ] } },
{ "type": "Feature", "properties": { "confidence": 1.0, "dark_vessel": true, "matched_mmsi": null, "matched_name": null, "dist_km": 4.36 }, "geometry": { "type": "Point", "coordinates": [ 15.3155517578125, 55.438769531250003 ] } },
{ "type": "Feature", "properties": { "confidence": 0.591, "dark_vessel": true, "matched_mmsi": null, "matched_name": null, "dist_km": 5.55 }, "geometry": { "type": "Point", "coordinates": [ 15.3512939453125, 55.439794921874999 ] } },
{ "type": "Feature", "properties": { "confidence": 0.894, "dark_vessel": true, "matched_mmsi": null, "matched_name": null, "dist_km": 4.59 }, "geometry": { "type": "Point", "coordinates": [ 15.3265380859375, 55.4395751953125 ] } },
{ "type": "Feature", "properties": { "confidence": 1.0, "dark_vessel": true, "matched_mmsi": null, "matched_name": null, "dist_km": 4.02 }, "geometry": { "type": "Point", "coordinates": [ 15.274609375, 55.4395751953125 ] } },
{ "type": "Feature", "properties": { "confidence": 0.652, "dark_vessel": true, "matched_mmsi": null, "matched_name": null, "dist_km": 5.51 }, "geometry": { "type": "Point", "coordinates": [ 15.350048828125001, 55.439648437499997 ] } },
{ "type": "Feature", "properties": { "confidence": 1.0, "dark_vessel": true, "matched_mmsi": null, "matched_name": null, "dist_km": 4.04 }, "geometry": { "type": "Point", "coordinates": [ 15.292919921875001, 55.438623046875001 ] } },
{ "type": "Feature", "properties": { "confidence": 0.959, "dark_vessel": true, "matched_mmsi": null, "matched_name": null, "dist_km": 4.23 }, "geometry": { "type": "Point", "coordinates": [ 15.307934570312501, 55.438403320312503 ] } },
{ "type": "Feature", "properties": { "confidence": 0.779, "dark_vessel": true, "matched_mmsi": null, "matched_name": null, "dist_km": 4.25 }, "geometry": { "type": "Point", "coordinates": [ 15.313134765625, 55.439282226562497 ] } },
{ "type": "Feature", "properties": { "confidence": 0.814, "dark_vessel": true, "matched_mmsi": null, "matched_name": null, "dist_km": 4.85 }, "geometry": { "type": "Point", "coordinates": [ 15.332690429687501, 55.439135742187503 ] } },
{ "type": "Feature", "properties": { "confidence": 0.613, "dark_vessel": true, "matched_mmsi": null, "matched_name": null, "dist_km": 13.93 }, "geometry": { "type": "Point", "coordinates": [ 15.500415039062501, 55.439208984375 ] } },
{ "type": "Feature", "properties": { "confidence": 0.739, "dark_vessel": true, "matched_mmsi": null, "matched_name": null, "dist_km": 14.59 }, "geometry": { "type": "Point", "coordinates": [ 15.5402587890625, 55.4390625 ] } },
{ "type": "Feature", "properties": { "confidence": 1.0, "dark_vessel": true, "matched_mmsi": null, "matched_name": null, "dist_km": 4.24 }, "geometry": { "type": "Point", "coordinates": [ 15.267724609375, 55.438549804687497 ] } },
{ "type": "Feature", "properties": { "confidence": 1.0, "dark_vessel": true, "matched_mmsi": null, "matched_name": null, "dist_km": 4.1 }, "geometry": { "type": "Point", "coordinates": [ 15.29892578125, 55.438403320312503 ] } },
{ "type": "Feature", "properties": { "confidence": 0.752, "dark_vessel": true, "matched_mmsi": null, "matched_name": null, "dist_km": 4.24 }, "geometry": { "type": "Point", "coordinates": [ 15.312255859375, 55.439135742187503 ] } },
{ "type": "Feature", "properties": { "confidence": 0.94, "dark_vessel": true, "matched_mmsi": null, "matched_name": null, "dist_km": 4.74 }, "geometry": { "type": "Point", "coordinates": [ 15.3285888671875, 55.438769531250003 ] } },
{ "type": "Feature", "properties": { "confidence": 0.819, "dark_vessel": true, "matched_mmsi": null, "matched_name": null, "dist_km": 4.82 }, "geometry": { "type": "Point", "coordinates": [ 15.3310791015625, 55.4388427734375 ] } },
{ "type": "Feature", "properties": { "confidence": 1.0, "dark_vessel": true, "matched_mmsi": null, "matched_name": null, "dist_km": 4.05 }, "geometry": { "type": "Point", "coordinates": [ 15.281933593750001, 55.438623046875001 ] } },
{ "type": "Feature", "properties": { "confidence": 1.0, "dark_vessel": true, "matched_mmsi": null, "matched_name": null, "dist_km": 4.26 }, "geometry": { "type": "Point", "coordinates": [ 15.266552734375001, 55.438623046875001 ] } },
{ "type": "Feature", "properties": { "confidence": 1.0, "dark_vessel": true, "matched_mmsi": null, "matched_name": null, "dist_km": 4.06 }, "geometry": { "type": "Point", "coordinates": [ 15.297314453125001, 55.438696289062499 ] } },
{ "type": "Feature", "properties": { "confidence": 0.814, "dark_vessel": true, "matched_mmsi": null, "matched_name": null, "dist_km": 4.87 }, "geometry": { "type": "Point", "coordinates": [ 15.331958007812501, 55.438623046875001 ] } },
{ "type": "Feature", "properties": { "confidence": 1.0, "dark_vessel": true, "matched_mmsi": null, "matched_name": null, "dist_km": 4.38 }, "geometry": { "type": "Point", "coordinates": [ 15.303173828125001, 55.436352539062497 ] } },
{ "type": "Feature", "properties": { "confidence": 0.853, "dark_vessel": true, "matched_mmsi": null, "matched_name": null, "dist_km": 4.56 }, "geometry": { "type": "Point", "coordinates": [ 15.3221435546875, 55.4384765625 ] } },
{ "type": "Feature", "properties": { "confidence": 0.588, "dark_vessel": true, "matched_mmsi": null, "matched_name": null, "dist_km": 4.95 }, "geometry": { "type": "Point", "coordinates": [ 15.333935546875001, 55.438549804687497 ] } },
{ "type": "Feature", "properties": { "confidence": 0.667, "dark_vessel": true, "matched_mmsi": null, "matched_name": null, "dist_km": 14.91 }, "geometry": { "type": "Point", "coordinates": [ 15.516162109375001, 55.438549804687497 ] } },
{ "type": "Feature", "properties": { "confidence": 1.0, "dark_vessel": true, "matched_mmsi": null, "matched_name": null, "dist_km": 4.59 }, "geometry": { "type": "Point", "coordinates": [ 15.255053710937499, 55.438183593749997 ] } },
{ "type": "Feature", "properties": { "confidence": 0.921, "dark_vessel": true, "matched_mmsi": null, "matched_name": null, "dist_km": 4.08 }, "geometry": { "type": "Point", "coordinates": [ 15.2966552734375, 55.438403320312503 ] } },
{ "type": "Feature", "properties": { "confidence": 1.0, "dark_vessel": true, "matched_mmsi": null, "matched_name": null, "dist_km": 4.3 }, "geometry": { "type": "Point", "coordinates": [ 15.266259765625, 55.438256835937501 ] } },
{ "type": "Feature", "properties": { "confidence": 0.677, "dark_vessel": true, "matched_mmsi": null, "matched_name": null, "dist_km": 4.45 }, "geometry": { "type": "Point", "coordinates": [ 15.3168701171875, 55.438183593749997 ] } },
{ "type": "Feature", "properties": { "confidence": 0.797, "dark_vessel": true, "matched_mmsi": null, "matched_name": null, "dist_km": 4.81 }, "geometry": { "type": "Point", "coordinates": [ 15.328369140625, 55.437963867187499 ] } },
{ "type": "Feature", "properties": { "confidence": 0.815, "dark_vessel": true, "matched_mmsi": null, "matched_name": null, "dist_km": 5.05 }, "geometry": { "type": "Point", "coordinates": [ 15.334301757812501, 55.437524414062501 ] } },
{ "type": "Feature", "properties": { "confidence": 1.0, "dark_vessel": true, "matched_mmsi": null, "matched_name": null, "dist_km": 4.43 }, "geometry": { "type": "Point", "coordinates": [ 15.2628173828125, 55.437817382812497 ] } },
{ "type": "Feature", "properties": { "confidence": 1.0, "dark_vessel": true, "matched_mmsi": null, "matched_name": null, "dist_km": 4.37 }, "geometry": { "type": "Point", "coordinates": [ 15.3096923828125, 55.4373779296875 ] } },
{ "type": "Feature", "properties": { "confidence": 1.0, "dark_vessel": true, "matched_mmsi": null, "matched_name": null, "dist_km": 4.68 }, "geometry": { "type": "Point", "coordinates": [ 15.253662109375, 55.437670898437503 ] } },
{ "type": "Feature", "properties": { "confidence": 0.568, "dark_vessel": true, "matched_mmsi": null, "matched_name": null, "dist_km": 6.04 }, "geometry": { "type": "Point", "coordinates": [ 15.358325195312501, 55.437597656249999 ] } },
{ "type": "Feature", "properties": { "confidence": 0.748, "dark_vessel": true, "matched_mmsi": null, "matched_name": null, "dist_km": 14.74 }, "geometry": { "type": "Point", "coordinates": [ 15.539599609375001, 55.437597656249999 ] } },
{ "type": "Feature", "properties": { "confidence": 0.636, "dark_vessel": true, "matched_mmsi": null, "matched_name": null, "dist_km": 14.68 }, "geometry": { "type": "Point", "coordinates": [ 15.541284179687501, 55.437524414062501 ] } },
{ "type": "Feature", "properties": { "confidence": 1.0, "dark_vessel": true, "matched_mmsi": null, "matched_name": null, "dist_km": 4.27 }, "geometry": { "type": "Point", "coordinates": [ 15.2831787109375, 55.436572265625003 ] } },
{ "type": "Feature", "properties": { "confidence": 0.701, "dark_vessel": true, "matched_mmsi": null, "matched_name": null, "dist_km": 5.7 }, "geometry": { "type": "Point", "coordinates": [ 15.3498291015625, 55.437084960937497 ] } },
{ "type": "Feature", "properties": { "confidence": 0.787, "dark_vessel": true, "matched_mmsi": null, "matched_name": null, "dist_km": 4.7 }, "geometry": { "type": "Point", "coordinates": [ 15.255712890625, 55.436938476562503 ] } },
{ "type": "Feature", "properties": { "confidence": 0.731, "dark_vessel": true, "matched_mmsi": null, "matched_name": null, "dist_km": 5.13 }, "geometry": { "type": "Point", "coordinates": [ 15.335107421875, 55.436938476562503 ] } },
{ "type": "Feature", "properties": { "confidence": 0.67, "dark_vessel": true, "matched_mmsi": null, "matched_name": null, "dist_km": 5.18 }, "geometry": { "type": "Point", "coordinates": [ 15.336132812500001, 55.436865234374999 ] } },
{ "type": "Feature", "properties": { "confidence": 0.783, "dark_vessel": true, "matched_mmsi": null, "matched_name": null, "dist_km": 5.08 }, "geometry": { "type": "Point", "coordinates": [ 15.33291015625, 55.4366455078125 ] } },
{ "type": "Feature", "properties": { "confidence": 0.691, "dark_vessel": true, "matched_mmsi": null, "matched_name": null, "dist_km": 4.84 }, "geometry": { "type": "Point", "coordinates": [ 15.32529296875, 55.4366455078125 ] } },
{ "type": "Feature", "properties": { "confidence": 0.658, "dark_vessel": true, "matched_mmsi": null, "matched_name": null, "dist_km": 4.79 }, "geometry": { "type": "Point", "coordinates": [ 15.3232421875, 55.436499023437499 ] } },
{ "type": "Feature", "properties": { "confidence": 0.876, "dark_vessel": true, "matched_mmsi": null, "matched_name": null, "dist_km": 5.2 }, "geometry": { "type": "Point", "coordinates": [ 15.334887695312501, 55.436132812499999 ] } },
{ "type": "Feature", "properties": { "confidence": 1.0, "dark_vessel": true, "matched_mmsi": null, "matched_name": null, "dist_km": 4.37 }, "geometry": { "type": "Point", "coordinates": [ 15.277685546875, 55.435986328124997 ] } },
{ "type": "Feature", "properties": { "confidence": 0.753, "dark_vessel": true, "matched_mmsi": null, "matched_name": null, "dist_km": 4.48 }, "geometry": { "type": "Point", "coordinates": [ 15.309765625, 55.436352539062497 ] } },
{ "type": "Feature", "properties": { "confidence": 0.862, "dark_vessel": true, "matched_mmsi": null, "matched_name": null, "dist_km": 5.21 }, "geometry": { "type": "Point", "coordinates": [ 15.335620117187501, 55.436352539062497 ] } },
{ "type": "Feature", "properties": { "confidence": 0.698, "dark_vessel": true, "matched_mmsi": null, "matched_name": null, "dist_km": 14.8 }, "geometry": { "type": "Point", "coordinates": [ 15.541284179687501, 55.436059570312501 ] } },
{ "type": "Feature", "properties": { "confidence": 0.719, "dark_vessel": true, "matched_mmsi": null, "matched_name": null, "dist_km": 5.26 }, "geometry": { "type": "Point", "coordinates": [ 15.336352539062501, 55.436059570312501 ] } },
{ "type": "Feature", "properties": { "confidence": 0.729, "dark_vessel": true, "matched_mmsi": null, "matched_name": null, "dist_km": 4.4 }, "geometry": { "type": "Point", "coordinates": [ 15.301123046875, 55.4359130859375 ] } },
{ "type": "Feature", "properties": { "confidence": 0.795, "dark_vessel": true, "matched_mmsi": null, "matched_name": null, "dist_km": 4.85 }, "geometry": { "type": "Point", "coordinates": [ 15.322949218750001, 55.435766601562499 ] } },
{ "type": "Feature", "properties": { "confidence": 1.0, "dark_vessel": true, "matched_mmsi": null, "matched_name": null, "dist_km": 4.5 }, "geometry": { "type": "Point", "coordinates": [ 15.2702880859375, 55.435693359375001 ] } },
{ "type": "Feature", "properties": { "confidence": 0.984, "dark_vessel": true, "matched_mmsi": null, "matched_name": null, "dist_km": 4.34 }, "geometry": { "type": "Point", "coordinates": [ 15.288818359375, 55.435766601562499 ] } },
{ "type": "Feature", "properties": { "confidence": 1.0, "dark_vessel": true, "matched_mmsi": null, "matched_name": null, "dist_km": 4.83 }, "geometry": { "type": "Point", "coordinates": [ 15.3155517578125, 55.434228515625001 ] } },
{ "type": "Feature", "properties": { "confidence": 0.771, "dark_vessel": true, "matched_mmsi": null, "matched_name": null, "dist_km": 5.27 }, "geometry": { "type": "Point", "coordinates": [ 15.3354736328125, 55.435620117187497 ] } },
{ "type": "Feature", "properties": { "confidence": 0.698, "dark_vessel": true, "matched_mmsi": null, "matched_name": null, "dist_km": 5.34 }, "geometry": { "type": "Point", "coordinates": [ 15.33701171875, 55.435473632812503 ] } },
{ "type": "Feature", "properties": { "confidence": 0.624, "dark_vessel": true, "matched_mmsi": null, "matched_name": null, "dist_km": 15.48 }, "geometry": { "type": "Point", "coordinates": [ 15.526635742187501, 55.435473632812503 ] } },
{ "type": "Feature", "properties": { "confidence": 0.862, "dark_vessel": true, "matched_mmsi": null, "matched_name": null, "dist_km": 4.43 }, "geometry": { "type": "Point", "coordinates": [ 15.296801757812499, 55.435253906249997 ] } },
{ "type": "Feature", "properties": { "confidence": 0.683, "dark_vessel": true, "matched_mmsi": null, "matched_name": null, "dist_km": 4.92 }, "geometry": { "type": "Point", "coordinates": [ 15.323535156249999, 55.435327148437501 ] } },
{ "type": "Feature", "properties": { "confidence": 0.679, "dark_vessel": true, "matched_mmsi": null, "matched_name": null, "dist_km": 5.33 }, "geometry": { "type": "Point", "coordinates": [ 15.336352539062501, 55.435327148437501 ] } },
{ "type": "Feature", "properties": { "confidence": 0.746, "dark_vessel": true, "matched_mmsi": null, "matched_name": null, "dist_km": 14.89 }, "geometry": { "type": "Point", "coordinates": [ 15.540478515625001, 55.435327148437501 ] } },
{ "type": "Feature", "properties": { "confidence": 1.0, "dark_vessel": true, "matched_mmsi": null, "matched_name": null, "dist_km": 4.58 }, "geometry": { "type": "Point", "coordinates": [ 15.289257812500001, 55.433642578125003 ] } },
{ "type": "Feature", "properties": { "confidence": 0.796, "dark_vessel": true, "matched_mmsi": null, "matched_name": null, "dist_km": 4.93 }, "geometry": { "type": "Point", "coordinates": [ 15.322949218750001, 55.435034179687499 ] } },
{ "type": "Feature", "properties": { "confidence": 0.672, "dark_vessel": true, "matched_mmsi": null, "matched_name": null, "dist_km": 4.97 }, "geometry": { "type": "Point", "coordinates": [ 15.324780273437501, 55.435107421875003 ] } },
{ "type": "Feature", "properties": { "confidence": 0.873, "dark_vessel": true, "matched_mmsi": null, "matched_name": null, "dist_km": 15.51 }, "geometry": { "type": "Point", "coordinates": [ 15.52421875, 55.434814453125 ] } },
{ "type": "Feature", "properties": { "confidence": 0.936, "dark_vessel": true, "matched_mmsi": null, "matched_name": null, "dist_km": 4.45 }, "geometry": { "type": "Point", "coordinates": [ 15.2853759765625, 55.434814453125 ] } },
{ "type": "Feature", "properties": { "confidence": 1.0, "dark_vessel": true, "matched_mmsi": null, "matched_name": null, "dist_km": 4.76 }, "geometry": { "type": "Point", "coordinates": [ 15.309252929687499, 55.433642578125003 ] } },
{ "type": "Feature", "properties": { "confidence": 0.802, "dark_vessel": true, "matched_mmsi": null, "matched_name": null, "dist_km": 5.02 }, "geometry": { "type": "Point", "coordinates": [ 15.324267578124999, 55.4344482421875 ] } },
{ "type": "Feature", "properties": { "confidence": 0.639, "dark_vessel": true, "matched_mmsi": null, "matched_name": null, "dist_km": 15.56 }, "geometry": { "type": "Point", "coordinates": [ 15.525903320312501, 55.434814453125 ] } },
{ "type": "Feature", "properties": { "confidence": 0.589, "dark_vessel": true, "matched_mmsi": null, "matched_name": null, "dist_km": 14.33 }, "geometry": { "type": "Point", "coordinates": [ 15.5045166015625, 55.434594726562501 ] } },
{ "type": "Feature", "properties": { "confidence": 0.979, "dark_vessel": true, "matched_mmsi": null, "matched_name": null, "dist_km": 4.52 }, "geometry": { "type": "Point", "coordinates": [ 15.2857421875, 55.434228515625001 ] } },
{ "type": "Feature", "properties": { "confidence": 0.7, "dark_vessel": true, "matched_mmsi": null, "matched_name": null, "dist_km": 14.54 }, "geometry": { "type": "Point", "coordinates": [ 15.507885742187501, 55.434301757812499 ] } },
{ "type": "Feature", "properties": { "confidence": 0.788, "dark_vessel": true, "matched_mmsi": null, "matched_name": null, "dist_km": 15.46 }, "geometry": { "type": "Point", "coordinates": [ 15.523193359375, 55.434375 ] } },
{ "type": "Feature", "properties": { "confidence": 1.0, "dark_vessel": true, "matched_mmsi": null, "matched_name": null, "dist_km": 4.65 }, "geometry": { "type": "Point", "coordinates": [ 15.2978271484375, 55.433349609375 ] } },
{ "type": "Feature", "properties": { "confidence": 0.71, "dark_vessel": true, "matched_mmsi": null, "matched_name": null, "dist_km": 4.67 }, "geometry": { "type": "Point", "coordinates": [ 15.3074951171875, 55.434228515625001 ] } },
{ "type": "Feature", "properties": { "confidence": 0.78, "dark_vessel": true, "matched_mmsi": null, "matched_name": null, "dist_km": 5.1 }, "geometry": { "type": "Point", "coordinates": [ 15.3250732421875, 55.433935546874999 ] } },
{ "type": "Feature", "properties": { "confidence": 0.552, "dark_vessel": true, "matched_mmsi": null, "matched_name": null, "dist_km": 5.81 }, "geometry": { "type": "Point", "coordinates": [ 15.346752929687501, 55.434301757812499 ] } },
{ "type": "Feature", "properties": { "confidence": 0.72, "dark_vessel": true, "matched_mmsi": null, "matched_name": null, "dist_km": 4.72 }, "geometry": { "type": "Point", "coordinates": [ 15.310205078125, 55.434155273437497 ] } },
{ "type": "Feature", "properties": { "confidence": 0.714, "dark_vessel": true, "matched_mmsi": null, "matched_name": null, "dist_km": 5.85 }, "geometry": { "type": "Point", "coordinates": [ 15.347338867187501, 55.43408203125 ] } },
{ "type": "Feature", "properties": { "confidence": 0.62, "dark_vessel": true, "matched_mmsi": null, "matched_name": null, "dist_km": 14.16 }, "geometry": { "type": "Point", "coordinates": [ 15.5014404296875, 55.434155273437497 ] } },
{ "type": "Feature", "properties": { "confidence": 0.701, "dark_vessel": true, "matched_mmsi": null, "matched_name": null, "dist_km": 14.34 }, "geometry": { "type": "Point", "coordinates": [ 15.5043701171875, 55.434155273437497 ] } },
{ "type": "Feature", "properties": { "confidence": 0.565, "dark_vessel": true, "matched_mmsi": null, "matched_name": null, "dist_km": 14.46 }, "geometry": { "type": "Point", "coordinates": [ 15.50634765625, 55.433935546874999 ] } },
{ "type": "Feature", "properties": { "confidence": 0.622, "dark_vessel": true, "matched_mmsi": null, "matched_name": null, "dist_km": 15.28 }, "geometry": { "type": "Point", "coordinates": [ 15.519824218750001, 55.433789062499997 ] } },
{ "type": "Feature", "properties": { "confidence": 0.605, "dark_vessel": true, "matched_mmsi": null, "matched_name": null, "dist_km": 4.66 }, "geometry": { "type": "Point", "coordinates": [ 15.304345703125, 55.433862304687501 ] } },
{ "type": "Feature", "properties": { "confidence": 0.811, "dark_vessel": true, "matched_mmsi": null, "matched_name": null, "dist_km": 5.18 }, "geometry": { "type": "Point", "coordinates": [ 15.3263916015625, 55.433496093750001 ] } },
{ "type": "Feature", "properties": { "confidence": 0.788, "dark_vessel": true, "matched_mmsi": null, "matched_name": null, "dist_km": 5.26 }, "geometry": { "type": "Point", "coordinates": [ 15.3287353515625, 55.433349609375 ] } },
{ "type": "Feature", "properties": { "confidence": 0.639, "dark_vessel": true, "matched_mmsi": null, "matched_name": null, "dist_km": 15.59 }, "geometry": { "type": "Point", "coordinates": [ 15.5248779296875, 55.4337158203125 ] } },
{ "type": "Feature", "properties": { "confidence": 0.64, "dark_vessel": true, "matched_mmsi": null, "matched_name": null, "dist_km": 15.57 }, "geometry": { "type": "Point", "coordinates": [ 15.527587890625, 55.4337158203125 ] } },
{ "type": "Feature", "properties": { "confidence": 0.77, "dark_vessel": true, "matched_mmsi": null, "matched_name": null, "dist_km": 4.62 }, "geometry": { "type": "Point", "coordinates": [ 15.295483398437501, 55.433496093750001 ] } },
{ "type": "Feature", "properties": { "confidence": 0.617, "dark_vessel": true, "matched_mmsi": null, "matched_name": null, "dist_km": 5.55 }, "geometry": { "type": "Point", "coordinates": [ 15.338183593750001, 55.433569335937499 ] } },
{ "type": "Feature", "properties": { "confidence": 0.605, "dark_vessel": true, "matched_mmsi": null, "matched_name": null, "dist_km": 5.88 }, "geometry": { "type": "Point", "coordinates": [ 15.346972656250001, 55.433569335937499 ] } },
{ "type": "Feature", "properties": { "confidence": 0.697, "dark_vessel": true, "matched_mmsi": null, "matched_name": null, "dist_km": 4.72 }, "geometry": { "type": "Point", "coordinates": [ 15.304638671875001, 55.433349609375 ] } },
{ "type": "Feature", "properties": { "confidence": 0.597, "dark_vessel": true, "matched_mmsi": null, "matched_name": null, "dist_km": 12.76 }, "geometry": { "type": "Point", "coordinates": [ 15.47734375, 55.433422851562497 ] } },
{ "type": "Feature", "properties": { "confidence": 0.73, "dark_vessel": true, "matched_mmsi": null, "matched_name": null, "dist_km": 14.49 }, "geometry": { "type": "Point", "coordinates": [ 15.506420898437501, 55.433349609375 ] } },
{ "type": "Feature", "properties": { "confidence": 0.733, "dark_vessel": true, "matched_mmsi": null, "matched_name": null, "dist_km": 15.44 }, "geometry": { "type": "Point", "coordinates": [ 15.522241210937501, 55.433422851562497 ] } },
{ "type": "Feature", "properties": { "confidence": 0.644, "dark_vessel": true, "matched_mmsi": null, "matched_name": null, "dist_km": 14.85 }, "geometry": { "type": "Point", "coordinates": [ 15.5453125, 55.433422851562497 ] } },
{ "type": "Feature", "properties": { "confidence": 0.659, "dark_vessel": true, "matched_mmsi": null, "matched_name": null, "dist_km": 13.41 }, "geometry": { "type": "Point", "coordinates": [ 15.4882568359375, 55.433276367187503 ] } },
{ "type": "Feature", "properties": { "confidence": 0.668, "dark_vessel": true, "matched_mmsi": null, "matched_name": null, "dist_km": 5.27 }, "geometry": { "type": "Point", "coordinates": [ 15.327783203125, 55.4329833984375 ] } },
{ "type": "Feature", "properties": { "confidence": 0.625, "dark_vessel": true, "matched_mmsi": null, "matched_name": null, "dist_km": 14.46 }, "geometry": { "type": "Point", "coordinates": [ 15.505761718750001, 55.4329833984375 ] } },
{ "type": "Feature", "properties": { "confidence": 0.842, "dark_vessel": true, "matched_mmsi": null, "matched_name": null, "dist_km": 14.59 }, "geometry": { "type": "Point", "coordinates": [ 15.507739257812501, 55.432836914062499 ] } },
{ "type": "Feature", "properties": { "confidence": 0.982, "dark_vessel": true, "matched_mmsi": null, "matched_name": null, "dist_km": 4.88 }, "geometry": { "type": "Point", "coordinates": [ 15.308666992187501, 55.432470703124999 ] } },
{ "type": "Feature", "properties": { "confidence": 0.627, "dark_vessel": true, "matched_mmsi": null, "matched_name": null, "dist_km": 5.55 }, "geometry": { "type": "Point", "coordinates": [ 15.336499023437501, 55.4329833984375 ] } },
{ "type": "Feature", "properties": { "confidence": 0.705, "dark_vessel": true, "matched_mmsi": null, "matched_name": null, "dist_km": 6.0 }, "geometry": { "type": "Point", "coordinates": [ 15.3486572265625, 55.4329833984375 ] } },
{ "type": "Feature", "properties": { "confidence": 0.688, "dark_vessel": true, "matched_mmsi": null, "matched_name": null, "dist_km": 4.82 }, "geometry": { "type": "Point", "coordinates": [ 15.307275390625, 55.432836914062499 ] } },
{ "type": "Feature", "properties": { "confidence": 0.597, "dark_vessel": true, "matched_mmsi": null, "matched_name": null, "dist_km": 5.97 }, "geometry": { "type": "Point", "coordinates": [ 15.347412109375, 55.432763671875001 ] } },
{ "type": "Feature", "properties": { "confidence": 0.606, "dark_vessel": true, "matched_mmsi": null, "matched_name": null, "dist_km": 15.47 }, "geometry": { "type": "Point", "coordinates": [ 15.5224609375, 55.432836914062499 ] } },
{ "type": "Feature", "properties": { "confidence": 0.634, "dark_vessel": true, "matched_mmsi": null, "matched_name": null, "dist_km": 15.26 }, "geometry": { "type": "Point", "coordinates": [ 15.5367431640625, 55.432763671875001 ] } },
{ "type": "Feature", "properties": { "confidence": 0.888, "dark_vessel": true, "matched_mmsi": null, "matched_name": null, "dist_km": 5.29 }, "geometry": { "type": "Point", "coordinates": [ 15.3267578125, 55.432470703124999 ] } },
{ "type": "Feature", "properties": { "confidence": 0.64, "dark_vessel": true, "matched_mmsi": null, "matched_name": null, "dist_km": 14.53 }, "geometry": { "type": "Point", "coordinates": [ 15.506640625, 55.432690429687497 ] } },
{ "type": "Feature", "properties": { "confidence": 0.695, "dark_vessel": true, "matched_mmsi": null, "matched_name": null, "dist_km": 14.69 }, "geometry": { "type": "Point", "coordinates": [ 15.50927734375, 55.432543945312503 ] } },
{ "type": "Feature", "properties": { "confidence": 0.947, "dark_vessel": true, "matched_mmsi": null, "matched_name": null, "dist_km": 5.03 }, "geometry": { "type": "Point", "coordinates": [ 15.3161376953125, 55.432397460937501 ] } },
{ "type": "Feature", "properties": { "confidence": 0.789, "dark_vessel": true, "matched_mmsi": null, "matched_name": null, "dist_km": 5.04 }, "geometry": { "type": "Point", "coordinates": [ 15.316796875, 55.432397460937501 ] } },
{ "type": "Feature", "properties": { "confidence": 0.655, "dark_vessel": true, "matched_mmsi": null, "matched_name": null, "dist_km": 5.59 }, "geometry": { "type": "Point", "coordinates": [ 15.335986328125001, 55.432397460937501 ] } },
{ "type": "Feature", "properties": { "confidence": 0.86, "dark_vessel": true, "matched_mmsi": null, "matched_name": null, "dist_km": 14.48 }, "geometry": { "type": "Point", "coordinates": [ 15.505615234375, 55.432397460937501 ] } },
{ "type": "Feature", "properties": { "confidence": 0.674, "dark_vessel": true, "matched_mmsi": null, "matched_name": null, "dist_km": 15.61 }, "geometry": { "type": "Point", "coordinates": [ 15.529345703125001, 55.432324218749997 ] } },
{ "type": "Feature", "properties": { "confidence": 0.663, "dark_vessel": true, "matched_mmsi": null, "matched_name": null, "dist_km": 15.21 }, "geometry": { "type": "Point", "coordinates": [ 15.538720703125001, 55.432324218749997 ] } },
{ "type": "Feature", "properties": { "confidence": 0.903, "dark_vessel": true, "matched_mmsi": null, "matched_name": null, "dist_km": 5.14 }, "geometry": { "type": "Point", "coordinates": [ 15.31591796875, 55.431298828125001 ] } },
{ "type": "Feature", "properties": { "confidence": 0.679, "dark_vessel": true, "matched_mmsi": null, "matched_name": null, "dist_km": 5.07 }, "geometry": { "type": "Point", "coordinates": [ 15.3173828125, 55.4322509765625 ] } },
{ "type": "Feature", "properties": { "confidence": 0.681, "dark_vessel": true, "matched_mmsi": null, "matched_name": null, "dist_km": 14.52 }, "geometry": { "type": "Point", "coordinates": [ 15.506201171875, 55.4322509765625 ] } },
{ "type": "Feature", "properties": { "confidence": 0.919, "dark_vessel": true, "matched_mmsi": null, "matched_name": null, "dist_km": 14.57 }, "geometry": { "type": "Point", "coordinates": [ 15.506640625, 55.431591796874997 ] } },
{ "type": "Feature", "properties": { "confidence": 0.804, "dark_vessel": true, "matched_mmsi": null, "matched_name": null, "dist_km": 15.19 }, "geometry": { "type": "Point", "coordinates": [ 15.539819335937501, 55.43203125 ] } },
{ "type": "Feature", "properties": { "confidence": 1.0, "dark_vessel": true, "matched_mmsi": null, "matched_name": null, "dist_km": 4.95 }, "geometry": { "type": "Point", "coordinates": [ 15.272998046874999, 55.431225585937497 ] } },
{ "type": "Feature", "properties": { "confidence": 0.859, "dark_vessel": true, "matched_mmsi": null, "matched_name": null, "dist_km": 5.45 }, "geometry": { "type": "Point", "coordinates": [ 15.326831054687499, 55.430932617187501 ] } },
{ "type": "Feature", "properties": { "confidence": 0.65, "dark_vessel": true, "matched_mmsi": null, "matched_name": null, "dist_km": 5.77 }, "geometry": { "type": "Point", "coordinates": [ 15.33994140625, 55.431884765625 ] } },
{ "type": "Feature", "properties": { "confidence": 0.762, "dark_vessel": true, "matched_mmsi": null, "matched_name": null, "dist_km": 4.95 }, "geometry": { "type": "Point", "coordinates": [ 15.308447265625, 55.431811523437503 ] } },
{ "type": "Feature", "properties": { "confidence": 0.655, "dark_vessel": true, "matched_mmsi": null, "matched_name": null, "dist_km": 14.41 }, "geometry": { "type": "Point", "coordinates": [ 15.504077148437501, 55.431738281249999 ] } },
{ "type": "Feature", "properties": { "confidence": 0.589, "dark_vessel": true, "matched_mmsi": null, "matched_name": null, "dist_km": 15.44 }, "geometry": { "type": "Point", "coordinates": [ 15.5343994140625, 55.431811523437503 ] } },
{ "type": "Feature", "properties": { "confidence": 0.666, "dark_vessel": true, "matched_mmsi": null, "matched_name": null, "dist_km": 15.18 }, "geometry": { "type": "Point", "coordinates": [ 15.540478515625001, 55.431811523437503 ] } },
{ "type": "Feature", "properties": { "confidence": 0.854, "dark_vessel": true, "matched_mmsi": null, "matched_name": null, "dist_km": 4.93 }, "geometry": { "type": "Point", "coordinates": [ 15.30185546875, 55.43115234375 ] } },
{ "type": "Feature", "properties": { "confidence": 0.847, "dark_vessel": true, "matched_mmsi": null, "matched_name": null, "dist_km": 5.13 }, "geometry": { "type": "Point", "coordinates": [ 15.3146728515625, 55.43115234375 ] } },
{ "type": "Feature", "properties": { "confidence": 0.773, "dark_vessel": true, "matched_mmsi": null, "matched_name": null, "dist_km": 5.32 }, "geometry": { "type": "Point", "coordinates": [ 15.324853515625, 55.431591796874997 ] } },
{ "type": "Feature", "properties": { "confidence": 0.861, "dark_vessel": true, "matched_mmsi": null, "matched_name": null, "dist_km": 5.12 }, "geometry": { "type": "Point", "coordinates": [ 15.313647460937499, 55.431079101562503 ] } },
{ "type": "Feature", "properties": { "confidence": 0.917, "dark_vessel": true, "matched_mmsi": null, "matched_name": null, "dist_km": 5.29 }, "geometry": { "type": "Point", "coordinates": [ 15.32119140625, 55.431005859374999 ] } },
{ "type": "Feature", "properties": { "confidence": 1.0, "dark_vessel": true, "matched_mmsi": null, "matched_name": null, "dist_km": 5.17 }, "geometry": { "type": "Point", "coordinates": [ 15.260400390625, 55.43115234375 ] } },
{ "type": "Feature", "properties": { "confidence": 0.664, "dark_vessel": true, "matched_mmsi": null, "matched_name": null, "dist_km": 15.45 }, "geometry": { "type": "Point", "coordinates": [ 15.534912109375, 55.431372070312499 ] } },
{ "type": "Feature", "properties": { "confidence": 0.741, "dark_vessel": true, "matched_mmsi": null, "matched_name": null, "dist_km": 4.9 }, "geometry": { "type": "Point", "coordinates": [ 15.298046875, 55.431079101562503 ] } },
{ "type": "Feature", "properties": { "confidence": 0.584, "dark_vessel": true, "matched_mmsi": null, "matched_name": null, "dist_km": 5.18 }, "geometry": { "type": "Point", "coordinates": [ 15.3171630859375, 55.43115234375 ] } },
{ "type": "Feature", "properties": { "confidence": 0.657, "dark_vessel": true, "matched_mmsi": null, "matched_name": null, "dist_km": 5.46 }, "geometry": { "type": "Point", "coordinates": [ 15.328295898437501, 55.431225585937497 ] } },
{ "type": "Feature", "properties": { "confidence": 0.691, "dark_vessel": true, "matched_mmsi": null, "matched_name": null, "dist_km": 4.91 }, "geometry": { "type": "Point", "coordinates": [ 15.29921875, 55.431079101562503 ] } },
{ "type": "Feature", "properties": { "confidence": 0.639, "dark_vessel": true, "matched_mmsi": null, "matched_name": null, "dist_km": 5.02 }, "geometry": { "type": "Point", "coordinates": [ 15.3076416015625, 55.431005859374999 ] } },
{ "type": "Feature", "properties": { "confidence": 0.578, "dark_vessel": true, "matched_mmsi": null, "matched_name": null, "dist_km": 15.69 }, "geometry": { "type": "Point", "coordinates": [ 15.529931640625001, 55.431079101562503 ] } },
{ "type": "Feature", "properties": { "confidence": 0.689, "dark_vessel": true, "matched_mmsi": null, "matched_name": null, "dist_km": 15.68 }, "geometry": { "type": "Point", "coordinates": [ 15.530444335937501, 55.430932617187501 ] } },
{ "type": "Feature", "properties": { "confidence": 0.739, "dark_vessel": true, "matched_mmsi": null, "matched_name": null, "dist_km": 15.63 }, "geometry": { "type": "Point", "coordinates": [ 15.531396484375001, 55.431005859374999 ] } },
{ "type": "Feature", "properties": { "confidence": 0.952, "dark_vessel": true, "matched_mmsi": null, "matched_name": null, "dist_km": 4.88 }, "geometry": { "type": "Point", "coordinates": [ 15.287646484374999, 55.430932617187501 ] } },
{ "type": "Feature", "properties": { "confidence": 1.0, "dark_vessel": true, "matched_mmsi": null, "matched_name": null, "dist_km": 4.9 }, "geometry": { "type": "Point", "coordinates": [ 15.292333984375, 55.430859375 ] } },
{ "type": "Feature", "properties": { "confidence": 0.917, "dark_vessel": true, "matched_mmsi": null, "matched_name": null, "dist_km": 5.19 }, "geometry": { "type": "Point", "coordinates": [ 15.3120361328125, 55.4300537109375 ] } },
{ "type": "Feature", "properties": { "confidence": 0.586, "dark_vessel": true, "matched_mmsi": null, "matched_name": null, "dist_km": 5.51 }, "geometry": { "type": "Point", "coordinates": [ 15.3291015625, 55.430932617187501 ] } },
{ "type": "Feature", "properties": { "confidence": 0.674, "dark_vessel": true, "matched_mmsi": null, "matched_name": null, "dist_km": 5.11 }, "geometry": { "type": "Point", "coordinates": [ 15.3118896484375, 55.4307861328125 ] } },
{ "type": "Feature", "properties": { "confidence": 0.717, "dark_vessel": true, "matched_mmsi": null, "matched_name": null, "dist_km": 5.4 }, "geometry": { "type": "Point", "coordinates": [ 15.3241943359375, 55.430712890625003 ] } },
{ "type": "Feature", "properties": { "confidence": 0.844, "dark_vessel": true, "matched_mmsi": null, "matched_name": null, "dist_km": 5.9 }, "geometry": { "type": "Point", "coordinates": [ 15.340234375, 55.430639648437499 ] } },
{ "type": "Feature", "properties": { "confidence": 0.572, "dark_vessel": true, "matched_mmsi": null, "matched_name": null, "dist_km": 14.49 }, "geometry": { "type": "Point", "coordinates": [ 15.5048828125, 55.4307861328125 ] } },
{ "type": "Feature", "properties": { "confidence": 0.859, "dark_vessel": true, "matched_mmsi": null, "matched_name": null, "dist_km": 15.74 }, "geometry": { "type": "Point", "coordinates": [ 15.525830078125001, 55.430712890625003 ] } },
{ "type": "Feature", "properties": { "confidence": 0.574, "dark_vessel": true, "matched_mmsi": null, "matched_name": null, "dist_km": 15.37 }, "geometry": { "type": "Point", "coordinates": [ 15.5382080078125, 55.430712890625003 ] } },
{ "type": "Feature", "properties": { "confidence": 0.632, "dark_vessel": true, "matched_mmsi": null, "matched_name": null, "dist_km": 5.44 }, "geometry": { "type": "Point", "coordinates": [ 15.324853515625, 55.430493164062497 ] } },
{ "type": "Feature", "properties": { "confidence": 0.89, "dark_vessel": true, "matched_mmsi": null, "matched_name": null, "dist_km": 4.97 }, "geometry": { "type": "Point", "coordinates": [ 15.298413085937501, 55.430493164062497 ] } },
{ "type": "Feature", "properties": { "confidence": 0.782, "dark_vessel": true, "matched_mmsi": null, "matched_name": null, "dist_km": 5.52 }, "geometry": { "type": "Point", "coordinates": [ 15.327783203125, 55.430493164062497 ] } },
{ "type": "Feature", "properties": { "confidence": 0.838, "dark_vessel": true, "matched_mmsi": null, "matched_name": null, "dist_km": 5.6 }, "geometry": { "type": "Point", "coordinates": [ 15.3296142578125, 55.430126953124997 ] } },
{ "type": "Feature", "properties": { "confidence": 0.748, "dark_vessel": true, "matched_mmsi": null, "matched_name": null, "dist_km": 14.6 }, "geometry": { "type": "Point", "coordinates": [ 15.50634765625, 55.430346679687503 ] } },
{ "type": "Feature", "properties": { "confidence": 0.736, "dark_vessel": true, "matched_mmsi": null, "matched_name": null, "dist_km": 15.43 }, "geometry": { "type": "Point", "coordinates": [ 15.537622070312501, 55.430273437499999 ] } },
{ "type": "Feature", "properties": { "confidence": 0.964, "dark_vessel": true, "matched_mmsi": null, "matched_name": null, "dist_km": 4.99 }, "geometry": { "type": "Point", "coordinates": [ 15.2943115234375, 55.4300537109375 ] } },
{ "type": "Feature", "properties": { "confidence": 0.728, "dark_vessel": true, "matched_mmsi": null, "matched_name": null, "dist_km": 4.99 }, "geometry": { "type": "Point", "coordinates": [ 15.298779296875001, 55.430346679687503 ] } },
{ "type": "Feature", "properties": { "confidence": 0.637, "dark_vessel": true, "matched_mmsi": null, "matched_name": null, "dist_km": 5.57 }, "geometry": { "type": "Point", "coordinates": [ 15.3285888671875, 55.430200195312501 ] } },
{ "type": "Feature", "properties": { "confidence": 0.647, "dark_vessel": true, "matched_mmsi": null, "matched_name": null, "dist_km": 5.65 }, "geometry": { "type": "Point", "coordinates": [ 15.3310791015625, 55.430126953124997 ] } },
{ "type": "Feature", "properties": { "confidence": 0.835, "dark_vessel": true, "matched_mmsi": null, "matched_name": null, "dist_km": 6.07 }, "geometry": { "type": "Point", "coordinates": [ 15.343823242187501, 55.430126953124997 ] } },
{ "type": "Feature", "properties": { "confidence": 0.665, "dark_vessel": true, "matched_mmsi": null, "matched_name": null, "dist_km": 14.52 }, "geometry": { "type": "Point", "coordinates": [ 15.505029296875001, 55.430200195312501 ] } },
{ "type": "Feature", "properties": { "confidence": 0.78, "dark_vessel": true, "matched_mmsi": null, "matched_name": null, "dist_km": 5.27 }, "geometry": { "type": "Point", "coordinates": [ 15.315258789062501, 55.429907226562499 ] } },
{ "type": "Feature", "properties": { "confidence": 0.695, "dark_vessel": true, "matched_mmsi": null, "matched_name": null, "dist_km": 5.9 }, "geometry": { "type": "Point", "coordinates": [ 15.3384033203125, 55.429907226562499 ] } },
{ "type": "Feature", "properties": { "confidence": 0.634, "dark_vessel": true, "matched_mmsi": null, "matched_name": null, "dist_km": 5.97 }, "geometry": { "type": "Point", "coordinates": [ 15.340893554687501, 55.4300537109375 ] } },
{ "type": "Feature", "properties": { "confidence": 0.592, "dark_vessel": true, "matched_mmsi": null, "matched_name": null, "dist_km": 7.19 }, "geometry": { "type": "Point", "coordinates": [ 15.370776367187501, 55.4300537109375 ] } },
{ "type": "Feature", "properties": { "confidence": 1.0, "dark_vessel": true, "matched_mmsi": null, "matched_name": null, "dist_km": 5.3 }, "geometry": { "type": "Point", "coordinates": [ 15.260546875, 55.429907226562499 ] } },
{ "type": "Feature", "properties": { "confidence": 0.747, "dark_vessel": true, "matched_mmsi": null, "matched_name": null, "dist_km": 5.28 }, "geometry": { "type": "Point", "coordinates": [ 15.3162841796875, 55.429980468750003 ] } },
{ "type": "Feature", "properties": { "confidence": 0.76, "dark_vessel": true, "matched_mmsi": null, "matched_name": null, "dist_km": 5.39 }, "geometry": { "type": "Point", "coordinates": [ 15.3208251953125, 55.429907226562499 ] } },
{ "type": "Feature", "properties": { "confidence": 0.625, "dark_vessel": true, "matched_mmsi": null, "matched_name": null, "dist_km": 15.83 }, "geometry": { "type": "Point", "coordinates": [ 15.52890625, 55.429907226562499 ] } },
{ "type": "Feature", "properties": { "confidence": 0.835, "dark_vessel": true, "matched_mmsi": null, "matched_name": null, "dist_km": 5.4 }, "geometry": { "type": "Point", "coordinates": [ 15.318408203124999, 55.4293212890625 ] } },
{ "type": "Feature", "properties": { "confidence": 0.67, "dark_vessel": true, "matched_mmsi": null, "matched_name": null, "dist_km": 6.09 }, "geometry": { "type": "Point", "coordinates": [ 15.343310546875001, 55.429760742187497 ] } },
{ "type": "Feature", "properties": { "confidence": 0.731, "dark_vessel": true, "matched_mmsi": null, "matched_name": null, "dist_km": 5.29 }, "geometry": { "type": "Point", "coordinates": [ 15.3132080078125, 55.4293212890625 ] } },
{ "type": "Feature", "properties": { "confidence": 0.84, "dark_vessel": true, "matched_mmsi": null, "matched_name": null, "dist_km": 5.62 }, "geometry": { "type": "Point", "coordinates": [ 15.327563476562499, 55.429394531249997 ] } },
{ "type": "Feature", "properties": { "confidence": 0.672, "dark_vessel": true, "matched_mmsi": null, "matched_name": null, "dist_km": 15.64 }, "geometry": { "type": "Point", "coordinates": [ 15.5234130859375, 55.429614257812503 ] } },
{ "type": "Feature", "properties": { "confidence": 0.721, "dark_vessel": true, "matched_mmsi": null, "matched_name": null, "dist_km": 5.33 }, "geometry": { "type": "Point", "coordinates": [ 15.315625, 55.429467773437501 ] } },
{ "type": "Feature", "properties": { "confidence": 0.602, "dark_vessel": true, "matched_mmsi": null, "matched_name": null, "dist_km": 15.53 }, "geometry": { "type": "Point", "coordinates": [ 15.536962890625, 55.429467773437501 ] } },
{ "type": "Feature", "properties": { "confidence": 0.917, "dark_vessel": true, "matched_mmsi": null, "matched_name": null, "dist_km": 5.22 }, "geometry": { "type": "Point", "coordinates": [ 15.304052734375, 55.428735351562501 ] } },
{ "type": "Feature", "properties": { "confidence": 0.72, "dark_vessel": true, "matched_mmsi": null, "matched_name": null, "dist_km": 5.42 }, "geometry": { "type": "Point", "coordinates": [ 15.3197998046875, 55.429394531249997 ] } },
{ "type": "Feature", "properties": { "confidence": 0.749, "dark_vessel": true, "matched_mmsi": null, "matched_name": null, "dist_km": 5.31 }, "geometry": { "type": "Point", "coordinates": [ 15.312548828124999, 55.429028320312497 ] } },
{ "type": "Feature", "properties": { "confidence": 0.7, "dark_vessel": true, "matched_mmsi": null, "matched_name": null, "dist_km": 5.57 }, "geometry": { "type": "Point", "coordinates": [ 15.3243408203125, 55.429028320312497 ] } },
{ "type": "Feature", "properties": { "confidence": 0.623, "dark_vessel": true, "matched_mmsi": null, "matched_name": null, "dist_km": 5.68 }, "geometry": { "type": "Point", "coordinates": [ 15.3285888671875, 55.429101562500001 ] } },
{ "type": "Feature", "properties": { "confidence": 0.761, "dark_vessel": true, "matched_mmsi": null, "matched_name": null, "dist_km": 5.98 }, "geometry": { "type": "Point", "coordinates": [ 15.338037109375, 55.428955078125 ] } },
{ "type": "Feature", "properties": { "confidence": 0.785, "dark_vessel": true, "matched_mmsi": null, "matched_name": null, "dist_km": 6.0 }, "geometry": { "type": "Point", "coordinates": [ 15.339208984375, 55.429101562500001 ] } },
{ "type": "Feature", "properties": { "confidence": 0.644, "dark_vessel": true, "matched_mmsi": null, "matched_name": null, "dist_km": 6.24 }, "geometry": { "type": "Point", "coordinates": [ 15.34609375, 55.429174804687499 ] } },
{ "type": "Feature", "properties": { "confidence": 0.818, "dark_vessel": true, "matched_mmsi": null, "matched_name": null, "dist_km": 5.47 }, "geometry": { "type": "Point", "coordinates": [ 15.320019531250001, 55.429028320312497 ] } },
{ "type": "Feature", "properties": { "confidence": 0.662, "dark_vessel": true, "matched_mmsi": null, "matched_name": null, "dist_km": 6.15 }, "geometry": { "type": "Point", "coordinates": [ 15.3432373046875, 55.429028320312497 ] } },
{ "type": "Feature", "properties": { "confidence": 0.696, "dark_vessel": true, "matched_mmsi": null, "matched_name": null, "dist_km": 15.36 }, "geometry": { "type": "Point", "coordinates": [ 15.542016601562501, 55.429028320312497 ] } },
{ "type": "Feature", "properties": { "confidence": 0.61, "dark_vessel": true, "matched_mmsi": null, "matched_name": null, "dist_km": 6.15 }, "geometry": { "type": "Point", "coordinates": [ 15.342724609375001, 55.428881835937503 ] } },
{ "type": "Feature", "properties": { "confidence": 0.616, "dark_vessel": true, "matched_mmsi": null, "matched_name": null, "dist_km": 6.23 }, "geometry": { "type": "Point", "coordinates": [ 15.3448486328125, 55.428808593749999 ] } },
{ "type": "Feature", "properties": { "confidence": 0.571, "dark_vessel": true, "matched_mmsi": null, "matched_name": null, "dist_km": 14.52 }, "geometry": { "type": "Point", "coordinates": [ 15.504223632812501, 55.428955078125 ] } },
{ "type": "Feature", "properties": { "confidence": 0.836, "dark_vessel": true, "matched_mmsi": null, "matched_name": null, "dist_km": 5.45 }, "geometry": { "type": "Point", "coordinates": [ 15.316210937499999, 55.428442382812499 ] } },
{ "type": "Feature", "properties": { "confidence": 0.748, "dark_vessel": true, "matched_mmsi": null, "matched_name": null, "dist_km": 6.06 }, "geometry": { "type": "Point", "coordinates": [ 15.33994140625, 55.428735351562501 ] } },
{ "type": "Feature", "properties": { "confidence": 0.687, "dark_vessel": true, "matched_mmsi": null, "matched_name": null, "dist_km": 6.11 }, "geometry": { "type": "Point", "coordinates": [ 15.340161132812501, 55.428369140625001 ] } },
{ "type": "Feature", "properties": { "confidence": 0.79, "dark_vessel": true, "matched_mmsi": null, "matched_name": null, "dist_km": 5.39 }, "geometry": { "type": "Point", "coordinates": [ 15.312255859375, 55.42822265625 ] } },
{ "type": "Feature", "properties": { "confidence": 0.622, "dark_vessel": true, "matched_mmsi": null, "matched_name": null, "dist_km": 15.89 }, "geometry": { "type": "Point", "coordinates": [ 15.526782226562501, 55.428295898437497 ] } },
{ "type": "Feature", "properties": { "confidence": 0.896, "dark_vessel": true, "matched_mmsi": null, "matched_name": null, "dist_km": 15.16 }, "geometry": { "type": "Point", "coordinates": [ 15.514111328125001, 55.427636718750001 ] } },
{ "type": "Feature", "properties": { "confidence": 1.0, "dark_vessel": true, "matched_mmsi": null, "matched_name": null, "dist_km": 5.31 }, "geometry": { "type": "Point", "coordinates": [ 15.299511718750001, 55.427490234375 ] } },
{ "type": "Feature", "properties": { "confidence": 0.724, "dark_vessel": true, "matched_mmsi": null, "matched_name": null, "dist_km": 5.54 }, "geometry": { "type": "Point", "coordinates": [ 15.316796875, 55.427636718750001 ] } },
{ "type": "Feature", "properties": { "confidence": 0.771, "dark_vessel": true, "matched_mmsi": null, "matched_name": null, "dist_km": 5.6 }, "geometry": { "type": "Point", "coordinates": [ 15.320385742187501, 55.4278564453125 ] } },
{ "type": "Feature", "properties": { "confidence": 0.951, "dark_vessel": true, "matched_mmsi": null, "matched_name": null, "dist_km": 15.22 }, "geometry": { "type": "Point", "coordinates": [ 15.5153564453125, 55.4278564453125 ] } },
{ "type": "Feature", "properties": { "confidence": 0.937, "dark_vessel": true, "matched_mmsi": null, "matched_name": null, "dist_km": 5.26 }, "geometry": { "type": "Point", "coordinates": [ 15.2916015625, 55.427563476562497 ] } },
{ "type": "Feature", "properties": { "confidence": 0.727, "dark_vessel": true, "matched_mmsi": null, "matched_name": null, "dist_km": 5.33 }, "geometry": { "type": "Point", "coordinates": [ 15.304638671875001, 55.427783203125003 ] } },
{ "type": "Feature", "properties": { "confidence": 0.719, "dark_vessel": true, "matched_mmsi": null, "matched_name": null, "dist_km": 6.29 }, "geometry": { "type": "Point", "coordinates": [ 15.3442626953125, 55.4278564453125 ] } },
{ "type": "Feature", "properties": { "confidence": 0.711, "dark_vessel": true, "matched_mmsi": null, "matched_name": null, "dist_km": 6.14 }, "geometry": { "type": "Point", "coordinates": [ 15.3391357421875, 55.427636718750001 ] } },
{ "type": "Feature", "properties": { "confidence": 0.729, "dark_vessel": true, "matched_mmsi": null, "matched_name": null, "dist_km": 14.6 }, "geometry": { "type": "Point", "coordinates": [ 15.5045166015625, 55.427563476562497 ] } },
{ "type": "Feature", "properties": { "confidence": 0.782, "dark_vessel": true, "matched_mmsi": null, "matched_name": null, "dist_km": 15.3 }, "geometry": { "type": "Point", "coordinates": [ 15.516528320312501, 55.427636718750001 ] } },
{ "type": "Feature", "properties": { "confidence": 0.729, "dark_vessel": true, "matched_mmsi": null, "matched_name": null, "dist_km": 5.59 }, "geometry": { "type": "Point", "coordinates": [ 15.317822265625001, 55.427416992187503 ] } },
{ "type": "Feature", "properties": { "confidence": 0.57, "dark_vessel": true, "matched_mmsi": null, "matched_name": null, "dist_km": 5.78 }, "geometry": { "type": "Point", "coordinates": [ 15.3266845703125, 55.427563476562497 ] } },
{ "type": "Feature", "properties": { "confidence": 0.724, "dark_vessel": true, "matched_mmsi": null, "matched_name": null, "dist_km": 6.21 }, "geometry": { "type": "Point", "coordinates": [ 15.341113281250001, 55.427563476562497 ] } },
{ "type": "Feature", "properties": { "confidence": 0.706, "dark_vessel": true, "matched_mmsi": null, "matched_name": null, "dist_km": 7.42 }, "geometry": { "type": "Point", "coordinates": [ 15.371728515625, 55.427563476562497 ] } },
{ "type": "Feature", "properties": { "confidence": 0.678, "dark_vessel": true, "matched_mmsi": null, "matched_name": null, "dist_km": 6.29 }, "geometry": { "type": "Point", "coordinates": [ 15.3427978515625, 55.42734375 ] } },
{ "type": "Feature", "properties": { "confidence": 0.673, "dark_vessel": true, "matched_mmsi": null, "matched_name": null, "dist_km": 15.34 }, "geometry": { "type": "Point", "coordinates": [ 15.546191406250001, 55.427270507812501 ] } },
{ "type": "Feature", "properties": { "confidence": 0.925, "dark_vessel": true, "matched_mmsi": null, "matched_name": null, "dist_km": 5.43 }, "geometry": { "type": "Point", "coordinates": [ 15.306396484375, 55.427050781250003 ] } },
{ "type": "Feature", "properties": { "confidence": 0.864, "dark_vessel": true, "matched_mmsi": null, "matched_name": null, "dist_km": 15.97 }, "geometry": { "type": "Point", "coordinates": [ 15.531982421875, 55.426611328124999 ] } },
{ "type": "Feature", "properties": { "confidence": 0.794, "dark_vessel": true, "matched_mmsi": null, "matched_name": null, "dist_km": 15.3 }, "geometry": { "type": "Point", "coordinates": [ 15.515869140625, 55.426684570312503 ] } },
{ "type": "Feature", "properties": { "confidence": 0.754, "dark_vessel": true, "matched_mmsi": null, "matched_name": null, "dist_km": 5.64 }, "geometry": { "type": "Point", "coordinates": [ 15.317236328125, 55.4267578125 ] } },
{ "type": "Feature", "properties": { "confidence": 0.704, "dark_vessel": true, "matched_mmsi": null, "matched_name": null, "dist_km": 6.23 }, "geometry": { "type": "Point", "coordinates": [ 15.3395751953125, 55.426831054687497 ] } },
{ "type": "Feature", "properties": { "confidence": 0.845, "dark_vessel": true, "matched_mmsi": null, "matched_name": null, "dist_km": 15.22 }, "geometry": { "type": "Point", "coordinates": [ 15.514404296875, 55.426464843749997 ] } },
{ "type": "Feature", "properties": { "confidence": 0.764, "dark_vessel": true, "matched_mmsi": null, "matched_name": null, "dist_km": 15.47 }, "geometry": { "type": "Point", "coordinates": [ 15.543847656250001, 55.426831054687497 ] } },
{ "type": "Feature", "properties": { "confidence": 0.655, "dark_vessel": true, "matched_mmsi": null, "matched_name": null, "dist_km": 6.32 }, "geometry": { "type": "Point", "coordinates": [ 15.3413330078125, 55.426538085937501 ] } },
{ "type": "Feature", "properties": { "confidence": 0.743, "dark_vessel": true, "matched_mmsi": null, "matched_name": null, "dist_km": 6.33 }, "geometry": { "type": "Point", "coordinates": [ 15.342138671875, 55.426684570312503 ] } },
{ "type": "Feature", "properties": { "confidence": 0.812, "dark_vessel": true, "matched_mmsi": null, "matched_name": null, "dist_km": 15.05 }, "geometry": { "type": "Point", "coordinates": [ 15.511547851562501, 55.426684570312503 ] } },
{ "type": "Feature", "properties": { "confidence": 0.683, "dark_vessel": true, "matched_mmsi": null, "matched_name": null, "dist_km": 15.88 }, "geometry": { "type": "Point", "coordinates": [ 15.534106445312501, 55.426684570312503 ] } },
{ "type": "Feature", "properties": { "confidence": 0.678, "dark_vessel": true, "matched_mmsi": null, "matched_name": null, "dist_km": 5.42 }, "geometry": { "type": "Point", "coordinates": [ 15.2988525390625, 55.426464843749997 ] } },
{ "type": "Feature", "properties": { "confidence": 0.611, "dark_vessel": true, "matched_mmsi": null, "matched_name": null, "dist_km": 14.92 }, "geometry": { "type": "Point", "coordinates": [ 15.50927734375, 55.426464843749997 ] } },
{ "type": "Feature", "properties": { "confidence": 0.953, "dark_vessel": true, "matched_mmsi": null, "matched_name": null, "dist_km": 5.51 }, "geometry": { "type": "Point", "coordinates": [ 15.306103515625001, 55.426318359375003 ] } },
{ "type": "Feature", "properties": { "confidence": 0.692, "dark_vessel": true, "matched_mmsi": null, "matched_name": null, "dist_km": 6.28 }, "geometry": { "type": "Point", "coordinates": [ 15.3398681640625, 55.4263916015625 ] } },
{ "type": "Feature", "properties": { "confidence": 0.701, "dark_vessel": true, "matched_mmsi": null, "matched_name": null, "dist_km": 14.85 }, "geometry": { "type": "Point", "coordinates": [ 15.508105468750001, 55.4263916015625 ] } },
{ "type": "Feature", "properties": { "confidence": 0.706, "dark_vessel": true, "matched_mmsi": null, "matched_name": null, "dist_km": 15.94 }, "geometry": { "type": "Point", "coordinates": [ 15.53359375, 55.426171875 ] } },
{ "type": "Feature", "properties": { "confidence": 0.583, "dark_vessel": true, "matched_mmsi": null, "matched_name": null, "dist_km": 15.87 }, "geometry": { "type": "Point", "coordinates": [ 15.534912109375, 55.4263916015625 ] } },
{ "type": "Feature", "properties": { "confidence": 0.785, "dark_vessel": true, "matched_mmsi": null, "matched_name": null, "dist_km": 5.49 }, "geometry": { "type": "Point", "coordinates": [ 15.303466796875, 55.426171875 ] } },
{ "type": "Feature", "properties": { "confidence": 0.706, "dark_vessel": true, "matched_mmsi": null, "matched_name": null, "dist_km": 5.52 }, "geometry": { "type": "Point", "coordinates": [ 15.305517578125, 55.426171875 ] } },
{ "type": "Feature", "properties": { "confidence": 0.637, "dark_vessel": true, "matched_mmsi": null, "matched_name": null, "dist_km": 6.58 }, "geometry": { "type": "Point", "coordinates": [ 15.3476318359375, 55.426098632812497 ] } },
{ "type": "Feature", "properties": { "confidence": 0.761, "dark_vessel": true, "matched_mmsi": null, "matched_name": null, "dist_km": 15.1 }, "geometry": { "type": "Point", "coordinates": [ 15.51220703125, 55.426245117187499 ] } },
{ "type": "Feature", "properties": { "confidence": 0.692, "dark_vessel": true, "matched_mmsi": null, "matched_name": null, "dist_km": 14.95 }, "geometry": { "type": "Point", "coordinates": [ 15.509570312500001, 55.426098632812497 ] } },
{ "type": "Feature", "properties": { "confidence": 0.657, "dark_vessel": true, "matched_mmsi": null, "matched_name": null, "dist_km": 15.35 }, "geometry": { "type": "Point", "coordinates": [ 15.516308593750001, 55.426098632812497 ] } },
{ "type": "Feature", "properties": { "confidence": 0.963, "dark_vessel": true, "matched_mmsi": null, "matched_name": null, "dist_km": 5.56 }, "geometry": { "type": "Point", "coordinates": [ 15.304931640625, 55.4256591796875 ] } },
{ "type": "Feature", "properties": { "confidence": 0.693, "dark_vessel": true, "matched_mmsi": null, "matched_name": null, "dist_km": 5.9 }, "geometry": { "type": "Point", "coordinates": [ 15.3244873046875, 55.425878906249999 ] } },
{ "type": "Feature", "properties": { "confidence": 0.934, "dark_vessel": true, "matched_mmsi": null, "matched_name": null, "dist_km": 15.14 }, "geometry": { "type": "Point", "coordinates": [ 15.512133789062501, 55.425219726562503 ] } },
{ "type": "Feature", "properties": { "confidence": 0.914, "dark_vessel": true, "matched_mmsi": null, "matched_name": null, "dist_km": 15.32 }, "geometry": { "type": "Point", "coordinates": [ 15.515649414062501, 55.425878906249999 ] } },
{ "type": "Feature", "properties": { "confidence": 0.58, "dark_vessel": true, "matched_mmsi": null, "matched_name": null, "dist_km": 6.36 }, "geometry": { "type": "Point", "coordinates": [ 15.3404541015625, 55.425805664062501 ] } },
{ "type": "Feature", "properties": { "confidence": 0.661, "dark_vessel": true, "matched_mmsi": null, "matched_name": null, "dist_km": 14.86 }, "geometry": { "type": "Point", "coordinates": [ 15.507666015625, 55.425732421874997 ] } },
{ "type": "Feature", "properties": { "confidence": 0.634, "dark_vessel": true, "matched_mmsi": null, "matched_name": null, "dist_km": 15.14 }, "geometry": { "type": "Point", "coordinates": [ 15.5125732421875, 55.425878906249999 ] } },
{ "type": "Feature", "properties": { "confidence": 0.891, "dark_vessel": true, "matched_mmsi": null, "matched_name": null, "dist_km": 5.57 }, "geometry": { "type": "Point", "coordinates": [ 15.303540039062501, 55.425512695312499 ] } },
{ "type": "Feature", "properties": { "confidence": 0.769, "dark_vessel": true, "matched_mmsi": null, "matched_name": null, "dist_km": 6.47 }, "geometry": { "type": "Point", "coordinates": [ 15.3431640625, 55.425585937500003 ] } },
{ "type": "Feature", "properties": { "confidence": 0.62, "dark_vessel": true, "matched_mmsi": null, "matched_name": null, "dist_km": 14.93 }, "geometry": { "type": "Point", "coordinates": [ 15.508837890625001, 55.4256591796875 ] } },
{ "type": "Feature", "properties": { "confidence": 0.746, "dark_vessel": true, "matched_mmsi": null, "matched_name": null, "dist_km": 15.0 }, "geometry": { "type": "Point", "coordinates": [ 15.509936523437501, 55.425439453125001 ] } },
{ "type": "Feature", "properties": { "confidence": 0.653, "dark_vessel": true, "matched_mmsi": null, "matched_name": null, "dist_km": 15.19 }, "geometry": { "type": "Point", "coordinates": [ 15.5131591796875, 55.425512695312499 ] } },
{ "type": "Feature", "properties": { "confidence": 0.889, "dark_vessel": true, "matched_mmsi": null, "matched_name": null, "dist_km": 5.69 }, "geometry": { "type": "Point", "coordinates": [ 15.310864257812501, 55.42529296875 ] } },
{ "type": "Feature", "properties": { "confidence": 0.751, "dark_vessel": true, "matched_mmsi": null, "matched_name": null, "dist_km": 15.08 }, "geometry": { "type": "Point", "coordinates": [ 15.511035156250001, 55.425146484374999 ] } },
{ "type": "Feature", "properties": { "confidence": 0.974, "dark_vessel": true, "matched_mmsi": null, "matched_name": null, "dist_km": 5.75 }, "geometry": { "type": "Point", "coordinates": [ 15.3117431640625, 55.424780273437499 ] } },
{ "type": "Feature", "properties": { "confidence": 0.833, "dark_vessel": true, "matched_mmsi": null, "matched_name": null, "dist_km": 5.74 }, "geometry": { "type": "Point", "coordinates": [ 15.310498046875001, 55.424780273437499 ] } },
{ "type": "Feature", "properties": { "confidence": 0.644, "dark_vessel": true, "matched_mmsi": null, "matched_name": null, "dist_km": 6.42 }, "geometry": { "type": "Point", "coordinates": [ 15.339428710937501, 55.424853515625003 ] } },
{ "type": "Feature", "properties": { "confidence": 0.698, "dark_vessel": true, "matched_mmsi": null, "matched_name": null, "dist_km": 15.03 }, "geometry": { "type": "Point", "coordinates": [ 15.509790039062501, 55.424414062499999 ] } },
{ "type": "Feature", "properties": { "confidence": 0.639, "dark_vessel": true, "matched_mmsi": null, "matched_name": null, "dist_km": 15.11 }, "geometry": { "type": "Point", "coordinates": [ 15.510888671875001, 55.4241943359375 ] } },
{ "type": "Feature", "properties": { "confidence": 0.713, "dark_vessel": true, "matched_mmsi": null, "matched_name": null, "dist_km": 6.46 }, "geometry": { "type": "Point", "coordinates": [ 15.3382568359375, 55.424047851562499 ] } },
{ "type": "Feature", "properties": { "confidence": 0.625, "dark_vessel": true, "matched_mmsi": null, "matched_name": null, "dist_km": 8.71 }, "geometry": { "type": "Point", "coordinates": [ 15.393701171875, 55.424047851562499 ] } },
{ "type": "Feature", "properties": { "confidence": 0.632, "dark_vessel": true, "matched_mmsi": null, "matched_name": null, "dist_km": 6.8 }, "geometry": { "type": "Point", "coordinates": [ 15.347998046875, 55.423754882812503 ] } },
{ "type": "Feature", "properties": { "confidence": 0.696, "dark_vessel": true, "matched_mmsi": null, "matched_name": null, "dist_km": 15.21 }, "geometry": { "type": "Point", "coordinates": [ 15.511987304687501, 55.423242187500001 ] } },
{ "type": "Feature", "properties": { "confidence": 0.653, "dark_vessel": true, "matched_mmsi": null, "matched_name": null, "dist_km": 6.48 }, "geometry": { "type": "Point", "coordinates": [ 15.3362060546875, 55.423168945312504 ] } },
{ "type": "Feature", "properties": { "confidence": 0.619, "dark_vessel": true, "matched_mmsi": null, "matched_name": null, "dist_km": 8.68 }, "geometry": { "type": "Point", "coordinates": [ 15.391943359375, 55.423315429687499 ] } },
{ "type": "Feature", "properties": { "confidence": 0.707, "dark_vessel": true, "matched_mmsi": null, "matched_name": null, "dist_km": 16.31 }, "geometry": { "type": "Point", "coordinates": [ 15.531176757812501, 55.423022460937503 ] } },
{ "type": "Feature", "properties": { "confidence": 0.757, "dark_vessel": true, "matched_mmsi": null, "matched_name": null, "dist_km": 6.05 }, "geometry": { "type": "Point", "coordinates": [ 15.3168701171875, 55.422875976562501 ] } },
{ "type": "Feature", "properties": { "confidence": 0.928, "dark_vessel": true, "matched_mmsi": null, "matched_name": null, "dist_km": 5.89 }, "geometry": { "type": "Point", "coordinates": [ 15.3009033203125, 55.422290039062503 ] } },
{ "type": "Feature", "properties": { "confidence": 0.691, "dark_vessel": true, "matched_mmsi": null, "matched_name": null, "dist_km": 6.57 }, "geometry": { "type": "Point", "coordinates": [ 15.336865234375001, 55.422509765625001 ] } },
{ "type": "Feature", "properties": { "confidence": 0.823, "dark_vessel": true, "matched_mmsi": null, "matched_name": null, "dist_km": 16.32 }, "geometry": { "type": "Point", "coordinates": [ 15.530078125, 55.422070312500004 ] } },
{ "type": "Feature", "properties": { "confidence": 0.625, "dark_vessel": true, "matched_mmsi": null, "matched_name": null, "dist_km": 6.6 }, "geometry": { "type": "Point", "coordinates": [ 15.3373046875, 55.422290039062503 ] } },
{ "type": "Feature", "properties": { "confidence": 0.694, "dark_vessel": true, "matched_mmsi": null, "matched_name": null, "dist_km": 6.76 }, "geometry": { "type": "Point", "coordinates": [ 15.3417724609375, 55.422070312500004 ] } },
{ "type": "Feature", "properties": { "confidence": 0.691, "dark_vessel": true, "matched_mmsi": null, "matched_name": null, "dist_km": 16.35 }, "geometry": { "type": "Point", "coordinates": [ 15.532055664062501, 55.422143554687501 ] } },
{ "type": "Feature", "properties": { "confidence": 0.651, "dark_vessel": true, "matched_mmsi": null, "matched_name": null, "dist_km": 16.1 }, "geometry": { "type": "Point", "coordinates": [ 15.5263427734375, 55.422070312500004 ] } },
{ "type": "Feature", "properties": { "confidence": 0.688, "dark_vessel": true, "matched_mmsi": null, "matched_name": null, "dist_km": 16.4 }, "geometry": { "type": "Point", "coordinates": [ 15.53125, 55.421850585937499 ] } },
{ "type": "Feature", "properties": { "confidence": 0.959, "dark_vessel": true, "matched_mmsi": null, "matched_name": null, "dist_km": 6.23 }, "geometry": { "type": "Point", "coordinates": [ 15.316650390625, 55.421118164062499 ] } },
{ "type": "Feature", "properties": { "confidence": 0.636, "dark_vessel": true, "matched_mmsi": null, "matched_name": null, "dist_km": 7.15 }, "geometry": { "type": "Point", "coordinates": [ 15.351806640625, 55.421411132812501 ] } },
{ "type": "Feature", "properties": { "confidence": 0.887, "dark_vessel": true, "matched_mmsi": null, "matched_name": null, "dist_km": 16.36 }, "geometry": { "type": "Point", "coordinates": [ 15.53037109375, 55.421411132812501 ] } },
{ "type": "Feature", "properties": { "confidence": 1.0, "dark_vessel": true, "matched_mmsi": null, "matched_name": null, "dist_km": 6.43 }, "geometry": { "type": "Point", "coordinates": [ 15.321850585937501, 55.420166015625 ] } },
{ "type": "Feature", "properties": { "confidence": 0.563, "dark_vessel": true, "matched_mmsi": null, "matched_name": null, "dist_km": 7.48 }, "geometry": { "type": "Point", "coordinates": [ 15.35986328125, 55.421118164062499 ] } },
{ "type": "Feature", "properties": { "confidence": 0.765, "dark_vessel": true, "matched_mmsi": null, "matched_name": null, "dist_km": 6.13 }, "geometry": { "type": "Point", "coordinates": [ 15.3088134765625, 55.4208984375 ] } },
{ "type": "Feature", "properties": { "confidence": 0.759, "dark_vessel": true, "matched_mmsi": null, "matched_name": null, "dist_km": 6.81 }, "geometry": { "type": "Point", "coordinates": [ 15.339648437500001, 55.4208984375 ] } },
{ "type": "Feature", "properties": { "confidence": 0.708, "dark_vessel": true, "matched_mmsi": null, "matched_name": null, "dist_km": 16.17 }, "geometry": { "type": "Point", "coordinates": [ 15.526782226562501, 55.420971679687504 ] } },
{ "type": "Feature", "properties": { "confidence": 0.824, "dark_vessel": true, "matched_mmsi": null, "matched_name": null, "dist_km": 16.36 }, "geometry": { "type": "Point", "coordinates": [ 15.5300048828125, 55.4208984375 ] } },
{ "type": "Feature", "properties": { "confidence": 0.76, "dark_vessel": true, "matched_mmsi": null, "matched_name": null, "dist_km": 6.62 }, "geometry": { "type": "Point", "coordinates": [ 15.332763671875, 55.420825195312503 ] } },
{ "type": "Feature", "properties": { "confidence": 0.773, "dark_vessel": true, "matched_mmsi": null, "matched_name": null, "dist_km": 7.21 }, "geometry": { "type": "Point", "coordinates": [ 15.3514404296875, 55.420678710937501 ] } },
{ "type": "Feature", "properties": { "confidence": 0.608, "dark_vessel": true, "matched_mmsi": null, "matched_name": null, "dist_km": 9.25 }, "geometry": { "type": "Point", "coordinates": [ 15.4, 55.420678710937501 ] } },
{ "type": "Feature", "properties": { "confidence": 1.0, "dark_vessel": true, "matched_mmsi": null, "matched_name": null, "dist_km": 6.32 }, "geometry": { "type": "Point", "coordinates": [ 15.317089843750001, 55.4203125 ] } },
{ "type": "Feature", "properties": { "confidence": 0.746, "dark_vessel": true, "matched_mmsi": null, "matched_name": null, "dist_km": 6.66 }, "geometry": { "type": "Point", "coordinates": [ 15.332690429687501, 55.420385742187499 ] } },
{ "type": "Feature", "properties": { "confidence": 0.72, "dark_vessel": true, "matched_mmsi": null, "matched_name": null, "dist_km": 6.93 }, "geometry": { "type": "Point", "coordinates": [ 15.342138671875, 55.420385742187499 ] } },
{ "type": "Feature", "properties": { "confidence": 0.762, "dark_vessel": true, "matched_mmsi": null, "matched_name": null, "dist_km": 6.65 }, "geometry": { "type": "Point", "coordinates": [ 15.33203125, 55.4203125 ] } },
{ "type": "Feature", "properties": { "confidence": 0.702, "dark_vessel": true, "matched_mmsi": null, "matched_name": null, "dist_km": 6.86 }, "geometry": { "type": "Point", "coordinates": [ 15.3390625, 55.420166015625 ] } },
{ "type": "Feature", "properties": { "confidence": 0.619, "dark_vessel": true, "matched_mmsi": null, "matched_name": null, "dist_km": 6.97 }, "geometry": { "type": "Point", "coordinates": [ 15.342944335937501, 55.420239257812504 ] } },
{ "type": "Feature", "properties": { "confidence": 0.754, "dark_vessel": true, "matched_mmsi": null, "matched_name": null, "dist_km": 7.41 }, "geometry": { "type": "Point", "coordinates": [ 15.3558349609375, 55.420239257812504 ] } },
{ "type": "Feature", "properties": { "confidence": 0.769, "dark_vessel": true, "matched_mmsi": null, "matched_name": null, "dist_km": 15.64 }, "geometry": { "type": "Point", "coordinates": [ 15.517041015625001, 55.420092773437503 ] } },
{ "type": "Feature", "properties": { "confidence": 0.808, "dark_vessel": true, "matched_mmsi": null, "matched_name": null, "dist_km": 16.21 }, "geometry": { "type": "Point", "coordinates": [ 15.526928710937501, 55.420239257812504 ] } },
{ "type": "Feature", "properties": { "confidence": 0.989, "dark_vessel": true, "matched_mmsi": null, "matched_name": null, "dist_km": 16.28 }, "geometry": { "type": "Point", "coordinates": [ 15.5278076171875, 55.419946289062501 ] } },
{ "type": "Feature", "properties": { "confidence": 0.757, "dark_vessel": true, "matched_mmsi": null, "matched_name": null, "dist_km": 16.32 }, "geometry": { "type": "Point", "coordinates": [ 15.528759765625001, 55.420092773437503 ] } },
{ "type": "Feature", "properties": { "confidence": 0.808, "dark_vessel": true, "matched_mmsi": null, "matched_name": null, "dist_km": 6.63 }, "geometry": { "type": "Point", "coordinates": [ 15.3291015625, 55.4197998046875 ] } },
{ "type": "Feature", "properties": { "confidence": 0.823, "dark_vessel": true, "matched_mmsi": null, "matched_name": null, "dist_km": 6.71 }, "geometry": { "type": "Point", "coordinates": [ 15.332177734375, 55.4197998046875 ] } },
{ "type": "Feature", "properties": { "confidence": 0.587, "dark_vessel": true, "matched_mmsi": null, "matched_name": null, "dist_km": 7.26 }, "geometry": { "type": "Point", "coordinates": [ 15.350927734375, 55.419946289062501 ] } },
{ "type": "Feature", "properties": { "confidence": 0.939, "dark_vessel": true, "matched_mmsi": null, "matched_name": null, "dist_km": 15.76 }, "geometry": { "type": "Point", "coordinates": [ 15.518798828125, 55.419653320312499 ] } },
{ "type": "Feature", "properties": { "confidence": 1.0, "dark_vessel": true, "matched_mmsi": null, "matched_name": null, "dist_km": 6.9 }, "geometry": { "type": "Point", "coordinates": [ 15.329541015625001, 55.417309570312504 ] } },
{ "type": "Feature", "properties": { "confidence": 0.604, "dark_vessel": true, "matched_mmsi": null, "matched_name": null, "dist_km": 16.38 }, "geometry": { "type": "Point", "coordinates": [ 15.5294189453125, 55.419726562500003 ] } },
{ "type": "Feature", "properties": { "confidence": 1.0, "dark_vessel": true, "matched_mmsi": null, "matched_name": null, "dist_km": 6.39 }, "geometry": { "type": "Point", "coordinates": [ 15.3154052734375, 55.41943359375 ] } },
{ "type": "Feature", "properties": { "confidence": 0.712, "dark_vessel": true, "matched_mmsi": null, "matched_name": null, "dist_km": 6.93 }, "geometry": { "type": "Point", "coordinates": [ 15.3389892578125, 55.419506835937504 ] } },
{ "type": "Feature", "properties": { "confidence": 0.615, "dark_vessel": true, "matched_mmsi": null, "matched_name": null, "dist_km": 7.54 }, "geometry": { "type": "Point", "coordinates": [ 15.35751953125, 55.41943359375 ] } },
{ "type": "Feature", "properties": { "confidence": 0.739, "dark_vessel": true, "matched_mmsi": null, "matched_name": null, "dist_km": 16.51 }, "geometry": { "type": "Point", "coordinates": [ 15.53125, 55.4190673828125 ] } },
{ "type": "Feature", "properties": { "confidence": 0.747, "dark_vessel": true, "matched_mmsi": null, "matched_name": null, "dist_km": 7.11 }, "geometry": { "type": "Point", "coordinates": [ 15.3443359375, 55.419213867187501 ] } },
{ "type": "Feature", "properties": { "confidence": 0.814, "dark_vessel": true, "matched_mmsi": null, "matched_name": null, "dist_km": 16.44 }, "geometry": { "type": "Point", "coordinates": [ 15.52978515625, 55.418774414062504 ] } },
{ "type": "Feature", "properties": { "confidence": 0.716, "dark_vessel": true, "matched_mmsi": null, "matched_name": null, "dist_km": 6.99 }, "geometry": { "type": "Point", "coordinates": [ 15.33935546875, 55.418994140625003 ] } },
{ "type": "Feature", "properties": { "confidence": 0.752, "dark_vessel": true, "matched_mmsi": null, "matched_name": null, "dist_km": 7.33 }, "geometry": { "type": "Point", "coordinates": [ 15.350415039062501, 55.4190673828125 ] } },
{ "type": "Feature", "properties": { "confidence": 0.618, "dark_vessel": true, "matched_mmsi": null, "matched_name": null, "dist_km": 7.81 }, "geometry": { "type": "Point", "coordinates": [ 15.363964843750001, 55.4190673828125 ] } },
{ "type": "Feature", "properties": { "confidence": 0.836, "dark_vessel": true, "matched_mmsi": null, "matched_name": null, "dist_km": 15.85 }, "geometry": { "type": "Point", "coordinates": [ 15.519677734375001, 55.418920898437499 ] } },
{ "type": "Feature", "properties": { "confidence": 0.635, "dark_vessel": true, "matched_mmsi": null, "matched_name": null, "dist_km": 15.91 }, "geometry": { "type": "Point", "coordinates": [ 15.520776367187501, 55.418994140625003 ] } },
{ "type": "Feature", "properties": { "confidence": 1.0, "dark_vessel": true, "matched_mmsi": null, "matched_name": null, "dist_km": 6.53 }, "geometry": { "type": "Point", "coordinates": [ 15.315991210937501, 55.418188476562499 ] } },
{ "type": "Feature", "properties": { "confidence": 1.0, "dark_vessel": true, "matched_mmsi": null, "matched_name": null, "dist_km": 6.62 }, "geometry": { "type": "Point", "coordinates": [ 15.320385742187501, 55.418115234375001 ] } },
{ "type": "Feature", "properties": { "confidence": 1.0, "dark_vessel": true, "matched_mmsi": null, "matched_name": null, "dist_km": 6.65 }, "geometry": { "type": "Point", "coordinates": [ 15.3221435546875, 55.418115234375001 ] } },
{ "type": "Feature", "properties": { "confidence": 0.822, "dark_vessel": true, "matched_mmsi": null, "matched_name": null, "dist_km": 7.02 }, "geometry": { "type": "Point", "coordinates": [ 15.3391357421875, 55.418554687499999 ] } },
{ "type": "Feature", "properties": { "confidence": 0.614, "dark_vessel": true, "matched_mmsi": null, "matched_name": null, "dist_km": 7.8 }, "geometry": { "type": "Point", "coordinates": [ 15.3630126953125, 55.418847656250001 ] } },
{ "type": "Feature", "properties": { "confidence": 0.721, "dark_vessel": true, "matched_mmsi": null, "matched_name": null, "dist_km": 16.5 }, "geometry": { "type": "Point", "coordinates": [ 15.530810546875001, 55.418701171875 ] } },
{ "type": "Feature", "properties": { "confidence": 0.729, "dark_vessel": true, "matched_mmsi": null, "matched_name": null, "dist_km": 7.45 }, "geometry": { "type": "Point", "coordinates": [ 15.3525390625, 55.418481445312501 ] } },
{ "type": "Feature", "properties": { "confidence": 0.741, "dark_vessel": true, "matched_mmsi": null, "matched_name": null, "dist_km": 16.59 }, "geometry": { "type": "Point", "coordinates": [ 15.5322021484375, 55.418627929687503 ] } },
{ "type": "Feature", "properties": { "confidence": 0.955, "dark_vessel": true, "matched_mmsi": null, "matched_name": null, "dist_km": 16.46 }, "geometry": { "type": "Point", "coordinates": [ 15.537548828125001, 55.4183349609375 ] } },
{ "type": "Feature", "properties": { "confidence": 0.99, "dark_vessel": true, "matched_mmsi": null, "matched_name": null, "dist_km": 6.51 }, "geometry": { "type": "Point", "coordinates": [ 15.314746093749999, 55.418188476562499 ] } },
{ "type": "Feature", "properties": { "confidence": 0.667, "dark_vessel": true, "matched_mmsi": null, "matched_name": null, "dist_km": 7.33 }, "geometry": { "type": "Point", "coordinates": [ 15.3484375, 55.4183349609375 ] } },
{ "type": "Feature", "properties": { "confidence": 0.682, "dark_vessel": true, "matched_mmsi": null, "matched_name": null, "dist_km": 15.9 }, "geometry": { "type": "Point", "coordinates": [ 15.520043945312501, 55.418261718750003 ] } },
{ "type": "Feature", "properties": { "confidence": 0.736, "dark_vessel": true, "matched_mmsi": null, "matched_name": null, "dist_km": 15.86 }, "geometry": { "type": "Point", "coordinates": [ 15.519458007812501, 55.418188476562499 ] } },
{ "type": "Feature", "properties": { "confidence": 0.706, "dark_vessel": true, "matched_mmsi": null, "matched_name": null, "dist_km": 16.48 }, "geometry": { "type": "Point", "coordinates": [ 15.530078125, 55.418188476562499 ] } },
{ "type": "Feature", "properties": { "confidence": 0.969, "dark_vessel": true, "matched_mmsi": null, "matched_name": null, "dist_km": 7.07 }, "geometry": { "type": "Point", "coordinates": [ 15.337890625, 55.417749023437501 ] } },
{ "type": "Feature", "properties": { "confidence": 0.708, "dark_vessel": true, "matched_mmsi": null, "matched_name": null, "dist_km": 7.08 }, "geometry": { "type": "Point", "coordinates": [ 15.338916015625001, 55.417895507812503 ] } },
{ "type": "Feature", "properties": { "confidence": 0.899, "dark_vessel": true, "matched_mmsi": null, "matched_name": null, "dist_km": 7.11 }, "geometry": { "type": "Point", "coordinates": [ 15.3395751953125, 55.417822265624999 ] } },
{ "type": "Feature", "properties": { "confidence": 0.798, "dark_vessel": true, "matched_mmsi": null, "matched_name": null, "dist_km": 7.31 }, "geometry": { "type": "Point", "coordinates": [ 15.3461669921875, 55.417749023437501 ] } },
{ "type": "Feature", "properties": { "confidence": 0.654, "dark_vessel": true, "matched_mmsi": null, "matched_name": null, "dist_km": 7.4 }, "geometry": { "type": "Point", "coordinates": [ 15.349169921875001, 55.417895507812503 ] } },
{ "type": "Feature", "properties": { "confidence": 0.652, "dark_vessel": true, "matched_mmsi": null, "matched_name": null, "dist_km": 16.56 }, "geometry": { "type": "Point", "coordinates": [ 15.531176757812501, 55.417749023437501 ] } },
{ "type": "Feature", "properties": { "confidence": 0.783, "dark_vessel": true, "matched_mmsi": null, "matched_name": null, "dist_km": 16.6 }, "geometry": { "type": "Point", "coordinates": [ 15.5318359375, 55.417749023437501 ] } },
{ "type": "Feature", "properties": { "confidence": 0.647, "dark_vessel": true, "matched_mmsi": null, "matched_name": null, "dist_km": 8.09 }, "geometry": { "type": "Point", "coordinates": [ 15.3674072265625, 55.417456054687499 ] } },
{ "type": "Feature", "properties": { "confidence": 0.789, "dark_vessel": true, "matched_mmsi": null, "matched_name": null, "dist_km": 16.64 }, "geometry": { "type": "Point", "coordinates": [ 15.534985351562501, 55.417382812500001 ] } },
{ "type": "Feature", "properties": { "confidence": 0.901, "dark_vessel": true, "matched_mmsi": null, "matched_name": null, "dist_km": 7.15 }, "geometry": { "type": "Point", "coordinates": [ 15.337744140625, 55.416943359375004 ] } },
{ "type": "Feature", "properties": { "confidence": 0.679, "dark_vessel": true, "matched_mmsi": null, "matched_name": null, "dist_km": 7.26 }, "geometry": { "type": "Point", "coordinates": [ 15.3426513671875, 55.417236328125 ] } },
{ "type": "Feature", "properties": { "confidence": 0.703, "dark_vessel": true, "matched_mmsi": null, "matched_name": null, "dist_km": 7.36 }, "geometry": { "type": "Point", "coordinates": [ 15.34580078125, 55.417163085937503 ] } },
{ "type": "Feature", "properties": { "confidence": 0.726, "dark_vessel": true, "matched_mmsi": null, "matched_name": null, "dist_km": 7.89 }, "geometry": { "type": "Point", "coordinates": [ 15.361474609375, 55.417163085937503 ] } },
{ "type": "Feature", "properties": { "confidence": 0.663, "dark_vessel": true, "matched_mmsi": null, "matched_name": null, "dist_km": 7.25 }, "geometry": { "type": "Point", "coordinates": [ 15.341479492187501, 55.416943359375004 ] } },
{ "type": "Feature", "properties": { "confidence": 0.852, "dark_vessel": true, "matched_mmsi": null, "matched_name": null, "dist_km": 15.8 }, "geometry": { "type": "Point", "coordinates": [ 15.5169677734375, 55.416430664062503 ] } },
{ "type": "Feature", "properties": { "confidence": 0.566, "dark_vessel": true, "matched_mmsi": null, "matched_name": null, "dist_km": 9.38 }, "geometry": { "type": "Point", "coordinates": [ 15.396484375, 55.416723632812499 ] } },
{ "type": "Feature", "properties": { "confidence": 0.765, "dark_vessel": true, "matched_mmsi": null, "matched_name": null, "dist_km": 7.22 }, "geometry": { "type": "Point", "coordinates": [ 15.3384765625, 55.416430664062503 ] } },
{ "type": "Feature", "properties": { "confidence": 0.742, "dark_vessel": true, "matched_mmsi": null, "matched_name": null, "dist_km": 7.29 }, "geometry": { "type": "Point", "coordinates": [ 15.340747070312501, 55.416357421874999 ] } },
{ "type": "Feature", "properties": { "confidence": 0.936, "dark_vessel": true, "matched_mmsi": null, "matched_name": null, "dist_km": 7.33 }, "geometry": { "type": "Point", "coordinates": [ 15.342358398437501, 55.416357421874999 ] } },
{ "type": "Feature", "properties": { "confidence": 1.0, "dark_vessel": true, "matched_mmsi": null, "matched_name": null, "dist_km": 7.04 }, "geometry": { "type": "Point", "coordinates": [ 15.330859375, 55.416284179687501 ] } },
{ "type": "Feature", "properties": { "confidence": 0.632, "dark_vessel": true, "matched_mmsi": null, "matched_name": null, "dist_km": 7.42 }, "geometry": { "type": "Point", "coordinates": [ 15.344921875, 55.416284179687501 ] } },
{ "type": "Feature", "properties": { "confidence": 0.656, "dark_vessel": true, "matched_mmsi": null, "matched_name": null, "dist_km": 16.74 }, "geometry": { "type": "Point", "coordinates": [ 15.535205078125001, 55.416210937500004 ] } },
{ "type": "Feature", "properties": { "confidence": 0.71, "dark_vessel": true, "matched_mmsi": null, "matched_name": null, "dist_km": 7.22 }, "geometry": { "type": "Point", "coordinates": [ 15.337158203125, 55.416064453125003 ] } },
{ "type": "Feature", "properties": { "confidence": 0.603, "dark_vessel": true, "matched_mmsi": null, "matched_name": null, "dist_km": 7.55 }, "geometry": { "type": "Point", "coordinates": [ 15.3490966796875, 55.416210937500004 ] } },
{ "type": "Feature", "properties": { "confidence": 0.647, "dark_vessel": true, "matched_mmsi": null, "matched_name": null, "dist_km": 7.62 }, "geometry": { "type": "Point", "coordinates": [ 15.349755859375, 55.415771484375 ] } },
{ "type": "Feature", "properties": { "confidence": 0.793, "dark_vessel": true, "matched_mmsi": null, "matched_name": null, "dist_km": 7.41 }, "geometry": { "type": "Point", "coordinates": [ 15.342138671875, 55.415478515625004 ] } },
{ "type": "Feature", "properties": { "confidence": 0.676, "dark_vessel": true, "matched_mmsi": null, "matched_name": null, "dist_km": 15.42 }, "geometry": { "type": "Point", "coordinates": [ 15.5096435546875, 55.415625 ] } },
{ "type": "Feature", "properties": { "confidence": 0.904, "dark_vessel": true, "matched_mmsi": null, "matched_name": null, "dist_km": 16.82 }, "geometry": { "type": "Point", "coordinates": [ 15.534033203125, 55.415625 ] } },
{ "type": "Feature", "properties": { "confidence": 0.611, "dark_vessel": true, "matched_mmsi": null, "matched_name": null, "dist_km": 16.73 }, "geometry": { "type": "Point", "coordinates": [ 15.536669921875001, 55.415625 ] } },
{ "type": "Feature", "properties": { "confidence": 0.802, "dark_vessel": true, "matched_mmsi": null, "matched_name": null, "dist_km": 7.29 }, "geometry": { "type": "Point", "coordinates": [ 15.337158203125, 55.415332031250003 ] } },
{ "type": "Feature", "properties": { "confidence": 0.593, "dark_vessel": true, "matched_mmsi": null, "matched_name": null, "dist_km": 7.38 }, "geometry": { "type": "Point", "coordinates": [ 15.3413330078125, 55.415551757812501 ] } },
{ "type": "Feature", "properties": { "confidence": 0.694, "dark_vessel": true, "matched_mmsi": null, "matched_name": null, "dist_km": 7.48 }, "geometry": { "type": "Point", "coordinates": [ 15.3447021484375, 55.415551757812501 ] } },
{ "type": "Feature", "properties": { "confidence": 0.789, "dark_vessel": true, "matched_mmsi": null, "matched_name": null, "dist_km": 16.79 }, "geometry": { "type": "Point", "coordinates": [ 15.53564453125, 55.4154052734375 ] } },
{ "type": "Feature", "properties": { "confidence": 0.828, "dark_vessel": true, "matched_mmsi": null, "matched_name": null, "dist_km": 7.47 }, "geometry": { "type": "Point", "coordinates": [ 15.342944335937501, 55.415185546875001 ] } },
{ "type": "Feature", "properties": { "confidence": 0.73, "dark_vessel": true, "matched_mmsi": null, "matched_name": null, "dist_km": 7.61 }, "geometry": { "type": "Point", "coordinates": [ 15.348291015625, 55.415332031250003 ] } },
{ "type": "Feature", "properties": { "confidence": 0.631, "dark_vessel": true, "matched_mmsi": null, "matched_name": null, "dist_km": 16.85 }, "geometry": { "type": "Point", "coordinates": [ 15.534692382812501, 55.415185546875001 ] } },
{ "type": "Feature", "properties": { "confidence": 0.654, "dark_vessel": true, "matched_mmsi": null, "matched_name": null, "dist_km": 16.85 }, "geometry": { "type": "Point", "coordinates": [ 15.534106445312501, 55.4150390625 ] } },
{ "type": "Feature", "properties": { "confidence": 0.767, "dark_vessel": true, "matched_mmsi": null, "matched_name": null, "dist_km": 16.43 }, "geometry": { "type": "Point", "coordinates": [ 15.546923828125001, 55.4146728515625 ] } },
{ "type": "Feature", "properties": { "confidence": 1.0, "dark_vessel": true, "matched_mmsi": null, "matched_name": null, "dist_km": 7.69 }, "geometry": { "type": "Point", "coordinates": [ 15.341845703125001, 55.412622070312501 ] } },
{ "type": "Feature", "properties": { "confidence": 0.965, "dark_vessel": true, "matched_mmsi": null, "matched_name": null, "dist_km": 15.96 }, "geometry": { "type": "Point", "coordinates": [ 15.518212890625001, 55.414599609375003 ] } },
{ "type": "Feature", "properties": { "confidence": 1.0, "dark_vessel": true, "matched_mmsi": null, "matched_name": null, "dist_km": 7.17 }, "geometry": { "type": "Point", "coordinates": [ 15.3285888671875, 55.414526367187499 ] } },
{ "type": "Feature", "properties": { "confidence": 0.813, "dark_vessel": true, "matched_mmsi": null, "matched_name": null, "dist_km": 7.53 }, "geometry": { "type": "Point", "coordinates": [ 15.3425048828125, 55.414453125 ] } },
{ "type": "Feature", "properties": { "confidence": 0.743, "dark_vessel": true, "matched_mmsi": null, "matched_name": null, "dist_km": 7.53 }, "geometry": { "type": "Point", "coordinates": [ 15.3432373046875, 55.414599609375003 ] } },
{ "type": "Feature", "properties": { "confidence": 0.67, "dark_vessel": true, "matched_mmsi": null, "matched_name": null, "dist_km": 16.86 }, "geometry": { "type": "Point", "coordinates": [ 15.533886718750001, 55.4146728515625 ] } },
{ "type": "Feature", "properties": { "confidence": 0.897, "dark_vessel": true, "matched_mmsi": null, "matched_name": null, "dist_km": 16.66 }, "geometry": { "type": "Point", "coordinates": [ 15.540917968750001, 55.4146728515625 ] } },
{ "type": "Feature", "properties": { "confidence": 0.652, "dark_vessel": true, "matched_mmsi": null, "matched_name": null, "dist_km": 7.68 }, "geometry": { "type": "Point", "coordinates": [ 15.347998046875, 55.414526367187499 ] } },
{ "type": "Feature", "properties": { "confidence": 0.704, "dark_vessel": true, "matched_mmsi": null, "matched_name": null, "dist_km": 9.25 }, "geometry": { "type": "Point", "coordinates": [ 15.389599609375001, 55.414526367187499 ] } },
{ "type": "Feature", "properties": { "confidence": 0.641, "dark_vessel": true, "matched_mmsi": null, "matched_name": null, "dist_km": 16.9 }, "geometry": { "type": "Point", "coordinates": [ 15.5351318359375, 55.414453125 ] } },
{ "type": "Feature", "properties": { "confidence": 0.814, "dark_vessel": true, "matched_mmsi": null, "matched_name": null, "dist_km": 16.89 }, "geometry": { "type": "Point", "coordinates": [ 15.535791015625001, 55.414233398437503 ] } },
{ "type": "Feature", "properties": { "confidence": 0.813, "dark_vessel": true, "matched_mmsi": null, "matched_name": null, "dist_km": 7.65 }, "geometry": { "type": "Point", "coordinates": [ 15.345141601562501, 55.414013671875004 ] } },
{ "type": "Feature", "properties": { "confidence": 0.645, "dark_vessel": true, "matched_mmsi": null, "matched_name": null, "dist_km": 7.76 }, "geometry": { "type": "Point", "coordinates": [ 15.349902343750001, 55.414379882812504 ] } },
{ "type": "Feature", "properties": { "confidence": 0.854, "dark_vessel": true, "matched_mmsi": null, "matched_name": null, "dist_km": 7.69 }, "geometry": { "type": "Point", "coordinates": [ 15.3432373046875, 55.413061523437499 ] } },
{ "type": "Feature", "properties": { "confidence": 0.619, "dark_vessel": true, "matched_mmsi": null, "matched_name": null, "dist_km": 7.95 }, "geometry": { "type": "Point", "coordinates": [ 15.3551025390625, 55.414086914062501 ] } },
{ "type": "Feature", "properties": { "confidence": 0.603, "dark_vessel": true, "matched_mmsi": null, "matched_name": null, "dist_km": 8.7 }, "geometry": { "type": "Point", "coordinates": [ 15.3757568359375, 55.414160156249999 ] } },
{ "type": "Feature", "properties": { "confidence": 0.689, "dark_vessel": true, "matched_mmsi": null, "matched_name": null, "dist_km": 7.64 }, "geometry": { "type": "Point", "coordinates": [ 15.344482421875, 55.413867187500003 ] } },
{ "type": "Feature", "properties": { "confidence": 0.705, "dark_vessel": true, "matched_mmsi": null, "matched_name": null, "dist_km": 7.8 }, "geometry": { "type": "Point", "coordinates": [ 15.3499755859375, 55.4139404296875 ] } },
{ "type": "Feature", "properties": { "confidence": 0.612, "dark_vessel": true, "matched_mmsi": null, "matched_name": null, "dist_km": 8.75 }, "geometry": { "type": "Point", "coordinates": [ 15.3763427734375, 55.4139404296875 ] } },
{ "type": "Feature", "properties": { "confidence": 0.587, "dark_vessel": true, "matched_mmsi": null, "matched_name": null, "dist_km": 7.81 }, "geometry": { "type": "Point", "coordinates": [ 15.3492431640625, 55.41357421875 ] } },
{ "type": "Feature", "properties": { "confidence": 0.616, "dark_vessel": true, "matched_mmsi": null, "matched_name": null, "dist_km": 7.85 }, "geometry": { "type": "Point", "coordinates": [ 15.350268554687501, 55.413500976562503 ] } },
{ "type": "Feature", "properties": { "confidence": 1.0, "dark_vessel": true, "matched_mmsi": null, "matched_name": null, "dist_km": 7.5 }, "geometry": { "type": "Point", "coordinates": [ 15.337451171875001, 55.413354492187501 ] } },
{ "type": "Feature", "properties": { "confidence": 0.758, "dark_vessel": true, "matched_mmsi": null, "matched_name": null, "dist_km": 7.7 }, "geometry": { "type": "Point", "coordinates": [ 15.34462890625, 55.413354492187501 ] } },
{ "type": "Feature", "properties": { "confidence": 0.673, "dark_vessel": true, "matched_mmsi": null, "matched_name": null, "dist_km": 7.78 }, "geometry": { "type": "Point", "coordinates": [ 15.3466796875, 55.413134765625003 ] } },
{ "type": "Feature", "properties": { "confidence": 0.778, "dark_vessel": true, "matched_mmsi": null, "matched_name": null, "dist_km": 7.83 }, "geometry": { "type": "Point", "coordinates": [ 15.346533203125, 55.412548828125004 ] } },
{ "type": "Feature", "properties": { "confidence": 0.753, "dark_vessel": true, "matched_mmsi": null, "matched_name": null, "dist_km": 16.39 }, "geometry": { "type": "Point", "coordinates": [ 15.524365234375001, 55.412768554687503 ] } },
{ "type": "Feature", "properties": { "confidence": 0.662, "dark_vessel": true, "matched_mmsi": null, "matched_name": null, "dist_km": 16.96 }, "geometry": { "type": "Point", "coordinates": [ 15.537402343750001, 55.412768554687503 ] } },
{ "type": "Feature", "properties": { "confidence": 0.842, "dark_vessel": true, "matched_mmsi": null, "matched_name": null, "dist_km": 16.66 }, "geometry": { "type": "Point", "coordinates": [ 15.546630859375, 55.412255859375001 ] } },
{ "type": "Feature", "properties": { "confidence": 0.77, "dark_vessel": true, "matched_mmsi": null, "matched_name": null, "dist_km": 7.92 }, "geometry": { "type": "Point", "coordinates": [ 15.3493896484375, 55.412548828125004 ] } },
{ "type": "Feature", "properties": { "confidence": 0.651, "dark_vessel": true, "matched_mmsi": null, "matched_name": null, "dist_km": 16.27 }, "geometry": { "type": "Point", "coordinates": [ 15.521655273437501, 55.412182617187504 ] } },
{ "type": "Feature", "properties": { "confidence": 0.705, "dark_vessel": true, "matched_mmsi": null, "matched_name": null, "dist_km": 7.82 }, "geometry": { "type": "Point", "coordinates": [ 15.3442626953125, 55.411962890624999 ] } },
{ "type": "Feature", "properties": { "confidence": 0.791, "dark_vessel": true, "matched_mmsi": null, "matched_name": null, "dist_km": 7.95 }, "geometry": { "type": "Point", "coordinates": [ 15.347705078125001, 55.4117431640625 ] } },
{ "type": "Feature", "properties": { "confidence": 0.749, "dark_vessel": true, "matched_mmsi": null, "matched_name": null, "dist_km": 7.98 }, "geometry": { "type": "Point", "coordinates": [ 15.349755859375, 55.412036132812503 ] } },
{ "type": "Feature", "properties": { "confidence": 0.84, "dark_vessel": true, "matched_mmsi": null, "matched_name": null, "dist_km": 7.93 }, "geometry": { "type": "Point", "coordinates": [ 15.346752929687501, 55.411596679687499 ] } },
{ "type": "Feature", "properties": { "confidence": 0.681, "dark_vessel": true, "matched_mmsi": null, "matched_name": null, "dist_km": 17.06 }, "geometry": { "type": "Point", "coordinates": [ 15.536889648437501, 55.411889648437501 ] } },
{ "type": "Feature", "properties": { "confidence": 0.83, "dark_vessel": true, "matched_mmsi": null, "matched_name": null, "dist_km": 8.03 }, "geometry": { "type": "Point", "coordinates": [ 15.350341796875, 55.411669921875003 ] } },
{ "type": "Feature", "properties": { "confidence": 0.788, "dark_vessel": true, "matched_mmsi": null, "matched_name": null, "dist_km": 8.09 }, "geometry": { "type": "Point", "coordinates": [ 15.3514404296875, 55.411376953125 ] } },
{ "type": "Feature", "properties": { "confidence": 0.625, "dark_vessel": true, "matched_mmsi": null, "matched_name": null, "dist_km": 8.17 }, "geometry": { "type": "Point", "coordinates": [ 15.3548828125, 55.4117431640625 ] } },
{ "type": "Feature", "properties": { "confidence": 0.736, "dark_vessel": true, "matched_mmsi": null, "matched_name": null, "dist_km": 16.44 }, "geometry": { "type": "Point", "coordinates": [ 15.52421875, 55.4117431640625 ] } },
{ "type": "Feature", "properties": { "confidence": 0.764, "dark_vessel": true, "matched_mmsi": null, "matched_name": null, "dist_km": 8.05 }, "geometry": { "type": "Point", "coordinates": [ 15.349755859375, 55.411303710937503 ] } },
{ "type": "Feature", "properties": { "confidence": 0.682, "dark_vessel": true, "matched_mmsi": null, "matched_name": null, "dist_km": 8.96 }, "geometry": { "type": "Point", "coordinates": [ 15.376049804687501, 55.411303710937503 ] } },
{ "type": "Feature", "properties": { "confidence": 0.651, "dark_vessel": true, "matched_mmsi": null, "matched_name": null, "dist_km": 16.56 }, "geometry": { "type": "Point", "coordinates": [ 15.526049804687501, 55.411230468749999 ] } },
{ "type": "Feature", "properties": { "confidence": 0.742, "dark_vessel": true, "matched_mmsi": null, "matched_name": null, "dist_km": 16.78 }, "geometry": { "type": "Point", "coordinates": [ 15.545751953125, 55.411303710937503 ] } },
{ "type": "Feature", "properties": { "confidence": 0.887, "dark_vessel": true, "matched_mmsi": null, "matched_name": null, "dist_km": 8.17 }, "geometry": { "type": "Point", "coordinates": [ 15.349609375, 55.409985351562504 ] } },
{ "type": "Feature", "properties": { "confidence": 0.677, "dark_vessel": true, "matched_mmsi": null, "matched_name": null, "dist_km": 9.0 }, "geometry": { "type": "Point", "coordinates": [ 15.3765625, 55.411083984375004 ] } },
{ "type": "Feature", "properties": { "confidence": 0.747, "dark_vessel": true, "matched_mmsi": null, "matched_name": null, "dist_km": 8.11 }, "geometry": { "type": "Point", "coordinates": [ 15.350415039062501, 55.410864257812499 ] } },
{ "type": "Feature", "properties": { "confidence": 0.809, "dark_vessel": true, "matched_mmsi": null, "matched_name": null, "dist_km": 8.13 }, "geometry": { "type": "Point", "coordinates": [ 15.3515869140625, 55.4110107421875 ] } },
{ "type": "Feature", "properties": { "confidence": 0.818, "dark_vessel": true, "matched_mmsi": null, "matched_name": null, "dist_km": 8.34 }, "geometry": { "type": "Point", "coordinates": [ 15.357080078125, 55.410717773437504 ] } },
{ "type": "Feature", "properties": { "confidence": 0.797, "dark_vessel": true, "matched_mmsi": null, "matched_name": null, "dist_km": 7.92 }, "geometry": { "type": "Point", "coordinates": [ 15.3431640625, 55.410717773437504 ] } },
{ "type": "Feature", "properties": { "confidence": 1.0, "dark_vessel": true, "matched_mmsi": null, "matched_name": null, "dist_km": 8.03 }, "geometry": { "type": "Point", "coordinates": [ 15.34521484375, 55.410205078125003 ] } },
{ "type": "Feature", "properties": { "confidence": 0.685, "dark_vessel": true, "matched_mmsi": null, "matched_name": null, "dist_km": 8.59 }, "geometry": { "type": "Point", "coordinates": [ 15.364404296875, 55.410717773437504 ] } },
{ "type": "Feature", "properties": { "confidence": 0.664, "dark_vessel": true, "matched_mmsi": null, "matched_name": null, "dist_km": 9.45 }, "geometry": { "type": "Point", "coordinates": [ 15.386889648437501, 55.410717773437504 ] } },
{ "type": "Feature", "properties": { "confidence": 0.804, "dark_vessel": true, "matched_mmsi": null, "matched_name": null, "dist_km": 8.35 }, "geometry": { "type": "Point", "coordinates": [ 15.3565673828125, 55.410424804687501 ] } },
{ "type": "Feature", "properties": { "confidence": 0.686, "dark_vessel": true, "matched_mmsi": null, "matched_name": null, "dist_km": 9.07 }, "geometry": { "type": "Point", "coordinates": [ 15.3770751953125, 55.410498046874999 ] } },
{ "type": "Feature", "properties": { "confidence": 0.623, "dark_vessel": true, "matched_mmsi": null, "matched_name": null, "dist_km": 8.18 }, "geometry": { "type": "Point", "coordinates": [ 15.3514404296875, 55.410498046874999 ] } },
{ "type": "Feature", "properties": { "confidence": 0.649, "dark_vessel": true, "matched_mmsi": null, "matched_name": null, "dist_km": 8.2 }, "geometry": { "type": "Point", "coordinates": [ 15.3520263671875, 55.410424804687501 ] } },
{ "type": "Feature", "properties": { "confidence": 0.63, "dark_vessel": true, "matched_mmsi": null, "matched_name": null, "dist_km": 9.43 }, "geometry": { "type": "Point", "coordinates": [ 15.3858642578125, 55.410424804687501 ] } },
{ "type": "Feature", "properties": { "confidence": 0.836, "dark_vessel": true, "matched_mmsi": null, "matched_name": null, "dist_km": 8.3 }, "geometry": { "type": "Point", "coordinates": [ 15.3542236328125, 55.410131835937499 ] } },
{ "type": "Feature", "properties": { "confidence": 0.828, "dark_vessel": true, "matched_mmsi": null, "matched_name": null, "dist_km": 9.06 }, "geometry": { "type": "Point", "coordinates": [ 15.3761962890625, 55.4102783203125 ] } },
{ "type": "Feature", "properties": { "confidence": 0.636, "dark_vessel": true, "matched_mmsi": null, "matched_name": null, "dist_km": 8.34 }, "geometry": { "type": "Point", "coordinates": [ 15.35546875, 55.410131835937499 ] } },
{ "type": "Feature", "properties": { "confidence": 0.758, "dark_vessel": true, "matched_mmsi": null, "matched_name": null, "dist_km": 8.22 }, "geometry": { "type": "Point", "coordinates": [ 15.35078125, 55.409838867187503 ] } },
{ "type": "Feature", "properties": { "confidence": 0.661, "dark_vessel": true, "matched_mmsi": null, "matched_name": null, "dist_km": 16.94 }, "geometry": { "type": "Point", "coordinates": [ 15.531689453125001, 55.409985351562504 ] } },
{ "type": "Feature", "properties": { "confidence": 0.649, "dark_vessel": true, "matched_mmsi": null, "matched_name": null, "dist_km": 9.4 }, "geometry": { "type": "Point", "coordinates": [ 15.3835205078125, 55.409692382812501 ] } },
{ "type": "Feature", "properties": { "confidence": 0.944, "dark_vessel": true, "matched_mmsi": null, "matched_name": null, "dist_km": 8.12 }, "geometry": { "type": "Point", "coordinates": [ 15.34580078125, 55.409399414062499 ] } },
{ "type": "Feature", "properties": { "confidence": 0.659, "dark_vessel": true, "matched_mmsi": null, "matched_name": null, "dist_km": 8.29 }, "geometry": { "type": "Point", "coordinates": [ 15.352465820312501, 55.409692382812501 ] } },
{ "type": "Feature", "properties": { "confidence": 0.86, "dark_vessel": true, "matched_mmsi": null, "matched_name": null, "dist_km": 8.42 }, "geometry": { "type": "Point", "coordinates": [ 15.355761718750001, 55.409399414062499 ] } },
{ "type": "Feature", "properties": { "confidence": 0.612, "dark_vessel": true, "matched_mmsi": null, "matched_name": null, "dist_km": 9.1 }, "geometry": { "type": "Point", "coordinates": [ 15.375830078125, 55.409692382812501 ] } },
{ "type": "Feature", "properties": { "confidence": 0.68, "dark_vessel": true, "matched_mmsi": null, "matched_name": null, "dist_km": 9.14 }, "geometry": { "type": "Point", "coordinates": [ 15.3770751953125, 55.409692382812501 ] } },
{ "type": "Feature", "properties": { "confidence": 0.684, "dark_vessel": true, "matched_mmsi": null, "matched_name": null, "dist_km": 9.45 }, "geometry": { "type": "Point", "coordinates": [ 15.384765625, 55.409692382812501 ] } },
{ "type": "Feature", "properties": { "confidence": 0.638, "dark_vessel": true, "matched_mmsi": null, "matched_name": null, "dist_km": 9.48 }, "geometry": { "type": "Point", "coordinates": [ 15.385498046875, 55.409692382812501 ] } },
{ "type": "Feature", "properties": { "confidence": 0.781, "dark_vessel": true, "matched_mmsi": null, "matched_name": null, "dist_km": 8.3 }, "geometry": { "type": "Point", "coordinates": [ 15.351806640625, 55.409399414062499 ] } },
{ "type": "Feature", "properties": { "confidence": 0.852, "dark_vessel": true, "matched_mmsi": null, "matched_name": null, "dist_km": 8.42 }, "geometry": { "type": "Point", "coordinates": [ 15.353271484375, 55.40859375 ] } },
{ "type": "Feature", "properties": { "confidence": 0.607, "dark_vessel": true, "matched_mmsi": null, "matched_name": null, "dist_km": 9.6 }, "geometry": { "type": "Point", "coordinates": [ 15.38828125, 55.4095458984375 ] } },
{ "type": "Feature", "properties": { "confidence": 0.638, "dark_vessel": true, "matched_mmsi": null, "matched_name": null, "dist_km": 8.28 }, "geometry": { "type": "Point", "coordinates": [ 15.350927734375, 55.409326171875001 ] } },
{ "type": "Feature", "properties": { "confidence": 0.637, "dark_vessel": true, "matched_mmsi": null, "matched_name": null, "dist_km": 8.59 }, "geometry": { "type": "Point", "coordinates": [ 15.360668945312501, 55.409326171875001 ] } },
{ "type": "Feature", "properties": { "confidence": 0.702, "dark_vessel": true, "matched_mmsi": null, "matched_name": null, "dist_km": 8.6 }, "geometry": { "type": "Point", "coordinates": [ 15.361401367187501, 55.409399414062499 ] } },
{ "type": "Feature", "properties": { "confidence": 0.809, "dark_vessel": true, "matched_mmsi": null, "matched_name": null, "dist_km": 9.49 }, "geometry": { "type": "Point", "coordinates": [ 15.385205078125001, 55.409399414062499 ] } },
{ "type": "Feature", "properties": { "confidence": 0.716, "dark_vessel": true, "matched_mmsi": null, "matched_name": null, "dist_km": 9.7 }, "geometry": { "type": "Point", "coordinates": [ 15.3902587890625, 55.409399414062499 ] } },
{ "type": "Feature", "properties": { "confidence": 0.983, "dark_vessel": true, "matched_mmsi": null, "matched_name": null, "dist_km": 8.04 }, "geometry": { "type": "Point", "coordinates": [ 15.3419189453125, 55.4091796875 ] } },
{ "type": "Feature", "properties": { "confidence": 0.774, "dark_vessel": true, "matched_mmsi": null, "matched_name": null, "dist_km": 8.14 }, "geometry": { "type": "Point", "coordinates": [ 15.344775390625001, 55.408959960937501 ] } },
{ "type": "Feature", "properties": { "confidence": 0.768, "dark_vessel": true, "matched_mmsi": null, "matched_name": null, "dist_km": 8.42 }, "geometry": { "type": "Point", "coordinates": [ 15.354736328125, 55.409106445312503 ] } },
{ "type": "Feature", "properties": { "confidence": 0.758, "dark_vessel": true, "matched_mmsi": null, "matched_name": null, "dist_km": 9.15 }, "geometry": { "type": "Point", "coordinates": [ 15.375683593750001, 55.409033203124999 ] } },
{ "type": "Feature", "properties": { "confidence": 0.674, "dark_vessel": true, "matched_mmsi": null, "matched_name": null, "dist_km": 9.5 }, "geometry": { "type": "Point", "coordinates": [ 15.3845458984375, 55.408959960937501 ] } },
{ "type": "Feature", "properties": { "confidence": 0.705, "dark_vessel": true, "matched_mmsi": null, "matched_name": null, "dist_km": 8.22 }, "geometry": { "type": "Point", "coordinates": [ 15.347705078125001, 55.408959960937501 ] } },
{ "type": "Feature", "properties": { "confidence": 0.924, "dark_vessel": true, "matched_mmsi": null, "matched_name": null, "dist_km": 8.36 }, "geometry": { "type": "Point", "coordinates": [ 15.352246093750001, 55.408886718750004 ] } },
{ "type": "Feature", "properties": { "confidence": 0.697, "dark_vessel": true, "matched_mmsi": null, "matched_name": null, "dist_km": 16.67 }, "geometry": { "type": "Point", "coordinates": [ 15.525903320312501, 55.408959960937501 ] } },
{ "type": "Feature", "properties": { "confidence": 0.821, "dark_vessel": true, "matched_mmsi": null, "matched_name": null, "dist_km": 8.38 }, "geometry": { "type": "Point", "coordinates": [ 15.351513671875001, 55.408447265625 ] } },
{ "type": "Feature", "properties": { "confidence": 1.0, "dark_vessel": true, "matched_mmsi": null, "matched_name": null, "dist_km": 8.27 }, "geometry": { "type": "Point", "coordinates": [ 15.347338867187501, 55.408300781249999 ] } },
{ "type": "Feature", "properties": { "confidence": 1.0, "dark_vessel": true, "matched_mmsi": null, "matched_name": null, "dist_km": 8.63 }, "geometry": { "type": "Point", "coordinates": [ 15.353930664062501, 55.406689453125004 ] } },
{ "type": "Feature", "properties": { "confidence": 0.62, "dark_vessel": true, "matched_mmsi": null, "matched_name": null, "dist_km": 8.53 }, "geometry": { "type": "Point", "coordinates": [ 15.35693359375, 55.408666992187499 ] } },
{ "type": "Feature", "properties": { "confidence": 0.64, "dark_vessel": true, "matched_mmsi": null, "matched_name": null, "dist_km": 8.69 }, "geometry": { "type": "Point", "coordinates": [ 15.3619140625, 55.408666992187499 ] } },
{ "type": "Feature", "properties": { "confidence": 0.707, "dark_vessel": true, "matched_mmsi": null, "matched_name": null, "dist_km": 17.23 }, "geometry": { "type": "Point", "coordinates": [ 15.535571289062501, 55.408666992187499 ] } },
{ "type": "Feature", "properties": { "confidence": 0.884, "dark_vessel": true, "matched_mmsi": null, "matched_name": null, "dist_km": 8.32 }, "geometry": { "type": "Point", "coordinates": [ 15.349462890625, 55.408447265625 ] } },
{ "type": "Feature", "properties": { "confidence": 0.789, "dark_vessel": true, "matched_mmsi": null, "matched_name": null, "dist_km": 9.51 }, "geometry": { "type": "Point", "coordinates": [ 15.3835205078125, 55.408447265625 ] } },
{ "type": "Feature", "properties": { "confidence": 0.802, "dark_vessel": true, "matched_mmsi": null, "matched_name": null, "dist_km": 9.73 }, "geometry": { "type": "Point", "coordinates": [ 15.389013671875, 55.408447265625 ] } },
{ "type": "Feature", "properties": { "confidence": 0.662, "dark_vessel": true, "matched_mmsi": null, "matched_name": null, "dist_km": 17.33 }, "geometry": { "type": "Point", "coordinates": [ 15.537988281250001, 55.408374023437503 ] } },
{ "type": "Feature", "properties": { "confidence": 0.625, "dark_vessel": true, "matched_mmsi": null, "matched_name": null, "dist_km": 9.2 }, "geometry": { "type": "Point", "coordinates": [ 15.37509765625, 55.408227539062501 ] } },
{ "type": "Feature", "properties": { "confidence": 0.575, "dark_vessel": true, "matched_mmsi": null, "matched_name": null, "dist_km": 9.32 }, "geometry": { "type": "Point", "coordinates": [ 15.378100585937501, 55.408154296875004 ] } },
{ "type": "Feature", "properties": { "confidence": 0.681, "dark_vessel": true, "matched_mmsi": null, "matched_name": null, "dist_km": 17.29 }, "geometry": { "type": "Point", "coordinates": [ 15.53623046875, 55.408227539062501 ] } },
{ "type": "Feature", "properties": { "confidence": 0.682, "dark_vessel": true, "matched_mmsi": null, "matched_name": null, "dist_km": 16.7 }, "geometry": { "type": "Point", "coordinates": [ 15.5256103515625, 55.408007812500003 ] } },
{ "type": "Feature", "properties": { "confidence": 0.769, "dark_vessel": true, "matched_mmsi": null, "matched_name": null, "dist_km": 17.24 }, "geometry": { "type": "Point", "coordinates": [ 15.535205078125001, 55.4080810546875 ] } },
{ "type": "Feature", "properties": { "confidence": 0.768, "dark_vessel": true, "matched_mmsi": null, "matched_name": null, "dist_km": 8.4 }, "geometry": { "type": "Point", "coordinates": [ 15.3493896484375, 55.407641601562503 ] } },
{ "type": "Feature", "properties": { "confidence": 0.666, "dark_vessel": true, "matched_mmsi": null, "matched_name": null, "dist_km": 9.86 }, "geometry": { "type": "Point", "coordinates": [ 15.390625, 55.407641601562503 ] } },
{ "type": "Feature", "properties": { "confidence": 1.0, "dark_vessel": true, "matched_mmsi": null, "matched_name": null, "dist_km": 8.41 }, "geometry": { "type": "Point", "coordinates": [ 15.347485351562501, 55.406982421875 ] } },
{ "type": "Feature", "properties": { "confidence": 0.922, "dark_vessel": true, "matched_mmsi": null, "matched_name": null, "dist_km": 8.48 }, "geometry": { "type": "Point", "coordinates": [ 15.351367187500001, 55.407421875 ] } },
{ "type": "Feature", "properties": { "confidence": 0.912, "dark_vessel": true, "matched_mmsi": null, "matched_name": null, "dist_km": 8.52 }, "geometry": { "type": "Point", "coordinates": [ 15.352392578125, 55.407275390625003 ] } },
{ "type": "Feature", "properties": { "confidence": 0.718, "dark_vessel": true, "matched_mmsi": null, "matched_name": null, "dist_km": 8.62 }, "geometry": { "type": "Point", "coordinates": [ 15.356201171875, 55.407421875 ] } },
{ "type": "Feature", "properties": { "confidence": 0.671, "dark_vessel": true, "matched_mmsi": null, "matched_name": null, "dist_km": 8.72 }, "geometry": { "type": "Point", "coordinates": [ 15.359130859375, 55.4073486328125 ] } },
{ "type": "Feature", "properties": { "confidence": 0.785, "dark_vessel": true, "matched_mmsi": null, "matched_name": null, "dist_km": 9.65 }, "geometry": { "type": "Point", "coordinates": [ 15.384765625, 55.4073486328125 ] } },
{ "type": "Feature", "properties": { "confidence": 0.74, "dark_vessel": true, "matched_mmsi": null, "matched_name": null, "dist_km": 17.31 }, "geometry": { "type": "Point", "coordinates": [ 15.5360107421875, 55.407421875 ] } },
{ "type": "Feature", "properties": { "confidence": 0.659, "dark_vessel": true, "matched_mmsi": null, "matched_name": null, "dist_km": 17.39 }, "geometry": { "type": "Point", "coordinates": [ 15.537255859375001, 55.4073486328125 ] } },
{ "type": "Feature", "properties": { "confidence": 0.721, "dark_vessel": true, "matched_mmsi": null, "matched_name": null, "dist_km": 17.43 }, "geometry": { "type": "Point", "coordinates": [ 15.538134765625001, 55.407275390625003 ] } },
{ "type": "Feature", "properties": { "confidence": 1.0, "dark_vessel": true, "matched_mmsi": null, "matched_name": null, "dist_km": 8.46 }, "geometry": { "type": "Point", "coordinates": [ 15.3493896484375, 55.406982421875 ] } },
{ "type": "Feature", "properties": { "confidence": 0.652, "dark_vessel": true, "matched_mmsi": null, "matched_name": null, "dist_km": 9.58 }, "geometry": { "type": "Point", "coordinates": [ 15.382421875, 55.407128906250001 ] } },
{ "type": "Feature", "properties": { "confidence": 0.637, "dark_vessel": true, "matched_mmsi": null, "matched_name": null, "dist_km": 9.79 }, "geometry": { "type": "Point", "coordinates": [ 15.387622070312501, 55.407055664062504 ] } },
{ "type": "Feature", "properties": { "confidence": 0.778, "dark_vessel": true, "matched_mmsi": null, "matched_name": null, "dist_km": 8.7 }, "geometry": { "type": "Point", "coordinates": [ 15.3567138671875, 55.406762695312501 ] } },
{ "type": "Feature", "properties": { "confidence": 0.8, "dark_vessel": true, "matched_mmsi": null, "matched_name": null, "dist_km": 8.82 }, "geometry": { "type": "Point", "coordinates": [ 15.3593505859375, 55.406396484375001 ] } },
{ "type": "Feature", "properties": { "confidence": 0.665, "dark_vessel": true, "matched_mmsi": null, "matched_name": null, "dist_km": 16.84 }, "geometry": { "type": "Point", "coordinates": [ 15.527001953125001, 55.406689453125004 ] } },
{ "type": "Feature", "properties": { "confidence": 0.721, "dark_vessel": true, "matched_mmsi": null, "matched_name": null, "dist_km": 17.39 }, "geometry": { "type": "Point", "coordinates": [ 15.540917968750001, 55.406542968750003 ] } },
{ "type": "Feature", "properties": { "confidence": 0.902, "dark_vessel": true, "matched_mmsi": null, "matched_name": null, "dist_km": 8.53 }, "geometry": { "type": "Point", "coordinates": [ 15.350048828125001, 55.406542968750003 ] } },
{ "type": "Feature", "properties": { "confidence": 0.837, "dark_vessel": true, "matched_mmsi": null, "matched_name": null, "dist_km": 9.23 }, "geometry": { "type": "Point", "coordinates": [ 15.3718017578125, 55.406542968750003 ] } },
{ "type": "Feature", "properties": { "confidence": 0.654, "dark_vessel": true, "matched_mmsi": null, "matched_name": null, "dist_km": 9.4 }, "geometry": { "type": "Point", "coordinates": [ 15.3765625, 55.4066162109375 ] } },
{ "type": "Feature", "properties": { "confidence": 0.651, "dark_vessel": true, "matched_mmsi": null, "matched_name": null, "dist_km": 16.77 }, "geometry": { "type": "Point", "coordinates": [ 15.525683593750001, 55.4066162109375 ] } },
{ "type": "Feature", "properties": { "confidence": 0.85, "dark_vessel": true, "matched_mmsi": null, "matched_name": null, "dist_km": 9.46 }, "geometry": { "type": "Point", "coordinates": [ 15.37744140625, 55.406323242187504 ] } },
{ "type": "Feature", "properties": { "confidence": 0.668, "dark_vessel": true, "matched_mmsi": null, "matched_name": null, "dist_km": 17.38 }, "geometry": { "type": "Point", "coordinates": [ 15.536303710937501, 55.406469726562499 ] } },
{ "type": "Feature", "properties": { "confidence": 0.723, "dark_vessel": true, "matched_mmsi": null, "matched_name": null, "dist_km": 17.44 }, "geometry": { "type": "Point", "coordinates": [ 15.537402343750001, 55.406469726562499 ] } },
{ "type": "Feature", "properties": { "confidence": 0.792, "dark_vessel": true, "matched_mmsi": null, "matched_name": null, "dist_km": 9.39 }, "geometry": { "type": "Point", "coordinates": [ 15.3754638671875, 55.40625 ] } },
{ "type": "Feature", "properties": { "confidence": 1.0, "dark_vessel": true, "matched_mmsi": null, "matched_name": null, "dist_km": 8.63 }, "geometry": { "type": "Point", "coordinates": [ 15.35107421875, 55.405810546875003 ] } },
{ "type": "Feature", "properties": { "confidence": 0.591, "dark_vessel": true, "matched_mmsi": null, "matched_name": null, "dist_km": 9.39 }, "geometry": { "type": "Point", "coordinates": [ 15.374951171875001, 55.406030273437501 ] } },
{ "type": "Feature", "properties": { "confidence": 0.605, "dark_vessel": true, "matched_mmsi": null, "matched_name": null, "dist_km": 9.51 }, "geometry": { "type": "Point", "coordinates": [ 15.378247070312501, 55.406030273437501 ] } },
{ "type": "Feature", "properties": { "confidence": 0.767, "dark_vessel": true, "matched_mmsi": null, "matched_name": null, "dist_km": 9.49 }, "geometry": { "type": "Point", "coordinates": [ 15.377368164062501, 55.4058837890625 ] } },
{ "type": "Feature", "properties": { "confidence": 0.765, "dark_vessel": true, "matched_mmsi": null, "matched_name": null, "dist_km": 17.44 }, "geometry": { "type": "Point", "coordinates": [ 15.542309570312501, 55.405517578125 ] } },
{ "type": "Feature", "properties": { "confidence": 0.944, "dark_vessel": true, "matched_mmsi": null, "matched_name": null, "dist_km": 9.56 }, "geometry": { "type": "Point", "coordinates": [ 15.3772216796875, 55.405078125 ] } },
{ "type": "Feature", "properties": { "confidence": 0.636, "dark_vessel": true, "matched_mmsi": null, "matched_name": null, "dist_km": 10.08 }, "geometry": { "type": "Point", "coordinates": [ 15.391430664062501, 55.405444335937503 ] } },
{ "type": "Feature", "properties": { "confidence": 0.702, "dark_vessel": true, "matched_mmsi": null, "matched_name": null, "dist_km": 17.53 }, "geometry": { "type": "Point", "coordinates": [ 15.5402587890625, 55.405297851562501 ] } },
{ "type": "Feature", "properties": { "confidence": 0.751, "dark_vessel": true, "matched_mmsi": null, "matched_name": null, "dist_km": 8.87 }, "geometry": { "type": "Point", "coordinates": [ 15.356127929687501, 55.404858398437504 ] } },
{ "type": "Feature", "properties": { "confidence": 0.711, "dark_vessel": true, "matched_mmsi": null, "matched_name": null, "dist_km": 17.56 }, "geometry": { "type": "Point", "coordinates": [ 15.540698242187501, 55.40478515625 ] } },
{ "type": "Feature", "properties": { "confidence": 0.704, "dark_vessel": true, "matched_mmsi": null, "matched_name": null, "dist_km": 17.52 }, "geometry": { "type": "Point", "coordinates": [ 15.541577148437501, 55.404931640625001 ] } },
{ "type": "Feature", "properties": { "confidence": 0.603, "dark_vessel": true, "matched_mmsi": null, "matched_name": null, "dist_km": 17.34 }, "geometry": { "type": "Point", "coordinates": [ 15.5341796875, 55.404711914062503 ] } },
{ "type": "Feature", "properties": { "confidence": 1.0, "dark_vessel": true, "matched_mmsi": null, "matched_name": null, "dist_km": 8.91 }, "geometry": { "type": "Point", "coordinates": [ 15.3558349609375, 55.4044189453125 ] } },
{ "type": "Feature", "properties": { "confidence": 0.782, "dark_vessel": true, "matched_mmsi": null, "matched_name": null, "dist_km": 17.51 }, "geometry": { "type": "Point", "coordinates": [ 15.542749023437501, 55.404565429687501 ] } },
{ "type": "Feature", "properties": { "confidence": 0.713, "dark_vessel": true, "matched_mmsi": null, "matched_name": null, "dist_km": 9.78 }, "geometry": { "type": "Point", "coordinates": [ 15.3813232421875, 55.404345703125003 ] } },
{ "type": "Feature", "properties": { "confidence": 0.658, "dark_vessel": true, "matched_mmsi": null, "matched_name": null, "dist_km": 17.55 }, "geometry": { "type": "Point", "coordinates": [ 15.543115234375001, 55.403979492187503 ] } },
{ "type": "Feature", "properties": { "confidence": 0.928, "dark_vessel": true, "matched_mmsi": null, "matched_name": null, "dist_km": 9.03 }, "geometry": { "type": "Point", "coordinates": [ 15.358837890625001, 55.404125976562504 ] } },
{ "type": "Feature", "properties": { "confidence": 0.698, "dark_vessel": true, "matched_mmsi": null, "matched_name": null, "dist_km": 17.55 }, "geometry": { "type": "Point", "coordinates": [ 15.5424560546875, 55.404199218750001 ] } },
{ "type": "Feature", "properties": { "confidence": 0.845, "dark_vessel": true, "matched_mmsi": null, "matched_name": null, "dist_km": 9.67 }, "geometry": { "type": "Point", "coordinates": [ 15.377368164062501, 55.403979492187503 ] } },
{ "type": "Feature", "properties": { "confidence": 0.609, "dark_vessel": true, "matched_mmsi": null, "matched_name": null, "dist_km": 10.35 }, "geometry": { "type": "Point", "coordinates": [ 15.394873046875, 55.403979492187503 ] } },
{ "type": "Feature", "properties": { "confidence": 0.651, "dark_vessel": true, "matched_mmsi": null, "matched_name": null, "dist_km": 17.64 }, "geometry": { "type": "Point", "coordinates": [ 15.540698242187501, 55.40390625 ] } },
{ "type": "Feature", "properties": { "confidence": 0.954, "dark_vessel": true, "matched_mmsi": null, "matched_name": null, "dist_km": 9.06 }, "geometry": { "type": "Point", "coordinates": [ 15.357958984375001, 55.403466796875001 ] } },
{ "type": "Feature", "properties": { "confidence": 0.748, "dark_vessel": true, "matched_mmsi": null, "matched_name": null, "dist_km": 10.4 }, "geometry": { "type": "Point", "coordinates": [ 15.395678710937501, 55.403759765625004 ] } },
{ "type": "Feature", "properties": { "confidence": 0.615, "dark_vessel": true, "matched_mmsi": null, "matched_name": null, "dist_km": 17.49 }, "geometry": { "type": "Point", "coordinates": [ 15.545605468750001, 55.4036865234375 ] } },
{ "type": "Feature", "properties": { "confidence": 0.727, "dark_vessel": true, "matched_mmsi": null, "matched_name": null, "dist_km": 9.01 }, "geometry": { "type": "Point", "coordinates": [ 15.356201171875, 55.403466796875001 ] } },
{ "type": "Feature", "properties": { "confidence": 0.728, "dark_vessel": true, "matched_mmsi": null, "matched_name": null, "dist_km": 9.07 }, "geometry": { "type": "Point", "coordinates": [ 15.3586181640625, 55.403613281250003 ] } },
{ "type": "Feature", "properties": { "confidence": 0.817, "dark_vessel": true, "matched_mmsi": null, "matched_name": null, "dist_km": 9.16 }, "geometry": { "type": "Point", "coordinates": [ 15.360668945312501, 55.4033203125 ] } },
{ "type": "Feature", "properties": { "confidence": 0.699, "dark_vessel": true, "matched_mmsi": null, "matched_name": null, "dist_km": 9.21 }, "geometry": { "type": "Point", "coordinates": [ 15.3611083984375, 55.4029541015625 ] } },
{ "type": "Feature", "properties": { "confidence": 1.0, "dark_vessel": true, "matched_mmsi": null, "matched_name": null, "dist_km": 9.69 }, "geometry": { "type": "Point", "coordinates": [ 15.3748779296875, 55.402734375 ] } },
{ "type": "Feature", "properties": { "confidence": 0.627, "dark_vessel": true, "matched_mmsi": null, "matched_name": null, "dist_km": 17.65 }, "geometry": { "type": "Point", "coordinates": [ 15.5426025390625, 55.403100585937501 ] } },
{ "type": "Feature", "properties": { "confidence": 1.0, "dark_vessel": true, "matched_mmsi": null, "matched_name": null, "dist_km": 9.19 }, "geometry": { "type": "Point", "coordinates": [ 15.358984375, 55.402441406249999 ] } },
{ "type": "Feature", "properties": { "confidence": 0.625, "dark_vessel": true, "matched_mmsi": null, "matched_name": null, "dist_km": 17.68 }, "geometry": { "type": "Point", "coordinates": [ 15.538500976562501, 55.4029541015625 ] } },
{ "type": "Feature", "properties": { "confidence": 0.567, "dark_vessel": true, "matched_mmsi": null, "matched_name": null, "dist_km": 17.56 }, "geometry": { "type": "Point", "coordinates": [ 15.545605468750001, 55.4029541015625 ] } },
{ "type": "Feature", "properties": { "confidence": 0.88, "dark_vessel": true, "matched_mmsi": null, "matched_name": null, "dist_km": 9.26 }, "geometry": { "type": "Point", "coordinates": [ 15.3616943359375, 55.402587890625 ] } },
{ "type": "Feature", "properties": { "confidence": 0.934, "dark_vessel": true, "matched_mmsi": null, "matched_name": null, "dist_km": 9.29 }, "geometry": { "type": "Point", "coordinates": [ 15.3624267578125, 55.402587890625 ] } },
{ "type": "Feature", "properties": { "confidence": 0.653, "dark_vessel": true, "matched_mmsi": null, "matched_name": null, "dist_km": 9.33 }, "geometry": { "type": "Point", "coordinates": [ 15.36279296875, 55.4022216796875 ] } },
{ "type": "Feature", "properties": { "confidence": 0.609, "dark_vessel": true, "matched_mmsi": null, "matched_name": null, "dist_km": 10.99 }, "geometry": { "type": "Point", "coordinates": [ 15.40673828125, 55.4022216796875 ] } },
{ "type": "Feature", "properties": { "confidence": 0.706, "dark_vessel": true, "matched_mmsi": null, "matched_name": null, "dist_km": 17.8 }, "geometry": { "type": "Point", "coordinates": [ 15.540551757812501, 55.4022216796875 ] } },
{ "type": "Feature", "properties": { "confidence": 0.591, "dark_vessel": true, "matched_mmsi": null, "matched_name": null, "dist_km": 17.79 }, "geometry": { "type": "Point", "coordinates": [ 15.541284179687501, 55.402075195312499 ] } },
{ "type": "Feature", "properties": { "confidence": 0.871, "dark_vessel": true, "matched_mmsi": null, "matched_name": null, "dist_km": 9.68 }, "geometry": { "type": "Point", "coordinates": [ 15.3719482421875, 55.401708984374999 ] } },
{ "type": "Feature", "properties": { "confidence": 1.0, "dark_vessel": true, "matched_mmsi": null, "matched_name": null, "dist_km": 9.28 }, "geometry": { "type": "Point", "coordinates": [ 15.359423828125001, 55.401708984374999 ] } },
{ "type": "Feature", "properties": { "confidence": 0.617, "dark_vessel": true, "matched_mmsi": null, "matched_name": null, "dist_km": 10.87 }, "geometry": { "type": "Point", "coordinates": [ 15.4028564453125, 55.401635742187501 ] } },
{ "type": "Feature", "properties": { "confidence": 0.606, "dark_vessel": true, "matched_mmsi": null, "matched_name": null, "dist_km": 17.66 }, "geometry": { "type": "Point", "coordinates": [ 15.546923828125001, 55.401416015625003 ] } },
{ "type": "Feature", "properties": { "confidence": 0.993, "dark_vessel": true, "matched_mmsi": null, "matched_name": null, "dist_km": 9.33 }, "geometry": { "type": "Point", "coordinates": [ 15.359570312500001, 55.401196289062504 ] } },
{ "type": "Feature", "properties": { "confidence": 0.994, "dark_vessel": true, "matched_mmsi": null, "matched_name": null, "dist_km": 9.77 }, "geometry": { "type": "Point", "coordinates": [ 15.3720947265625, 55.400830078125004 ] } },
{ "type": "Feature", "properties": { "confidence": 0.847, "dark_vessel": true, "matched_mmsi": null, "matched_name": null, "dist_km": 10.45 }, "geometry": { "type": "Point", "coordinates": [ 15.3911376953125, 55.400976562499999 ] } },
{ "type": "Feature", "properties": { "confidence": 0.625, "dark_vessel": true, "matched_mmsi": null, "matched_name": null, "dist_km": 17.76 }, "geometry": { "type": "Point", "coordinates": [ 15.5382080078125, 55.401049804687503 ] } },
{ "type": "Feature", "properties": { "confidence": 0.684, "dark_vessel": true, "matched_mmsi": null, "matched_name": null, "dist_km": 10.69 }, "geometry": { "type": "Point", "coordinates": [ 15.396337890625, 55.400610351562499 ] } },
{ "type": "Feature", "properties": { "confidence": 0.597, "dark_vessel": true, "matched_mmsi": null, "matched_name": null, "dist_km": 10.59 }, "geometry": { "type": "Point", "coordinates": [ 15.3931884765625, 55.400317382812503 ] } },
{ "type": "Feature", "properties": { "confidence": 0.658, "dark_vessel": true, "matched_mmsi": null, "matched_name": null, "dist_km": 10.67 }, "geometry": { "type": "Point", "coordinates": [ 15.394726562500001, 55.400097656250004 ] } },
{ "type": "Feature", "properties": { "confidence": 0.63, "dark_vessel": true, "matched_mmsi": null, "matched_name": null, "dist_km": 11.12 }, "geometry": { "type": "Point", "coordinates": [ 15.4041748046875, 55.399365234375004 ] } },
{ "type": "Feature", "properties": { "confidence": 0.6, "dark_vessel": true, "matched_mmsi": null, "matched_name": null, "dist_km": 11.15 }, "geometry": { "type": "Point", "coordinates": [ 15.403735351562501, 55.398779296874999 ] } },
{ "type": "Feature", "properties": { "confidence": 0.687, "dark_vessel": true, "matched_mmsi": null, "matched_name": null, "dist_km": 10.74 }, "geometry": { "type": "Point", "coordinates": [ 15.392749023437501, 55.398413085937499 ] } },
{ "type": "Feature", "properties": { "confidence": 0.657, "dark_vessel": true, "matched_mmsi": null, "matched_name": null, "dist_km": 17.99 }, "geometry": { "type": "Point", "coordinates": [ 15.5400390625, 55.3985595703125 ] } },
{ "type": "Feature", "properties": { "confidence": 0.618, "dark_vessel": true, "matched_mmsi": null, "matched_name": null, "dist_km": 10.72 }, "geometry": { "type": "Point", "coordinates": [ 15.391796875, 55.398266601562504 ] } },
{ "type": "Feature", "properties": { "confidence": 0.591, "dark_vessel": true, "matched_mmsi": null, "matched_name": null, "dist_km": 11.11 }, "geometry": { "type": "Point", "coordinates": [ 15.4018310546875, 55.398266601562504 ] } },
{ "type": "Feature", "properties": { "confidence": 0.904, "dark_vessel": true, "matched_mmsi": null, "matched_name": null, "dist_km": 10.92 }, "geometry": { "type": "Point", "coordinates": [ 15.396191406250001, 55.397900390625004 ] } },
{ "type": "Feature", "properties": { "confidence": 0.686, "dark_vessel": true, "matched_mmsi": null, "matched_name": null, "dist_km": 18.03 }, "geometry": { "type": "Point", "coordinates": [ 15.540185546875001, 55.397900390625004 ] } },
{ "type": "Feature", "properties": { "confidence": 0.645, "dark_vessel": true, "matched_mmsi": null, "matched_name": null, "dist_km": 11.46 }, "geometry": { "type": "Point", "coordinates": [ 15.409375, 55.3978271484375 ] } },
{ "type": "Feature", "properties": { "confidence": 0.728, "dark_vessel": true, "matched_mmsi": null, "matched_name": null, "dist_km": 11.16 }, "geometry": { "type": "Point", "coordinates": [ 15.401538085937501, 55.397607421875001 ] } },
{ "type": "Feature", "properties": { "confidence": 0.733, "dark_vessel": true, "matched_mmsi": null, "matched_name": null, "dist_km": 11.04 }, "geometry": { "type": "Point", "coordinates": [ 15.3970703125, 55.396948242187499 ] } },
{ "type": "Feature", "properties": { "confidence": 0.682, "dark_vessel": true, "matched_mmsi": null, "matched_name": null, "dist_km": 11.5 }, "geometry": { "type": "Point", "coordinates": [ 15.4091552734375, 55.397241210937501 ] } },
{ "type": "Feature", "properties": { "confidence": 0.791, "dark_vessel": true, "matched_mmsi": null, "matched_name": null, "dist_km": 10.98 }, "geometry": { "type": "Point", "coordinates": [ 15.3947998046875, 55.396582031249999 ] } },
{ "type": "Feature", "properties": { "confidence": 0.669, "dark_vessel": true, "matched_mmsi": null, "matched_name": null, "dist_km": 11.23 }, "geometry": { "type": "Point", "coordinates": [ 15.401318359375001, 55.396655273437503 ] } },
{ "type": "Feature", "properties": { "confidence": 0.73, "dark_vessel": true, "matched_mmsi": null, "matched_name": null, "dist_km": 11.19 }, "geometry": { "type": "Point", "coordinates": [ 15.3997802734375, 55.396435546875004 ] } },
{ "type": "Feature", "properties": { "confidence": 0.748, "dark_vessel": true, "matched_mmsi": null, "matched_name": null, "dist_km": 18.23 }, "geometry": { "type": "Point", "coordinates": [ 15.544873046875001, 55.396069335937504 ] } },
{ "type": "Feature", "properties": { "confidence": 0.68, "dark_vessel": true, "matched_mmsi": null, "matched_name": null, "dist_km": 11.3 }, "geometry": { "type": "Point", "coordinates": [ 15.4012451171875, 55.395849609374999 ] } },
{ "type": "Feature", "properties": { "confidence": 0.597, "dark_vessel": true, "matched_mmsi": null, "matched_name": null, "dist_km": 11.35 }, "geometry": { "type": "Point", "coordinates": [ 15.401538085937501, 55.395410156250001 ] } },
{ "type": "Feature", "properties": { "confidence": 0.658, "dark_vessel": true, "matched_mmsi": null, "matched_name": null, "dist_km": 11.33 }, "geometry": { "type": "Point", "coordinates": [ 15.4006591796875, 55.395190429687503 ] } },
{ "type": "Feature", "properties": { "confidence": 0.745, "dark_vessel": true, "matched_mmsi": null, "matched_name": null, "dist_km": 18.35 }, "geometry": { "type": "Point", "coordinates": [ 15.544213867187501, 55.395043945312501 ] } },
{ "type": "Feature", "properties": { "confidence": 0.77, "dark_vessel": true, "matched_mmsi": null, "matched_name": null, "dist_km": 11.38 }, "geometry": { "type": "Point", "coordinates": [ 15.4012451171875, 55.3948974609375 ] } },
{ "type": "Feature", "properties": { "confidence": 0.646, "dark_vessel": true, "matched_mmsi": null, "matched_name": null, "dist_km": 11.76 }, "geometry": { "type": "Point", "coordinates": [ 15.410546875, 55.3948974609375 ] } },
{ "type": "Feature", "properties": { "confidence": 0.588, "dark_vessel": true, "matched_mmsi": null, "matched_name": null, "dist_km": 11.61 }, "geometry": { "type": "Point", "coordinates": [ 15.40673828125, 55.394750976562499 ] } },
{ "type": "Feature", "properties": { "confidence": 0.639, "dark_vessel": true, "matched_mmsi": null, "matched_name": null, "dist_km": 11.68 }, "geometry": { "type": "Point", "coordinates": [ 15.408276367187501, 55.394750976562499 ] } },
{ "type": "Feature", "properties": { "confidence": 0.85, "dark_vessel": true, "matched_mmsi": null, "matched_name": null, "dist_km": 11.19 }, "geometry": { "type": "Point", "coordinates": [ 15.394580078125001, 55.3941650390625 ] } },
{ "type": "Feature", "properties": { "confidence": 0.779, "dark_vessel": true, "matched_mmsi": null, "matched_name": null, "dist_km": 10.75 }, "geometry": { "type": "Point", "coordinates": [ 15.381762695312501, 55.393945312500001 ] } },
{ "type": "Feature", "properties": { "confidence": 0.746, "dark_vessel": true, "matched_mmsi": null, "matched_name": null, "dist_km": 11.32 }, "geometry": { "type": "Point", "coordinates": [ 15.397802734375, 55.394018554687499 ] } },
{ "type": "Feature", "properties": { "confidence": 0.718, "dark_vessel": true, "matched_mmsi": null, "matched_name": null, "dist_km": 11.58 }, "geometry": { "type": "Point", "coordinates": [ 15.40439453125, 55.394018554687499 ] } },
{ "type": "Feature", "properties": { "confidence": 0.737, "dark_vessel": true, "matched_mmsi": null, "matched_name": null, "dist_km": 11.51 }, "geometry": { "type": "Point", "coordinates": [ 15.4021240234375, 55.393798828125 ] } },
{ "type": "Feature", "properties": { "confidence": 0.895, "dark_vessel": true, "matched_mmsi": null, "matched_name": null, "dist_km": 11.28 }, "geometry": { "type": "Point", "coordinates": [ 15.3955322265625, 55.393505859375004 ] } },
{ "type": "Feature", "properties": { "confidence": 0.664, "dark_vessel": true, "matched_mmsi": null, "matched_name": null, "dist_km": 11.59 }, "geometry": { "type": "Point", "coordinates": [ 15.403735351562501, 55.393579101562501 ] } },
{ "type": "Feature", "properties": { "confidence": 0.714, "dark_vessel": true, "matched_mmsi": null, "matched_name": null, "dist_km": 11.42 }, "geometry": { "type": "Point", "coordinates": [ 15.398681640625, 55.393359375 ] } },
{ "type": "Feature", "properties": { "confidence": 0.744, "dark_vessel": true, "matched_mmsi": null, "matched_name": null, "dist_km": 11.5 }, "geometry": { "type": "Point", "coordinates": [ 15.401025390625, 55.3934326171875 ] } },
{ "type": "Feature", "properties": { "confidence": 0.632, "dark_vessel": true, "matched_mmsi": null, "matched_name": null, "dist_km": 11.6 }, "geometry": { "type": "Point", "coordinates": [ 15.4034423828125, 55.3934326171875 ] } },
{ "type": "Feature", "properties": { "confidence": 0.647, "dark_vessel": true, "matched_mmsi": null, "matched_name": null, "dist_km": 18.42 }, "geometry": { "type": "Point", "coordinates": [ 15.546630859375, 55.3934326171875 ] } },
{ "type": "Feature", "properties": { "confidence": 1.0, "dark_vessel": true, "matched_mmsi": null, "matched_name": null, "dist_km": 10.77 }, "geometry": { "type": "Point", "coordinates": [ 15.38037109375, 55.393212890625001 ] } },
{ "type": "Feature", "properties": { "confidence": 0.68, "dark_vessel": true, "matched_mmsi": null, "matched_name": null, "dist_km": 11.7 }, "geometry": { "type": "Point", "coordinates": [ 15.405712890625001, 55.393212890625001 ] } },
{ "type": "Feature", "properties": { "confidence": 0.804, "dark_vessel": true, "matched_mmsi": null, "matched_name": null, "dist_km": 11.48 }, "geometry": { "type": "Point", "coordinates": [ 15.399267578125, 55.392846679687501 ] } },
{ "type": "Feature", "properties": { "confidence": 0.707, "dark_vessel": true, "matched_mmsi": null, "matched_name": null, "dist_km": 11.78 }, "geometry": { "type": "Point", "coordinates": [ 15.407397460937501, 55.393139648437504 ] } },
{ "type": "Feature", "properties": { "confidence": 0.679, "dark_vessel": true, "matched_mmsi": null, "matched_name": null, "dist_km": 18.44 }, "geometry": { "type": "Point", "coordinates": [ 15.546923828125001, 55.393139648437504 ] } },
{ "type": "Feature", "properties": { "confidence": 0.627, "dark_vessel": true, "matched_mmsi": null, "matched_name": null, "dist_km": 11.77 }, "geometry": { "type": "Point", "coordinates": [ 15.4069580078125, 55.392993164062503 ] } },
{ "type": "Feature", "properties": { "confidence": 0.746, "dark_vessel": true, "matched_mmsi": null, "matched_name": null, "dist_km": 11.67 }, "geometry": { "type": "Point", "coordinates": [ 15.404101562500001, 55.392846679687501 ] } },
{ "type": "Feature", "properties": { "confidence": 0.793, "dark_vessel": true, "matched_mmsi": null, "matched_name": null, "dist_km": 11.87 }, "geometry": { "type": "Point", "coordinates": [ 15.409008789062501, 55.392846679687501 ] } },
{ "type": "Feature", "properties": { "confidence": 1.0, "dark_vessel": true, "matched_mmsi": null, "matched_name": null, "dist_km": 10.32 }, "geometry": { "type": "Point", "coordinates": [ 15.36484375, 55.3927001953125 ] } },
{ "type": "Feature", "properties": { "confidence": 0.625, "dark_vessel": true, "matched_mmsi": null, "matched_name": null, "dist_km": 11.73 }, "geometry": { "type": "Point", "coordinates": [ 15.4052734375, 55.3927001953125 ] } },
{ "type": "Feature", "properties": { "confidence": 0.66, "dark_vessel": true, "matched_mmsi": null, "matched_name": null, "dist_km": 11.57 }, "geometry": { "type": "Point", "coordinates": [ 15.40087890625, 55.392553710937499 ] } },
{ "type": "Feature", "properties": { "confidence": 1.0, "dark_vessel": true, "matched_mmsi": null, "matched_name": null, "dist_km": 10.37 }, "geometry": { "type": "Point", "coordinates": [ 15.365063476562501, 55.392333984375 ] } },
{ "type": "Feature", "properties": { "confidence": 0.765, "dark_vessel": true, "matched_mmsi": null, "matched_name": null, "dist_km": 11.97 }, "geometry": { "type": "Point", "coordinates": [ 15.4101806640625, 55.392260742187503 ] } },
{ "type": "Feature", "properties": { "confidence": 0.605, "dark_vessel": true, "matched_mmsi": null, "matched_name": null, "dist_km": 11.87 }, "geometry": { "type": "Point", "coordinates": [ 15.40732421875, 55.392041015625004 ] } },
{ "type": "Feature", "properties": { "confidence": 1.0, "dark_vessel": true, "matched_mmsi": null, "matched_name": null, "dist_km": 10.45 }, "geometry": { "type": "Point", "coordinates": [ 15.3653564453125, 55.391528320312503 ] } },
{ "type": "Feature", "properties": { "confidence": 0.856, "dark_vessel": true, "matched_mmsi": null, "matched_name": null, "dist_km": 11.91 }, "geometry": { "type": "Point", "coordinates": [ 15.40673828125, 55.391308593750004 ] } },
{ "type": "Feature", "properties": { "confidence": 1.0, "dark_vessel": true, "matched_mmsi": null, "matched_name": null, "dist_km": 11.05 }, "geometry": { "type": "Point", "coordinates": [ 15.3830810546875, 55.391162109375003 ] } },
{ "type": "Feature", "properties": { "confidence": 0.653, "dark_vessel": true, "matched_mmsi": null, "matched_name": null, "dist_km": 12.07 }, "geometry": { "type": "Point", "coordinates": [ 15.4111328125, 55.391528320312503 ] } },
{ "type": "Feature", "properties": { "confidence": 0.636, "dark_vessel": true, "matched_mmsi": null, "matched_name": null, "dist_km": 12.0 }, "geometry": { "type": "Point", "coordinates": [ 15.409228515625001, 55.391381835937501 ] } },
{ "type": "Feature", "properties": { "confidence": 0.67, "dark_vessel": true, "matched_mmsi": null, "matched_name": null, "dist_km": 12.18 }, "geometry": { "type": "Point", "coordinates": [ 15.4129638671875, 55.391015625 ] } },
{ "type": "Feature", "properties": { "confidence": 1.0, "dark_vessel": true, "matched_mmsi": null, "matched_name": null, "dist_km": 10.53 }, "geometry": { "type": "Point", "coordinates": [ 15.366455078125, 55.391088867187499 ] } },
{ "type": "Feature", "properties": { "confidence": 0.956, "dark_vessel": true, "matched_mmsi": null, "matched_name": null, "dist_km": 11.9 }, "geometry": { "type": "Point", "coordinates": [ 15.4052734375, 55.390795898437503 ] } },
{ "type": "Feature", "properties": { "confidence": 0.76, "dark_vessel": true, "matched_mmsi": null, "matched_name": null, "dist_km": 12.11 }, "geometry": { "type": "Point", "coordinates": [ 15.40966796875, 55.390283203125001 ] } },
{ "type": "Feature", "properties": { "confidence": 0.751, "dark_vessel": true, "matched_mmsi": null, "matched_name": null, "dist_km": 12.22 }, "geometry": { "type": "Point", "coordinates": [ 15.4123779296875, 55.390283203125001 ] } },
{ "type": "Feature", "properties": { "confidence": 1.0, "dark_vessel": true, "matched_mmsi": null, "matched_name": null, "dist_km": 10.84 }, "geometry": { "type": "Point", "coordinates": [ 15.371655273437501, 55.389477539062504 ] } },
{ "type": "Feature", "properties": { "confidence": 0.566, "dark_vessel": true, "matched_mmsi": null, "matched_name": null, "dist_km": 12.15 }, "geometry": { "type": "Point", "coordinates": [ 15.4091552734375, 55.389624023437499 ] } },
{ "type": "Feature", "properties": { "confidence": 0.618, "dark_vessel": true, "matched_mmsi": null, "matched_name": null, "dist_km": 12.32 }, "geometry": { "type": "Point", "coordinates": [ 15.413256835937501, 55.389550781250001 ] } },
{ "type": "Feature", "properties": { "confidence": 1.0, "dark_vessel": true, "matched_mmsi": null, "matched_name": null, "dist_km": 10.93 }, "geometry": { "type": "Point", "coordinates": [ 15.373486328125001, 55.389111328125004 ] } },
{ "type": "Feature", "properties": { "confidence": 0.74, "dark_vessel": true, "matched_mmsi": null, "matched_name": null, "dist_km": 12.19 }, "geometry": { "type": "Point", "coordinates": [ 15.409741210937501, 55.389477539062504 ] } },
{ "type": "Feature", "properties": { "confidence": 0.775, "dark_vessel": true, "matched_mmsi": null, "matched_name": null, "dist_km": 12.17 }, "geometry": { "type": "Point", "coordinates": [ 15.4078369140625, 55.388818359375001 ] } },
{ "type": "Feature", "properties": { "confidence": 0.618, "dark_vessel": true, "matched_mmsi": null, "matched_name": null, "dist_km": 12.41 }, "geometry": { "type": "Point", "coordinates": [ 15.413989257812501, 55.388891601562499 ] } },
{ "type": "Feature", "properties": { "confidence": 0.607, "dark_vessel": true, "matched_mmsi": null, "matched_name": null, "dist_km": 12.6 }, "geometry": { "type": "Point", "coordinates": [ 15.4186767578125, 55.388891601562499 ] } },
{ "type": "Feature", "properties": { "confidence": 0.741, "dark_vessel": true, "matched_mmsi": null, "matched_name": null, "dist_km": 12.23 }, "geometry": { "type": "Point", "coordinates": [ 15.409228515625001, 55.388745117187504 ] } },
{ "type": "Feature", "properties": { "confidence": 0.614, "dark_vessel": true, "matched_mmsi": null, "matched_name": null, "dist_km": 12.3 }, "geometry": { "type": "Point", "coordinates": [ 15.409594726562501, 55.388085937500001 ] } },
{ "type": "Feature", "properties": { "confidence": 0.689, "dark_vessel": true, "matched_mmsi": null, "matched_name": null, "dist_km": 12.28 }, "geometry": { "type": "Point", "coordinates": [ 15.4087890625, 55.388012695312504 ] } },
{ "type": "Feature", "properties": { "confidence": 0.853, "dark_vessel": true, "matched_mmsi": null, "matched_name": null, "dist_km": 12.39 }, "geometry": { "type": "Point", "coordinates": [ 15.410473632812501, 55.387426757812499 ] } },
{ "type": "Feature", "properties": { "confidence": 0.619, "dark_vessel": true, "matched_mmsi": null, "matched_name": null, "dist_km": 12.32 }, "geometry": { "type": "Point", "coordinates": [ 15.4087890625, 55.3875732421875 ] } },
{ "type": "Feature", "properties": { "confidence": 0.659, "dark_vessel": true, "matched_mmsi": null, "matched_name": null, "dist_km": 12.36 }, "geometry": { "type": "Point", "coordinates": [ 15.409521484375, 55.387353515625001 ] } },
{ "type": "Feature", "properties": { "confidence": 0.644, "dark_vessel": true, "matched_mmsi": null, "matched_name": null, "dist_km": 12.47 }, "geometry": { "type": "Point", "coordinates": [ 15.411865234375, 55.387133789062503 ] } },
{ "type": "Feature", "properties": { "confidence": 0.817, "dark_vessel": true, "matched_mmsi": null, "matched_name": null, "dist_km": 12.47 }, "geometry": { "type": "Point", "coordinates": [ 15.411059570312501, 55.3868408203125 ] } },
{ "type": "Feature", "properties": { "confidence": 0.82, "dark_vessel": true, "matched_mmsi": null, "matched_name": null, "dist_km": 12.45 }, "geometry": { "type": "Point", "coordinates": [ 15.409228515625001, 55.386254882812501 ] } },
{ "type": "Feature", "properties": { "confidence": 0.79, "dark_vessel": true, "matched_mmsi": null, "matched_name": null, "dist_km": 12.57 }, "geometry": { "type": "Point", "coordinates": [ 15.411425781250001, 55.385815429687504 ] } },
{ "type": "Feature", "properties": { "confidence": 0.576, "dark_vessel": true, "matched_mmsi": null, "matched_name": null, "dist_km": 13.15 }, "geometry": { "type": "Point", "coordinates": [ 15.4260009765625, 55.385961914062499 ] } },
{ "type": "Feature", "properties": { "confidence": 0.738, "dark_vessel": true, "matched_mmsi": null, "matched_name": null, "dist_km": 12.84 }, "geometry": { "type": "Point", "coordinates": [ 15.4153076171875, 55.384497070312499 ] } },
{ "type": "Feature", "properties": { "confidence": 0.785, "dark_vessel": true, "matched_mmsi": null, "matched_name": null, "dist_km": 12.87 }, "geometry": { "type": "Point", "coordinates": [ 15.4150146484375, 55.384057617187501 ] } },
{ "type": "Feature", "properties": { "confidence": 0.676, "dark_vessel": true, "matched_mmsi": null, "matched_name": null, "dist_km": 13.27 }, "geometry": { "type": "Point", "coordinates": [ 15.422998046875, 55.383105468750003 ] } },
{ "type": "Feature", "properties": { "confidence": 0.581, "dark_vessel": true, "matched_mmsi": null, "matched_name": null, "dist_km": 13.04 }, "geometry": { "type": "Point", "coordinates": [ 15.41611328125, 55.382592773437501 ] } },
{ "type": "Feature", "properties": { "confidence": 0.591, "dark_vessel": true, "matched_mmsi": null, "matched_name": null, "dist_km": 13.49 }, "geometry": { "type": "Point", "coordinates": [ 15.427392578125, 55.382592773437501 ] } },
{ "type": "Feature", "properties": { "confidence": 0.62, "dark_vessel": true, "matched_mmsi": null, "matched_name": null, "dist_km": 13.1 }, "geometry": { "type": "Point", "coordinates": [ 15.41640625, 55.382006835937503 ] } },
{ "type": "Feature", "properties": { "confidence": 0.811, "dark_vessel": true, "matched_mmsi": null, "matched_name": null, "dist_km": 13.25 }, "geometry": { "type": "Point", "coordinates": [ 15.4142822265625, 55.379370117187499 ] } },
{ "type": "Feature", "properties": { "confidence": 0.834, "dark_vessel": true, "matched_mmsi": null, "matched_name": null, "dist_km": 13.32 }, "geometry": { "type": "Point", "coordinates": [ 15.414868164062501, 55.378857421875004 ] } },
{ "type": "Feature", "properties": { "confidence": 1.0, "dark_vessel": true, "matched_mmsi": null, "matched_name": null, "dist_km": 13.23 }, "geometry": { "type": "Point", "coordinates": [ 15.410986328125, 55.378198242187501 ] } },
{ "type": "Feature", "properties": { "confidence": 1.0, "dark_vessel": true, "matched_mmsi": null, "matched_name": null, "dist_km": 13.1 }, "geometry": { "type": "Point", "coordinates": [ 15.408496093750001, 55.378637695312499 ] } },
{ "type": "Feature", "properties": { "confidence": 0.606, "dark_vessel": true, "matched_mmsi": null, "matched_name": null, "dist_km": 13.52 }, "geometry": { "type": "Point", "coordinates": [ 15.4197021484375, 55.378710937500003 ] } },
{ "type": "Feature", "properties": { "confidence": 0.826, "dark_vessel": true, "matched_mmsi": null, "matched_name": null, "dist_km": 13.51 }, "geometry": { "type": "Point", "coordinates": [ 15.418896484375001, 55.378491210937504 ] } },
{ "type": "Feature", "properties": { "confidence": 0.953, "dark_vessel": true, "matched_mmsi": null, "matched_name": null, "dist_km": 13.41 }, "geometry": { "type": "Point", "coordinates": [ 15.414721679687501, 55.377758789062504 ] } },
{ "type": "Feature", "properties": { "confidence": 0.689, "dark_vessel": true, "matched_mmsi": null, "matched_name": null, "dist_km": 13.72 }, "geometry": { "type": "Point", "coordinates": [ 15.423657226562501, 55.378125 ] } },
{ "type": "Feature", "properties": { "confidence": 0.718, "dark_vessel": true, "matched_mmsi": null, "matched_name": null, "dist_km": 13.49 }, "geometry": { "type": "Point", "coordinates": [ 15.416918945312501, 55.377832031250001 ] } },
{ "type": "Feature", "properties": { "confidence": 0.724, "dark_vessel": true, "matched_mmsi": null, "matched_name": null, "dist_km": 13.74 }, "geometry": { "type": "Point", "coordinates": [ 15.423291015625001, 55.377758789062504 ] } },
{ "type": "Feature", "properties": { "confidence": 0.701, "dark_vessel": true, "matched_mmsi": null, "matched_name": null, "dist_km": 13.71 }, "geometry": { "type": "Point", "coordinates": [ 15.421826171875001, 55.377465820312501 ] } },
{ "type": "Feature", "properties": { "confidence": 0.741, "dark_vessel": true, "matched_mmsi": null, "matched_name": null, "dist_km": 13.67 }, "geometry": { "type": "Point", "coordinates": [ 15.4205078125, 55.3773193359375 ] } },
{ "type": "Feature", "properties": { "confidence": 0.787, "dark_vessel": true, "matched_mmsi": null, "matched_name": null, "dist_km": 13.8 }, "geometry": { "type": "Point", "coordinates": [ 15.4238037109375, 55.377246093750003 ] } },
{ "type": "Feature", "properties": { "confidence": 0.704, "dark_vessel": true, "matched_mmsi": null, "matched_name": null, "dist_km": 13.38 }, "geometry": { "type": "Point", "coordinates": [ 15.412451171875, 55.377172851562499 ] } },
{ "type": "Feature", "properties": { "confidence": 0.692, "dark_vessel": true, "matched_mmsi": null, "matched_name": null, "dist_km": 13.54 }, "geometry": { "type": "Point", "coordinates": [ 15.416845703125, 55.377172851562499 ] } },
{ "type": "Feature", "properties": { "confidence": 0.755, "dark_vessel": true, "matched_mmsi": null, "matched_name": null, "dist_km": 13.73 }, "geometry": { "type": "Point", "coordinates": [ 15.4211669921875, 55.376953125 ] } },
{ "type": "Feature", "properties": { "confidence": 0.629, "dark_vessel": true, "matched_mmsi": null, "matched_name": null, "dist_km": 15.3 }, "geometry": { "type": "Point", "coordinates": [ 15.459033203125001, 55.377026367187504 ] } },
{ "type": "Feature", "properties": { "confidence": 0.873, "dark_vessel": true, "matched_mmsi": null, "matched_name": null, "dist_km": 13.46 }, "geometry": { "type": "Point", "coordinates": [ 15.412744140625, 55.376367187500001 ] } },
{ "type": "Feature", "properties": { "confidence": 0.651, "dark_vessel": true, "matched_mmsi": null, "matched_name": null, "dist_km": 13.71 }, "geometry": { "type": "Point", "coordinates": [ 15.419848632812501, 55.3765869140625 ] } },
{ "type": "Feature", "properties": { "confidence": 0.92, "dark_vessel": true, "matched_mmsi": null, "matched_name": null, "dist_km": 13.71 }, "geometry": { "type": "Point", "coordinates": [ 15.417797851562501, 55.375708007812499 ] } },
{ "type": "Feature", "properties": { "confidence": 0.89, "dark_vessel": true, "matched_mmsi": null, "matched_name": null, "dist_km": 13.75 }, "geometry": { "type": "Point", "coordinates": [ 15.4194091796875, 55.375927734375004 ] } },
{ "type": "Feature", "properties": { "confidence": 0.656, "dark_vessel": true, "matched_mmsi": null, "matched_name": null, "dist_km": 13.89 }, "geometry": { "type": "Point", "coordinates": [ 15.4230712890625, 55.375927734375004 ] } },
{ "type": "Feature", "properties": { "confidence": 0.636, "dark_vessel": true, "matched_mmsi": null, "matched_name": null, "dist_km": 14.05 }, "geometry": { "type": "Point", "coordinates": [ 15.42724609375, 55.376000976562501 ] } },
{ "type": "Feature", "properties": { "confidence": 0.863, "dark_vessel": true, "matched_mmsi": null, "matched_name": null, "dist_km": 13.55 }, "geometry": { "type": "Point", "coordinates": [ 15.413623046875001, 55.37578125 ] } },
{ "type": "Feature", "properties": { "confidence": 0.724, "dark_vessel": true, "matched_mmsi": null, "matched_name": null, "dist_km": 13.64 }, "geometry": { "type": "Point", "coordinates": [ 15.4157470703125, 55.375634765625001 ] } },
{ "type": "Feature", "properties": { "confidence": 0.669, "dark_vessel": true, "matched_mmsi": null, "matched_name": null, "dist_km": 13.76 }, "geometry": { "type": "Point", "coordinates": [ 15.418603515625, 55.37548828125 ] } },
{ "type": "Feature", "properties": { "confidence": 0.629, "dark_vessel": true, "matched_mmsi": null, "matched_name": null, "dist_km": 13.87 }, "geometry": { "type": "Point", "coordinates": [ 15.42138671875, 55.375415039062503 ] } },
{ "type": "Feature", "properties": { "confidence": 0.673, "dark_vessel": true, "matched_mmsi": null, "matched_name": null, "dist_km": 13.95 }, "geometry": { "type": "Point", "coordinates": [ 15.4233642578125, 55.375415039062503 ] } },
{ "type": "Feature", "properties": { "confidence": 0.771, "dark_vessel": true, "matched_mmsi": null, "matched_name": null, "dist_km": 13.92 }, "geometry": { "type": "Point", "coordinates": [ 15.422412109375001, 55.375268554687501 ] } },
{ "type": "Feature", "properties": { "confidence": 0.867, "dark_vessel": true, "matched_mmsi": null, "matched_name": null, "dist_km": 13.78 }, "geometry": { "type": "Point", "coordinates": [ 15.418017578125001, 55.375048828125003 ] } },
{ "type": "Feature", "properties": { "confidence": 0.653, "dark_vessel": true, "matched_mmsi": null, "matched_name": null, "dist_km": 13.9 }, "geometry": { "type": "Point", "coordinates": [ 15.42080078125, 55.374902343750001 ] } },
{ "type": "Feature", "properties": { "confidence": 0.661, "dark_vessel": true, "matched_mmsi": null, "matched_name": null, "dist_km": 14.0 }, "geometry": { "type": "Point", "coordinates": [ 15.4230712890625, 55.374682617187503 ] } },
{ "type": "Feature", "properties": { "confidence": 0.75, "dark_vessel": true, "matched_mmsi": null, "matched_name": null, "dist_km": 14.07 }, "geometry": { "type": "Point", "coordinates": [ 15.4248291015625, 55.374682617187503 ] } },
{ "type": "Feature", "properties": { "confidence": 0.727, "dark_vessel": true, "matched_mmsi": null, "matched_name": null, "dist_km": 13.92 }, "geometry": { "type": "Point", "coordinates": [ 15.420214843750001, 55.3743896484375 ] } },
{ "type": "Feature", "properties": { "confidence": 0.773, "dark_vessel": true, "matched_mmsi": null, "matched_name": null, "dist_km": 14.06 }, "geometry": { "type": "Point", "coordinates": [ 15.4238037109375, 55.374316406250003 ] } },
{ "type": "Feature", "properties": { "confidence": 0.742, "dark_vessel": true, "matched_mmsi": null, "matched_name": null, "dist_km": 13.97 }, "geometry": { "type": "Point", "coordinates": [ 15.42080078125, 55.374096679687504 ] } },
{ "type": "Feature", "properties": { "confidence": 0.641, "dark_vessel": true, "matched_mmsi": null, "matched_name": null, "dist_km": 14.11 }, "geometry": { "type": "Point", "coordinates": [ 15.4238037109375, 55.373803710937501 ] } },
{ "type": "Feature", "properties": { "confidence": 0.725, "dark_vessel": true, "matched_mmsi": null, "matched_name": null, "dist_km": 14.09 }, "geometry": { "type": "Point", "coordinates": [ 15.422558593750001, 55.373510742187499 ] } },
{ "type": "Feature", "properties": { "confidence": 0.761, "dark_vessel": true, "matched_mmsi": null, "matched_name": null, "dist_km": 14.09 }, "geometry": { "type": "Point", "coordinates": [ 15.42197265625, 55.373217773437503 ] } },
{ "type": "Feature", "properties": { "confidence": 0.689, "dark_vessel": true, "matched_mmsi": null, "matched_name": null, "dist_km": 14.16 }, "geometry": { "type": "Point", "coordinates": [ 15.422558593750001, 55.372631835937504 ] } },
{ "type": "Feature", "properties": { "confidence": 0.816, "dark_vessel": true, "matched_mmsi": null, "matched_name": null, "dist_km": 14.22 }, "geometry": { "type": "Point", "coordinates": [ 15.4239501953125, 55.37255859375 ] } },
{ "type": "Feature", "properties": { "confidence": 0.697, "dark_vessel": true, "matched_mmsi": null, "matched_name": null, "dist_km": 14.5 }, "geometry": { "type": "Point", "coordinates": [ 15.429443359375, 55.371826171875 ] } },
{ "type": "Feature", "properties": { "confidence": 0.692, "dark_vessel": true, "matched_mmsi": null, "matched_name": null, "dist_km": 14.26 }, "geometry": { "type": "Point", "coordinates": [ 15.422924804687501, 55.371752929687503 ] } },
{ "type": "Feature", "properties": { "confidence": 0.719, "dark_vessel": true, "matched_mmsi": null, "matched_name": null, "dist_km": 14.58 }, "geometry": { "type": "Point", "coordinates": [ 15.428125, 55.370288085937503 ] } },
{ "type": "Feature", "properties": { "confidence": 0.65, "dark_vessel": true, "matched_mmsi": null, "matched_name": null, "dist_km": 14.84 }, "geometry": { "type": "Point", "coordinates": [ 15.434423828125, 55.370141601562501 ] } },
{ "type": "Feature", "properties": { "confidence": 0.783, "dark_vessel": true, "matched_mmsi": null, "matched_name": null, "dist_km": 14.54 }, "geometry": { "type": "Point", "coordinates": [ 15.425122070312501, 55.369482421874999 ] } },
{ "type": "Feature", "properties": { "confidence": 0.615, "dark_vessel": true, "matched_mmsi": null, "matched_name": null, "dist_km": 15.11 }, "geometry": { "type": "Point", "coordinates": [ 15.436694335937501, 55.368090820312503 ] } },
{ "type": "Feature", "properties": { "confidence": 0.707, "dark_vessel": true, "matched_mmsi": null, "matched_name": null, "dist_km": 14.98 }, "geometry": { "type": "Point", "coordinates": [ 15.429150390625001, 55.3663330078125 ] } },
{ "type": "Feature", "properties": { "confidence": 0.681, "dark_vessel": true, "matched_mmsi": null, "matched_name": null, "dist_km": 14.92 }, "geometry": { "type": "Point", "coordinates": [ 15.4276123046875, 55.366259765625003 ] } },
{ "type": "Feature", "properties": { "confidence": 0.705, "dark_vessel": true, "matched_mmsi": null, "matched_name": null, "dist_km": 14.93 }, "geometry": { "type": "Point", "coordinates": [ 15.427099609375, 55.366040039062504 ] } },
{ "type": "Feature", "properties": { "confidence": 0.67, "dark_vessel": true, "matched_mmsi": null, "matched_name": null, "dist_km": 14.97 }, "geometry": { "type": "Point", "coordinates": [ 15.427539062500001, 55.365673828125004 ] } },
{ "type": "Feature", "properties": { "confidence": 0.702, "dark_vessel": true, "matched_mmsi": null, "matched_name": null, "dist_km": 15.75 }, "geometry": { "type": "Point", "coordinates": [ 15.444970703125, 55.364501953125 ] } },
{ "type": "Feature", "properties": { "confidence": 0.612, "dark_vessel": true, "matched_mmsi": null, "matched_name": null, "dist_km": 16.05 }, "geometry": { "type": "Point", "coordinates": [ 15.450610351562501, 55.363549804687501 ] } },
{ "type": "Feature", "properties": { "confidence": 1.0, "dark_vessel": true, "matched_mmsi": null, "matched_name": null, "dist_km": 6.3 }, "geometry": { "type": "Point", "coordinates": [ 15.2532958984375, 55.362084960937501 ] } },
{ "type": "Feature", "properties": { "confidence": 1.0, "dark_vessel": true, "matched_mmsi": null, "matched_name": null, "dist_km": 6.54 }, "geometry": { "type": "Point", "coordinates": [ 15.2597412109375, 55.361572265625 ] } },
{ "type": "Feature", "properties": { "confidence": 0.579, "dark_vessel": true, "matched_mmsi": null, "matched_name": null, "dist_km": 16.07 }, "geometry": { "type": "Point", "coordinates": [ 15.445483398437501, 55.360986328125001 ] } },
{ "type": "Feature", "properties": { "confidence": 1.0, "dark_vessel": true, "matched_mmsi": null, "matched_name": null, "dist_km": 6.02 }, "geometry": { "type": "Point", "coordinates": [ 15.2560791015625, 55.356958007812501 ] } },
{ "type": "Feature", "properties": { "confidence": 1.0, "dark_vessel": true, "matched_mmsi": null, "matched_name": null, "dist_km": 6.45 }, "geometry": { "type": "Point", "coordinates": [ 15.265820312500001, 55.3564453125 ] } },
{ "type": "Feature", "properties": { "confidence": 1.0, "dark_vessel": true, "matched_mmsi": null, "matched_name": null, "dist_km": 7.8 }, "geometry": { "type": "Point", "coordinates": [ 15.2899169921875, 55.358129882812499 ] } },
{ "type": "Feature", "properties": { "confidence": 1.0, "dark_vessel": true, "matched_mmsi": null, "matched_name": null, "dist_km": 11.61 }, "geometry": { "type": "Point", "coordinates": [ 15.3571533203125, 55.358129882812499 ] } },
{ "type": "Feature", "properties": { "confidence": 1.0, "dark_vessel": true, "matched_mmsi": null, "matched_name": null, "dist_km": 11.11 }, "geometry": { "type": "Point", "coordinates": [ 15.349682617187501, 55.356738281250003 ] } },
{ "type": "Feature", "properties": { "confidence": 1.0, "dark_vessel": true, "matched_mmsi": null, "matched_name": null, "dist_km": 7.87 }, "geometry": { "type": "Point", "coordinates": [ 15.2922607421875, 55.357250976562504 ] } },
{ "type": "Feature", "properties": { "confidence": 1.0, "dark_vessel": true, "matched_mmsi": null, "matched_name": null, "dist_km": 11.39 }, "geometry": { "type": "Point", "coordinates": [ 15.354296875, 55.35703125 ] } },
{ "type": "Feature", "properties": { "confidence": 1.0, "dark_vessel": true, "matched_mmsi": null, "matched_name": null, "dist_km": 8.02 }, "geometry": { "type": "Point", "coordinates": [ 15.295483398437501, 55.3568115234375 ] } },
{ "type": "Feature", "properties": { "confidence": 1.0, "dark_vessel": true, "matched_mmsi": null, "matched_name": null, "dist_km": 11.33 }, "geometry": { "type": "Point", "coordinates": [ 15.353344726562501, 55.3568115234375 ] } },
{ "type": "Feature", "properties": { "confidence": 1.0, "dark_vessel": true, "matched_mmsi": null, "matched_name": null, "dist_km": 8.06 }, "geometry": { "type": "Point", "coordinates": [ 15.2972412109375, 55.355786132812504 ] } },
{ "type": "Feature", "properties": { "confidence": 1.0, "dark_vessel": true, "matched_mmsi": null, "matched_name": null, "dist_km": 11.14 }, "geometry": { "type": "Point", "coordinates": [ 15.3508544921875, 55.355786132812504 ] } },
{ "type": "Feature", "properties": { "confidence": 1.0, "dark_vessel": true, "matched_mmsi": null, "matched_name": null, "dist_km": 12.36 }, "geometry": { "type": "Point", "coordinates": [ 15.37158203125, 55.355273437500003 ] } },
{ "type": "Feature", "properties": { "confidence": 1.0, "dark_vessel": true, "matched_mmsi": null, "matched_name": null, "dist_km": 6.91 }, "geometry": { "type": "Point", "coordinates": [ 15.27783203125, 55.354101562499999 ] } },
{ "type": "Feature", "properties": { "confidence": 1.0, "dark_vessel": true, "matched_mmsi": null, "matched_name": null, "dist_km": 11.28 }, "geometry": { "type": "Point", "coordinates": [ 15.354296875, 55.354101562499999 ] } },
{ "type": "Feature", "properties": { "confidence": 1.0, "dark_vessel": true, "matched_mmsi": null, "matched_name": null, "dist_km": 12.21 }, "geometry": { "type": "Point", "coordinates": [ 15.369458007812501, 55.354760742187501 ] } },
{ "type": "Feature", "properties": { "confidence": 1.0, "dark_vessel": true, "matched_mmsi": null, "matched_name": null, "dist_km": 11.2 }, "geometry": { "type": "Point", "coordinates": [ 15.352465820312501, 55.354760742187501 ] } },
{ "type": "Feature", "properties": { "confidence": 1.0, "dark_vessel": true, "matched_mmsi": null, "matched_name": null, "dist_km": 5.72 }, "geometry": { "type": "Point", "coordinates": [ 15.2546142578125, 55.353808593750003 ] } },
{ "type": "Feature", "properties": { "confidence": 1.0, "dark_vessel": true, "matched_mmsi": null, "matched_name": null, "dist_km": 12.35 }, "geometry": { "type": "Point", "coordinates": [ 15.372021484375001, 55.354174804687503 ] } },
{ "type": "Feature", "properties": { "confidence": 1.0, "dark_vessel": true, "matched_mmsi": null, "matched_name": null, "dist_km": 12.2 }, "geometry": { "type": "Point", "coordinates": [ 15.36953125, 55.354174804687503 ] } },
{ "type": "Feature", "properties": { "confidence": 1.0, "dark_vessel": true, "matched_mmsi": null, "matched_name": null, "dist_km": 11.76 }, "geometry": { "type": "Point", "coordinates": [ 15.362353515625001, 55.353955078125004 ] } },
{ "type": "Feature", "properties": { "confidence": 1.0, "dark_vessel": true, "matched_mmsi": null, "matched_name": null, "dist_km": 10.98 }, "geometry": { "type": "Point", "coordinates": [ 15.349462890625, 55.353662109375001 ] } },
{ "type": "Feature", "properties": { "confidence": 1.0, "dark_vessel": true, "matched_mmsi": null, "matched_name": null, "dist_km": 11.76 }, "geometry": { "type": "Point", "coordinates": [ 15.362719726562501, 55.353295898437501 ] } },
{ "type": "Feature", "properties": { "confidence": 1.0, "dark_vessel": true, "matched_mmsi": null, "matched_name": null, "dist_km": 12.08 }, "geometry": { "type": "Point", "coordinates": [ 15.3681396484375, 55.3531494140625 ] } },
{ "type": "Feature", "properties": { "confidence": 1.0, "dark_vessel": true, "matched_mmsi": null, "matched_name": null, "dist_km": 6.58 }, "geometry": { "type": "Point", "coordinates": [ 15.272705078125, 55.353076171875003 ] } },
{ "type": "Feature", "properties": { "confidence": 0.83, "dark_vessel": true, "matched_mmsi": null, "matched_name": null, "dist_km": 14.8 }, "geometry": { "type": "Point", "coordinates": [ 15.412890625, 55.353076171875003 ] } },
{ "type": "Feature", "properties": { "confidence": 0.842, "dark_vessel": true, "matched_mmsi": null, "matched_name": null, "dist_km": 5.77 }, "geometry": { "type": "Point", "coordinates": [ 15.25703125, 55.352929687500001 ] } }
]
}
